country,year,LaborRightsPos,LawPos,PracticePos,ccode
Afghanistan,1985,34,27,26,700
Afghanistan,1986,32,25,26,700
Afghanistan,1987,32,25,26,700
Afghanistan,1988,29,25,23,700
Afghanistan,1989,30.5,25,24.5,700
Afghanistan,1990,32,25.5,25.5,700
Afghanistan,1991,34,27,26,700
Afghanistan,1992,25.5,28.5,16,700
Afghanistan,1993,27,28.5,17.5,700
Afghanistan,1994,37,28.5,27.5,700
Afghanistan,1995,25,28.5,15.5,700
Afghanistan,1996,27,28.5,17.5,700
Afghanistan,1997,32.5,28.5,23,700
Afghanistan,1998,34,28.5,24.5,700
Afghanistan,1999,35.5,28.5,26,700
Afghanistan,2000,22.5,28.5,13,700
Afghanistan,2001,35.5,28.5,26,700
Afghanistan,2002,35.5,28.5,26,700
Albania,1985,34,27,26,339
Albania,1986,34,27,26,339
Albania,1987,34,27,26,339
Albania,1988,30.5,23.5,26,339
Albania,1989,18.5,15,22.5,339
Albania,1990,23.5,15,27.5,339
Albania,1991,28.5,25.5,22,339
Albania,1992,29,27,21,339
Albania,1993,34,28.5,24.5,339
Albania,1994,35.5,28.5,26,339
Albania,1995,37,28.5,27.5,339
Albania,1996,28.75,26.75,21,339
Albania,1997,31.75,23.25,27.5,339
Albania,1998,28.25,24.75,22.5,339
Albania,1999,33.75,26.75,26,339
Albania,2000,30.75,25.25,24.5,339
Albania,2001,32.25,25.25,26,339
Albania,2002,30.75,25.25,24.5,339
Algeria,1985,30.5,23.5,26,615
Algeria,1986,27,22,24,615
Algeria,1987,28.5,23.5,24,615
Algeria,1988,29,22,26,615
Algeria,1989,29.5,25.5,23,615
Algeria,1990,24.5,22.5,21,615
Algeria,1991,31,25.5,24.5,615
Algeria,1992,28.5,27,20.5,615
Algeria,1993,32.5,27,24.5,615
Algeria,1994,26,28.5,16.5,615
Algeria,1995,27.5,24,22.5,615
Algeria,1996,20.5,22.5,17,615
Algeria,1997,22.5,22.5,19,615
Algeria,1998,26,25.5,19.5,615
Algeria,1999,27.5,24,22.5,615
Algeria,2000,24,22.5,20.5,615
Algeria,2001,21,22.5,17.5,615
Algeria,2002,17.5,21,15.5,615
Andorra,1985,,,,232
Andorra,1986,,,,232
Andorra,1987,,,,232
Andorra,1988,,,,232
Andorra,1989,,,,232
Andorra,1990,,,,232
Andorra,1991,37,28.5,27.5,232
Andorra,1992,37,28.5,27.5,232
Andorra,1993,32.5,27,24.5,232
Andorra,1994,34,28.5,24.5,232
Andorra,1995,32.5,28.5,23,232
Andorra,1996,34,28.5,24.5,232
Andorra,1997,34,28.5,24.5,232
Andorra,1998,35.5,28.5,26,232
Andorra,1999,35.5,28.5,26,232
Andorra,2000,32.5,27,24.5,232
Andorra,2001,31,28.5,21.5,232
Andorra,2002,32.5,28.5,23,232
Angola,1985,31.5,25,25.5,540
Angola,1986,33.5,25,27.5,540
Angola,1987,33.5,25,27.5,540
Angola,1988,22,15,26,540
Angola,1989,22,15,26,540
Angola,1990,23.5,15,27.5,540
Angola,1991,32.5,25.5,26,540
Angola,1992,34,28.5,24.5,540
Angola,1993,34,27,26,540
Angola,1994,34,28.5,24.5,540
Angola,1995,20.5,17,22.5,540
Angola,1996,32,28.5,22.5,540
Angola,1997,30.5,27,22.5,540
Angola,1998,32.5,28.5,23,540
Angola,1999,31,28.5,21.5,540
Angola,2000,24,27,16,540
Angola,2001,23.5,24,18.5,540
Angola,2002,26.5,25.5,20,540
Antigua and Barbuda,1985,35.5,28.5,26,58
Antigua and Barbuda,1986,34,28.5,24.5,58
Antigua and Barbuda,1987,35.5,28.5,26,58
Antigua and Barbuda,1988,35.5,28.5,26,58
Antigua and Barbuda,1989,32,27,24,58
Antigua and Barbuda,1990,35.5,28.5,26,58
Antigua and Barbuda,1991,34,27,26,58
Antigua and Barbuda,1992,34,27,26,58
Antigua and Barbuda,1993,34,27,26,58
Antigua and Barbuda,1994,35.5,28.5,26,58
Antigua and Barbuda,1995,35.5,28.5,26,58
Antigua and Barbuda,1996,35.5,28.5,26,58
Antigua and Barbuda,1997,34,27,26,58
Antigua and Barbuda,1998,35.5,27,27.5,58
Antigua and Barbuda,1999,34,27,26,58
Antigua and Barbuda,2000,34,27,26,58
Antigua and Barbuda,2001,32.5,25.5,26,58
Antigua and Barbuda,2002,37,28.5,27.5,58
Argentina,1985,25,16.5,27.5,160
Argentina,1986,37,28.5,27.5,160
Argentina,1987,35.5,28.5,26,160
Argentina,1988,34,27,26,160
Argentina,1989,20.75,22.25,17.5,160
Argentina,1990,34,27,26,160
Argentina,1991,26.5,21,24.5,160
Argentina,1992,29.5,25.5,23,160
Argentina,1993,23,24,18,160
Argentina,1994,23.75,23.75,19,160
Argentina,1995,29.5,27,21.5,160
Argentina,1996,20.25,20.75,18.5,160
Argentina,1997,18.75,20.75,17,160
Argentina,1998,20.75,20.75,19,160
Argentina,1999,27.5,24,22.5,160
Argentina,2000,23.5,25.5,17,160
Argentina,2001,18.5,25.5,12,160
Argentina,2002,21.25,23.75,16.5,160
Armenia,1985,35.5,28.5,26,371
Armenia,1986,20.5,15,24.5,371
Armenia,1987,16.5,15,20.5,371
Armenia,1988,21,17,23,371
Armenia,1989,29.5,24,24.5,371
Armenia,1990,31,27,23,371
Armenia,1991,23.5,23.5,19,371
Armenia,1992,25.5,18.5,26,371
Armenia,1993,34,28.5,24.5,371
Armenia,1994,34,28.5,24.5,371
Armenia,1995,33.5,26.5,26,371
Armenia,1996,35.5,28.5,26,371
Armenia,1997,35.5,28.5,26,371
Armenia,1998,34,28.5,24.5,371
Armenia,1999,35.5,28.5,26,371
Armenia,2000,35.5,28.5,26,371
Armenia,2001,32.5,28.5,23,371
Armenia,2002,35.5,28.5,26,371
Australia,1985,35.5,28.5,26,900
Australia,1986,35.5,28.5,26,900
Australia,1987,35.5,28.5,26,900
Australia,1988,37,28.5,27.5,900
Australia,1989,35.5,28.5,26,900
Australia,1990,35.5,27,27.5,900
Australia,1991,35,26.5,27.5,900
Australia,1992,32.5,28.5,23,900
Australia,1993,32.5,28.5,23,900
Australia,1994,34,27,26,900
Australia,1995,34,28.5,24.5,900
Australia,1996,32.25,26.75,24.5,900
Australia,1997,31,25.5,24.5,900
Australia,1998,29.5,28.5,20,900
Australia,1999,26,27,18,900
Australia,2000,29,27,21,900
Australia,2001,27.5,27,19.5,900
Australia,2002,29,27,21,900
Austria,1985,37,28.5,27.5,305
Austria,1986,37,28.5,27.5,305
Austria,1987,37,28.5,27.5,305
Austria,1988,37,28.5,27.5,305
Austria,1989,34,28.5,24.5,305
Austria,1990,37,28.5,27.5,305
Austria,1991,35.5,28.5,26,305
Austria,1992,35.5,28.5,26,305
Austria,1993,37,28.5,27.5,305
Austria,1994,35.5,28.5,26,305
Austria,1995,37,28.5,27.5,305
Austria,1996,34,28.5,24.5,305
Austria,1997,34,27,26,305
Austria,1998,35.5,27,27.5,305
Austria,1999,31,27,23,305
Austria,2000,34,28.5,24.5,305
Austria,2001,35.5,28.5,26,305
Austria,2002,34,27,26,305
Azerbaijan,1985,15.5,14,20.5,373
Azerbaijan,1986,20.5,15,24.5,373
Azerbaijan,1987,16.5,15,20.5,373
Azerbaijan,1988,21,17,23,373
Azerbaijan,1989,29.5,24,24.5,373
Azerbaijan,1990,31,27,23,373
Azerbaijan,1991,23.5,23.5,19,373
Azerbaijan,1992,34,28.5,24.5,373
Azerbaijan,1993,35.5,28.5,26,373
Azerbaijan,1994,30,28.5,20.5,373
Azerbaijan,1995,31,27,23,373
Azerbaijan,1996,19.5,15.5,23,373
Azerbaijan,1997,31,27,23,373
Azerbaijan,1998,29.5,25.5,23,373
Azerbaijan,1999,28,25.5,21.5,373
Azerbaijan,2000,26.5,25.5,20,373
Azerbaijan,2001,27.5,23.5,23,373
Azerbaijan,2002,24.5,22,21.5,373
"Bahamas, The",1985,35.5,28.5,26,31
"Bahamas, The",1986,34,28.5,24.5,31
"Bahamas, The",1987,37,28.5,27.5,31
"Bahamas, The",1988,35.5,28.5,26,31
"Bahamas, The",1989,35.5,28.5,26,31
"Bahamas, The",1990,32.5,27,24.5,31
"Bahamas, The",1991,33.5,26.5,26,31
"Bahamas, The",1992,33.5,26.5,26,31
"Bahamas, The",1993,35.5,28.5,26,31
"Bahamas, The",1994,34,27,26,31
"Bahamas, The",1995,35,26.5,27.5,31
"Bahamas, The",1996,37,28.5,27.5,31
"Bahamas, The",1997,37,28.5,27.5,31
"Bahamas, The",1998,35.5,27,27.5,31
"Bahamas, The",1999,37,28.5,27.5,31
"Bahamas, The",2000,33.5,26.5,26,31
"Bahamas, The",2001,30,24.5,24.5,31
"Bahamas, The",2002,31.5,24.5,26,31
Bahrain,1985,21,12.5,27.5,692
Bahrain,1986,11,2.5,27.5,692
Bahrain,1987,13,4.5,27.5,692
Bahrain,1988,18.5,13.5,24,692
Bahrain,1989,18.5,14.5,23,692
Bahrain,1990,23.5,16.5,26,692
Bahrain,1991,28.75,23.25,24.5,692
Bahrain,1992,12.5,7,24.5,692
Bahrain,1993,22,25,16,692
Bahrain,1994,30.5,26.5,23,692
Bahrain,1995,25,21.5,22.5,692
Bahrain,1996,19,15.5,22.5,692
Bahrain,1997,17,13.5,22.5,692
Bahrain,1998,19,15.5,22.5,692
Bahrain,1999,17.5,15.5,21,692
Bahrain,2000,12.5,14,17.5,692
Bahrain,2001,12,13,18,692
Bahrain,2002,26.5,21,24.5,692
Bangladesh,1985,24.25,22.25,21,771
Bangladesh,1986,19.25,18.75,19.5,771
Bangladesh,1987,26.25,23.75,21.5,771
Bangladesh,1988,24.75,23.75,20,771
Bangladesh,1989,12.25,18.75,12.5,771
Bangladesh,1990,20.75,19.75,20,771
Bangladesh,1991,15.75,18.25,16.5,771
Bangladesh,1992,16.25,19.75,15.5,771
Bangladesh,1993,16.25,19.75,15.5,771
Bangladesh,1994,15.25,16.75,17.5,771
Bangladesh,1995,10.25,15.75,13.5,771
Bangladesh,1996,13.25,19.75,12.5,771
Bangladesh,1997,4.75,8.25,15.5,771
Bangladesh,1998,9.75,16.75,12,771
Bangladesh,1999,6.75,15.25,10.5,771
Bangladesh,2000,13.25,18.25,14,771
Bangladesh,2001,9.75,18.25,10.5,771
Bangladesh,2002,15,21.5,12.5,771
Barbados,1985,37,28.5,27.5,53
Barbados,1986,35.5,28.5,26,53
Barbados,1987,37,28.5,27.5,53
Barbados,1988,35.5,28.5,26,53
Barbados,1989,35.5,28.5,26,53
Barbados,1990,32.5,25.5,26,53
Barbados,1991,34,28.5,24.5,53
Barbados,1992,35.5,28.5,26,53
Barbados,1993,35.5,28.5,26,53
Barbados,1994,35.5,27,27.5,53
Barbados,1995,37,28.5,27.5,53
Barbados,1996,34,27,26,53
Barbados,1997,35.5,28.5,26,53
Barbados,1998,32.5,28.5,23,53
Barbados,1999,34,28.5,24.5,53
Barbados,2000,35.5,28.5,26,53
Barbados,2001,34,28.5,24.5,53
Barbados,2002,35.5,28.5,26,53
Belarus,1985,15.5,14,20.5,370
Belarus,1986,20.5,15,24.5,370
Belarus,1987,16.5,15,20.5,370
Belarus,1988,21,17,23,370
Belarus,1989,29.5,24,24.5,370
Belarus,1990,31,27,23,370
Belarus,1991,23.5,23.5,19,370
Belarus,1992,25.5,28.5,16,370
Belarus,1993,25,28.5,15.5,370
Belarus,1994,24,28.5,14.5,370
Belarus,1995,18.5,25.5,12,370
Belarus,1996,23.5,25.5,17,370
Belarus,1997,15,24,10,370
Belarus,1998,22.5,24,17.5,370
Belarus,1999,20.5,25.5,14,370
Belarus,2000,17,25.5,10.5,370
Belarus,2001,16,22.5,12.5,370
Belarus,2002,16.5,21,14.5,370
Belgium,1985,34,28.5,24.5,211
Belgium,1986,35.5,28.5,26,211
Belgium,1987,35.5,28.5,26,211
Belgium,1988,35.5,28.5,26,211
Belgium,1989,35.5,28.5,26,211
Belgium,1990,37,28.5,27.5,211
Belgium,1991,35.5,28.5,26,211
Belgium,1992,37,28.5,27.5,211
Belgium,1993,35.5,28.5,26,211
Belgium,1994,35.5,28.5,26,211
Belgium,1995,34,28.5,24.5,211
Belgium,1996,34,28.5,24.5,211
Belgium,1997,34,28.5,24.5,211
Belgium,1998,32.5,27,24.5,211
Belgium,1999,32.5,27,24.5,211
Belgium,2000,32.5,27,24.5,211
Belgium,2001,32.5,28.5,23,211
Belgium,2002,32.5,28.5,23,211
Belize,1985,37,28.5,27.5,80
Belize,1986,37,28.5,27.5,80
Belize,1987,37,28.5,27.5,80
Belize,1988,34,27,26,80
Belize,1989,37,28.5,27.5,80
Belize,1990,34,28.5,24.5,80
Belize,1991,34,28.5,24.5,80
Belize,1992,34,28.5,24.5,80
Belize,1993,34,28.5,24.5,80
Belize,1994,35.5,28.5,26,80
Belize,1995,35.5,28.5,26,80
Belize,1996,34,28.5,24.5,80
Belize,1997,34,28.5,24.5,80
Belize,1998,35.5,28.5,26,80
Belize,1999,31,25.5,24.5,80
Belize,2000,29.5,25.5,23,80
Belize,2001,26,23.5,21.5,80
Belize,2002,28,25.5,21.5,80
Benin,1985,31,27,23,434
Benin,1986,32.5,27,24.5,434
Benin,1987,30.5,27,22.5,434
Benin,1988,30,26,23,434
Benin,1989,25.5,27,17.5,434
Benin,1990,35.5,28.5,26,434
Benin,1991,35,28.5,25.5,434
Benin,1992,35,28.5,25.5,434
Benin,1993,37,28.5,27.5,434
Benin,1994,33.5,28.5,24,434
Benin,1995,37,28.5,27.5,434
Benin,1996,35.5,28.5,26,434
Benin,1997,29.5,25.5,23,434
Benin,1998,30.5,25,24.5,434
Benin,1999,30.5,25,24.5,434
Benin,2000,25.5,23.5,21,434
Benin,2001,26,23.5,21.5,434
Benin,2002,22.5,22,19.5,434
Bhutan,1985,35.5,28.5,26,760
Bhutan,1986,35.5,28.5,26,760
Bhutan,1987,35.5,28.5,26,760
Bhutan,1988,35.5,28.5,26,760
Bhutan,1989,23.75,16.75,26,760
Bhutan,1990,17,8.5,27.5,760
Bhutan,1991,17,8.5,27.5,760
Bhutan,1992,17,8.5,27.5,760
Bhutan,1993,15,6.5,27.5,760
Bhutan,1994,15,6.5,27.5,760
Bhutan,1995,25,16.5,27.5,760
Bhutan,1996,25,16.5,27.5,760
Bhutan,1997,22.5,18.5,23,760
Bhutan,1998,23.5,16.5,26,760
Bhutan,1999,13.5,6.5,26,760
Bhutan,2000,23.5,16.5,26,760
Bhutan,2001,21.75,14.75,26,760
Bhutan,2002,23.5,16.5,26,760
Bolivia,1985,27.75,24.75,22,145
Bolivia,1986,31.25,26.75,23.5,145
Bolivia,1987,31.25,24.75,25.5,145
Bolivia,1988,29.75,24.75,24,145
Bolivia,1989,19.25,20.25,18,145
Bolivia,1990,28,24,23,145
Bolivia,1991,16.75,17.25,18.5,145
Bolivia,1992,19.75,20.25,18.5,145
Bolivia,1993,20.75,18.75,21,145
Bolivia,1994,27,22,24,145
Bolivia,1995,11.25,17.25,13,145
Bolivia,1996,16,20.5,14.5,145
Bolivia,1997,16,20.5,14.5,145
Bolivia,1998,16.5,20.5,15,145
Bolivia,1999,17.5,19,17.5,145
Bolivia,2000,10.25,15.75,13.5,145
Bolivia,2001,11.5,19,11.5,145
Bolivia,2002,14.25,15.75,17.5,145
Bosnia and Herzegovina,1985,35.5,28.5,26,346
Bosnia and Herzegovina,1986,35.5,28.5,26,346
Bosnia and Herzegovina,1987,35.5,28.5,26,346
Bosnia and Herzegovina,1988,34,28.5,24.5,346
Bosnia and Herzegovina,1989,35.5,27,27.5,346
Bosnia and Herzegovina,1990,27,28.5,17.5,346
Bosnia and Herzegovina,1991,17.25,25.25,11,346
Bosnia and Herzegovina,1992,24,28.5,14.5,346
Bosnia and Herzegovina,1993,37,28.5,27.5,346
Bosnia and Herzegovina,1994,35.5,28.5,26,346
Bosnia and Herzegovina,1995,37,28.5,27.5,346
Bosnia and Herzegovina,1996,37,28.5,27.5,346
Bosnia and Herzegovina,1997,37,28.5,27.5,346
Bosnia and Herzegovina,1998,35,28.5,25.5,346
Bosnia and Herzegovina,1999,37,28.5,27.5,346
Bosnia and Herzegovina,2000,32.5,27,24.5,346
Bosnia and Herzegovina,2001,28,27,20,346
Bosnia and Herzegovina,2002,29.5,25.5,23,346
Botswana,1985,30.5,25.5,24,571
Botswana,1986,32.5,25.5,26,571
Botswana,1987,30.5,25.5,24,571
Botswana,1988,31,25.5,24.5,571
Botswana,1989,24.5,23.5,20,571
Botswana,1990,32,23.5,27.5,571
Botswana,1991,26,23.5,21.5,571
Botswana,1992,29.5,22.5,26,571
Botswana,1993,27.5,20.5,26,571
Botswana,1994,30.25,21.75,27.5,571
Botswana,1995,30.5,22,27.5,571
Botswana,1996,24.25,20.75,22.5,571
Botswana,1997,24.25,20.75,22.5,571
Botswana,1998,23.75,18.75,24,571
Botswana,1999,22.75,19.25,22.5,571
Botswana,2000,24.5,19.5,24,571
Botswana,2001,20.5,18,21.5,571
Botswana,2002,20.25,16.25,23,571
Brazil,1985,24,26,17,140
Brazil,1986,26,26,19,140
Brazil,1987,24,24.5,18.5,140
Brazil,1988,20.5,24,15.5,140
Brazil,1989,18.25,20.25,17,140
Brazil,1990,29,27,21,140
Brazil,1991,26.5,27,18.5,140
Brazil,1992,24.5,27,16.5,140
Brazil,1993,28.5,27,20.5,140
Brazil,1994,22,27,14,140
Brazil,1995,22,25.5,15.5,140
Brazil,1996,27,25.5,20.5,140
Brazil,1997,24,24,19,140
Brazil,1998,25.75,23.75,21,140
Brazil,1999,22.75,24.25,17.5,140
Brazil,2000,15.25,20.25,14,140
Brazil,2001,16.5,23.5,12,140
Brazil,2002,13,23.5,8.5,140
Brunei,1985,32.5,24,27.5,835
Brunei,1986,37,28.5,27.5,835
Brunei,1987,37,28.5,27.5,835
Brunei,1988,34.5,26,27.5,835
Brunei,1989,35.5,27,27.5,835
Brunei,1990,34,28.5,24.5,835
Brunei,1991,34,28.5,24.5,835
Brunei,1992,30.75,23.75,26,835
Brunei,1993,35.5,27,27.5,835
Brunei,1994,32.5,27,24.5,835
Brunei,1995,34,25.5,27.5,835
Brunei,1996,34.5,27.5,26,835
Brunei,1997,32.5,27,24.5,835
Brunei,1998,34,27,26,835
Brunei,1999,26,23.5,21.5,835
Brunei,2000,32.5,27,24.5,835
Brunei,2001,29,23.5,24.5,835
Brunei,2002,32,25,26,835
Bulgaria,1985,19,15,23,355
Bulgaria,1986,19,15,23,355
Bulgaria,1987,26.5,22.5,23,355
Bulgaria,1988,32,25,26,355
Bulgaria,1989,26.5,25,20.5,355
Bulgaria,1990,31,25.5,24.5,355
Bulgaria,1991,31,27,23,355
Bulgaria,1992,29.5,25.5,23,355
Bulgaria,1993,29.25,25.25,23,355
Bulgaria,1994,26,24,21,355
Bulgaria,1995,27.5,24,22.5,355
Bulgaria,1996,24.25,23.75,19.5,355
Bulgaria,1997,27.5,25.5,21,355
Bulgaria,1998,25.75,23.25,21.5,355
Bulgaria,1999,24.75,22.25,21.5,355
Bulgaria,2000,24.5,25.5,18,355
Bulgaria,2001,26,27,18,355
Bulgaria,2002,26,27,18,355
Burkina Faso,1985,26.5,28.5,17,439
Burkina Faso,1986,34,28.5,24.5,439
Burkina Faso,1987,34,28.5,24.5,439
Burkina Faso,1988,32,28.5,22.5,439
Burkina Faso,1989,32.5,28.5,23,439
Burkina Faso,1990,29,27,21,439
Burkina Faso,1991,33.5,28.5,24,439
Burkina Faso,1992,35.5,28.5,26,439
Burkina Faso,1993,33.5,26.5,26,439
Burkina Faso,1994,34,28.5,24.5,439
Burkina Faso,1995,35,26.5,27.5,439
Burkina Faso,1996,37,28.5,27.5,439
Burkina Faso,1997,34,28.5,24.5,439
Burkina Faso,1998,32,25,26,439
Burkina Faso,1999,29,27,21,439
Burkina Faso,2000,23.5,27,15.5,439
Burkina Faso,2001,26.5,25,20.5,439
Burkina Faso,2002,32,25,26,439
Burundi,1985,32.5,25.5,26,516
Burundi,1986,34,25.5,27.5,516
Burundi,1987,34,25.5,27.5,516
Burundi,1988,31,24,26,516
Burundi,1989,29.5,22.5,26,516
Burundi,1990,28,21,26,516
Burundi,1991,31,24,26,516
Burundi,1992,34,28.5,24.5,516
Burundi,1993,35.5,28.5,26,516
Burundi,1994,30.5,25,24.5,516
Burundi,1995,32.5,27,24.5,516
Burundi,1996,32.5,27,24.5,516
Burundi,1997,32.5,28.5,23,516
Burundi,1998,31.5,26.5,24,516
Burundi,1999,29.5,27,21.5,516
Burundi,2000,23.75,21.75,21,516
Burundi,2001,21,20.5,19.5,516
Burundi,2002,20,22,17,516
Cambodia,1985,24,17,26,811
Cambodia,1986,32,25,26,811
Cambodia,1987,32,25,26,811
Cambodia,1988,31,27,23,811
Cambodia,1989,23.5,15,27.5,811
Cambodia,1990,22,15,26,811
Cambodia,1991,15,6.5,27.5,811
Cambodia,1992,30.5,23.5,26,811
Cambodia,1993,31,25.5,24.5,811
Cambodia,1994,34,27,26,811
Cambodia,1995,34,25.5,27.5,811
Cambodia,1996,25.25,20.25,24,811
Cambodia,1997,16.25,18.25,17,811
Cambodia,1998,19.5,20,18.5,811
Cambodia,1999,26,23.5,21.5,811
Cambodia,2000,20.25,24.75,14.5,811
Cambodia,2001,25.5,25,19.5,811
Cambodia,2002,23.5,26.5,16,811
Cameroon,1985,25.5,20.5,24,471
Cameroon,1986,29.5,22.5,26,471
Cameroon,1987,29,22,26,471
Cameroon,1988,29.5,22.5,26,471
Cameroon,1989,20,16,23,471
Cameroon,1990,25.5,20,24.5,471
Cameroon,1991,23.5,16.5,26,471
Cameroon,1992,29,22,26,471
Cameroon,1993,22.5,21,20.5,471
Cameroon,1994,15.25,15.75,18.5,471
Cameroon,1995,19.5,19.5,19,471
Cameroon,1996,18,19,18,471
Cameroon,1997,23,19,23,471
Cameroon,1998,24,20.5,22.5,471
Cameroon,1999,21,19,21,471
Cameroon,2000,17,21,15,471
Cameroon,2001,17.5,19.5,17,471
Cameroon,2002,18,19,18,471
Canada,1985,27.75,25.25,21.5,20
Canada,1986,25.75,23.75,21,20
Canada,1987,27.25,23.75,22.5,20
Canada,1988,31,25.5,24.5,20
Canada,1989,32.5,27,24.5,20
Canada,1990,35.5,28.5,26,20
Canada,1991,27.25,23.25,23,20
Canada,1992,32.25,26.75,24.5,20
Canada,1993,30.5,25,24.5,20
Canada,1994,28.75,23.25,24.5,20
Canada,1995,29.5,27,21.5,20
Canada,1996,29,23.5,24.5,20
Canada,1997,29,25,23,20
Canada,1998,27,25,21,20
Canada,1999,28.75,23.25,24.5,20
Canada,2000,28.75,23.25,24.5,20
Canada,2001,25.75,23.25,21.5,20
Canada,2002,25.75,23.25,21.5,20
Cape Verde,1985,35.5,28.5,26,402
Cape Verde,1986,37,28.5,27.5,402
Cape Verde,1987,35.5,28.5,26,402
Cape Verde,1988,33,27.5,24.5,402
Cape Verde,1989,32.5,28.5,23,402
Cape Verde,1990,35.5,28.5,26,402
Cape Verde,1991,35,28.5,25.5,402
Cape Verde,1992,35,28.5,25.5,402
Cape Verde,1993,30.5,27,22.5,402
Cape Verde,1994,32.5,28.5,23,402
Cape Verde,1995,33.5,28.5,24,402
Cape Verde,1996,30.5,28.5,21,402
Cape Verde,1997,32.5,28.5,23,402
Cape Verde,1998,30,28.5,20.5,402
Cape Verde,1999,32.5,28.5,23,402
Cape Verde,2000,32.5,28.5,23,402
Cape Verde,2001,34,28.5,24.5,402
Cape Verde,2002,32.5,28.5,23,402
Central African Republic,1985,18.5,18.5,19,482
Central African Republic,1986,15.5,8.5,26,482
Central African Republic,1987,10,8.5,20.5,482
Central African Republic,1988,17,14.5,21.5,482
Central African Republic,1989,28.5,23,24.5,482
Central African Republic,1990,25.5,22.5,22,482
Central African Republic,1991,21.5,24,16.5,482
Central African Republic,1992,18.5,23.5,14,482
Central African Republic,1993,24.5,24,19.5,482
Central African Republic,1994,29,25.5,22.5,482
Central African Republic,1995,24.5,22.5,21,482
Central African Republic,1996,18.5,21,16.5,482
Central African Republic,1997,24.5,22.5,21,482
Central African Republic,1998,19,24,14,482
Central African Republic,1999,24,24,19,482
Central African Republic,2000,20.5,24,15.5,482
Central African Republic,2001,24,25.5,17.5,482
Central African Republic,2002,26.5,22.5,23,482
Chad,1985,32,23.5,27.5,483
Chad,1986,30,23,26,483
Chad,1987,32,25,26,483
Chad,1988,26.5,21,24.5,483
Chad,1989,22.5,18.5,23,483
Chad,1990,29,24,24,483
Chad,1991,27.5,22.5,24,483
Chad,1992,23,27,15,483
Chad,1993,6,11.5,13.5,483
Chad,1994,23,22.5,19.5,483
Chad,1995,22.5,22,19.5,483
Chad,1996,17,19,17,483
Chad,1997,27.5,22,24.5,483
Chad,1998,29.5,25.5,23,483
Chad,1999,35.5,28.5,26,483
Chad,2000,30.5,27,22.5,483
Chad,2001,21,25.5,14.5,483
Chad,2002,26.5,25.5,20,483
Chile,1985,10.25,19.25,10,155
Chile,1986,17,24.5,11.5,155
Chile,1987,12.25,21.25,10,155
Chile,1988,17,24,12,155
Chile,1989,22.5,24.5,17,155
Chile,1990,32.5,28.5,23,155
Chile,1991,27.25,23.25,23,155
Chile,1992,25.75,24.75,20,155
Chile,1993,28.75,24.75,23,155
Chile,1994,30.5,23.5,26,155
Chile,1995,32.25,26.75,24.5,155
Chile,1996,33.25,26.75,25.5,155
Chile,1997,24.25,20.25,23,155
Chile,1998,24.25,22.25,21,155
Chile,1999,26.25,20.75,24.5,155
Chile,2000,20.25,20.25,19,155
Chile,2001,19.75,21.75,17,155
Chile,2002,25.5,23.5,21,155
China,1985,22.5,17,24.5,710
China,1986,19,15,23,710
China,1987,19,15,23,710
China,1988,21,17,23,710
China,1989,14,15,18,710
China,1990,14.5,10.5,23,710
China,1991,15.5,14,20.5,710
China,1992,13.5,13.5,19,710
China,1993,17.75,19.25,17.5,710
China,1994,20.25,18.75,20.5,710
China,1995,9.5,9,19.5,710
China,1996,19.5,17.5,21,710
China,1997,19.5,24,14.5,710
China,1998,20,19.5,19.5,710
China,1999,17.5,19,17.5,710
China,2000,15.5,20.5,14,710
China,2001,20.5,23.5,16,710
China,2002,21.5,23.5,17,710
Colombia,1985,27,27,19,100
Colombia,1986,22,28.5,12.5,100
Colombia,1987,26,28.5,16.5,100
Colombia,1988,16.5,24,11.5,100
Colombia,1989,14.75,22.25,11.5,100
Colombia,1990,12.5,19.5,12,100
Colombia,1991,13.25,20.75,11.5,100
Colombia,1992,13.25,22.25,10,100
Colombia,1993,17.5,22.5,14,100
Colombia,1994,16.25,23.75,11.5,100
Colombia,1995,12.25,20.75,10.5,100
Colombia,1996,13.25,17.25,15,100
Colombia,1997,14.75,17.25,16.5,100
Colombia,1998,8.75,17.25,10.5,100
Colombia,1999,13.25,20.75,11.5,100
Colombia,2000,7.25,15.75,10.5,100
Colombia,2001,11.25,18.25,12,100
Colombia,2002,13.25,20.25,12,100
Comoros,1985,34,28.5,24.5,581
Comoros,1986,35.5,28.5,26,581
Comoros,1987,37,28.5,27.5,581
Comoros,1988,37,28.5,27.5,581
Comoros,1989,34,28.5,24.5,581
Comoros,1990,35.5,28.5,26,581
Comoros,1991,34,28.5,24.5,581
Comoros,1992,33.75,26.75,26,581
Comoros,1993,35.5,28.5,26,581
Comoros,1994,35.5,28.5,26,581
Comoros,1995,35.5,28.5,26,581
Comoros,1996,32.5,28.5,23,581
Comoros,1997,30,28.5,20.5,581
Comoros,1998,27,28.5,17.5,581
Comoros,1999,32.5,28.5,23,581
Comoros,2000,31,28.5,21.5,581
Comoros,2001,35.5,28.5,26,581
Comoros,2002,32.5,28.5,23,581
"Congo, Dem. Rep.",1985,29,24,24,490
"Congo, Dem. Rep.",1986,31,24,26,490
"Congo, Dem. Rep.",1987,31,24,26,490
"Congo, Dem. Rep.",1988,31,24,26,490
"Congo, Dem. Rep.",1989,24.75,22.25,21.5,490
"Congo, Dem. Rep.",1990,32.5,24,27.5,490
"Congo, Dem. Rep.",1991,23.5,27,15.5,490
"Congo, Dem. Rep.",1992,29,26.5,21.5,490
"Congo, Dem. Rep.",1993,29.5,27,21.5,490
"Congo, Dem. Rep.",1994,23,25,17,490
"Congo, Dem. Rep.",1995,17,25.5,10.5,490
"Congo, Dem. Rep.",1996,12,23.5,7.5,490
"Congo, Dem. Rep.",1997,12,25,6,490
"Congo, Dem. Rep.",1998,17.25,21.75,14.5,490
"Congo, Dem. Rep.",1999,25.5,25,19.5,490
"Congo, Dem. Rep.",2000,18.5,23.5,14,490
"Congo, Dem. Rep.",2001,20.25,21.75,17.5,490
"Congo, Dem. Rep.",2002,18.75,20.25,17.5,490
"Congo, Rep.",1985,32,23.5,27.5,484
"Congo, Rep.",1986,32,23.5,27.5,484
"Congo, Rep.",1987,34,25.5,27.5,484
"Congo, Rep.",1988,29,23.5,24.5,484
"Congo, Rep.",1989,33.5,25,27.5,484
"Congo, Rep.",1990,31,27,23,484
"Congo, Rep.",1991,31,25.5,24.5,484
"Congo, Rep.",1992,34,28.5,24.5,484
"Congo, Rep.",1993,34,28.5,24.5,484
"Congo, Rep.",1994,32,27,24,484
"Congo, Rep.",1995,26,26.5,18.5,484
"Congo, Rep.",1996,28,27,20,484
"Congo, Rep.",1997,32.5,27,24.5,484
"Congo, Rep.",1998,34,28.5,24.5,484
"Congo, Rep.",1999,32.5,27,24.5,484
"Congo, Rep.",2000,34,27,26,484
"Congo, Rep.",2001,34,27,26,484
"Congo, Rep.",2002,32,25,26,484
Costa Rica,1985,16.75,22.25,13.5,94
Costa Rica,1986,30.5,25.5,24,94
Costa Rica,1987,32.5,25.5,26,94
Costa Rica,1988,29.5,25.5,23,94
Costa Rica,1989,24.25,25.25,18,94
Costa Rica,1990,31,25.5,24.5,94
Costa Rica,1991,25.75,25.25,19.5,94
Costa Rica,1992,27.75,25.25,21.5,94
Costa Rica,1993,22.25,21.75,19.5,94
Costa Rica,1994,17.25,20.25,16,94
Costa Rica,1995,25.75,22.25,22.5,94
Costa Rica,1996,20.75,20.25,19.5,94
Costa Rica,1997,22.25,21.75,19.5,94
Costa Rica,1998,24.25,21.75,21.5,94
Costa Rica,1999,21.75,21.75,19,94
Costa Rica,2000,21.25,22.25,18,94
Costa Rica,2001,18.25,18.75,18.5,94
Costa Rica,2002,19.25,20.25,18,94
Cote d'Ivoire,1985,34,27,26,437
Cote d'Ivoire,1986,35.5,27,27.5,437
Cote d'Ivoire,1987,30.5,25.5,24,437
Cote d'Ivoire,1988,27,27,19,437
Cote d'Ivoire,1989,28,24.5,22.5,437
Cote d'Ivoire,1990,32.25,23.75,27.5,437
Cote d'Ivoire,1991,30.5,24,25.5,437
Cote d'Ivoire,1992,25,25.5,18.5,437
Cote d'Ivoire,1993,25.5,24,20.5,437
Cote d'Ivoire,1994,27.5,24,22.5,437
Cote d'Ivoire,1995,26.5,27,18.5,437
Cote d'Ivoire,1996,30.75,23.75,26,437
Cote d'Ivoire,1997,30,28.5,20.5,437
Cote d'Ivoire,1998,31,27,23,437
Cote d'Ivoire,1999,32.5,27,24.5,437
Cote d'Ivoire,2000,25.5,27,17.5,437
Cote d'Ivoire,2001,28,25,22,437
Cote d'Ivoire,2002,20.25,20.25,19,437
Croatia,1985,35.5,28.5,26,344
Croatia,1986,35.5,28.5,26,344
Croatia,1987,35.5,28.5,26,344
Croatia,1988,34,28.5,24.5,344
Croatia,1989,35.5,27,27.5,344
Croatia,1990,27,28.5,17.5,344
Croatia,1991,17.25,25.25,11,344
Croatia,1992,32.5,28.5,23,344
Croatia,1993,24,17,26,344
Croatia,1994,26,25.5,19.5,344
Croatia,1995,25.75,25.25,19.5,344
Croatia,1996,29.5,27,21.5,344
Croatia,1997,24.5,25.5,18,344
Croatia,1998,19,25.5,12.5,344
Croatia,1999,24,25.5,17.5,344
Croatia,2000,26,25.5,19.5,344
Croatia,2001,24.5,25.5,18,344
Croatia,2002,24.5,27,16.5,344
Cuba,1985,31.5,25,25.5,40
Cuba,1986,22,15,26,40
Cuba,1987,22,15,26,40
Cuba,1988,29,25,23,40
Cuba,1989,30,25,24,40
Cuba,1990,20,15,24,40
Cuba,1991,22,22,19,40
Cuba,1992,12,12,19,40
Cuba,1993,11.5,12,18.5,40
Cuba,1994,10,12,17,40
Cuba,1995,14.5,12,21.5,40
Cuba,1996,24,23.5,19.5,40
Cuba,1997,15.5,12,22.5,40
Cuba,1998,23.5,20,22.5,40
Cuba,1999,14,12,21,40
Cuba,2000,24,24,19,40
Cuba,2001,10,13.5,15.5,40
Cuba,2002,9,10.5,17.5,40
Cyprus,1985,35.5,27,27.5,352
Cyprus,1986,35.5,27,27.5,352
Cyprus,1987,37,28.5,27.5,352
Cyprus,1988,35.5,28.5,26,352
Cyprus,1989,32,25.5,25.5,352
Cyprus,1990,35.5,27,27.5,352
Cyprus,1991,34,25.5,27.5,352
Cyprus,1992,34,27,26,352
Cyprus,1993,35.5,28.5,26,352
Cyprus,1994,35.5,28.5,26,352
Cyprus,1995,32.5,27,24.5,352
Cyprus,1996,31,28.5,21.5,352
Cyprus,1997,32.5,27,24.5,352
Cyprus,1998,31,27,23,352
Cyprus,1999,29.5,27,21.5,352
Cyprus,2000,23.5,27,15.5,352
Cyprus,2001,19.5,25,13.5,352
Cyprus,2002,25.5,25,19.5,352
Czech Republic,1985,21.5,15,25.5,315
Czech Republic,1986,16.5,13.5,22,315
Czech Republic,1987,16,15,20,315
Czech Republic,1988,16.5,13.5,22,315
Czech Republic,1989,18,13.5,23.5,315
Czech Republic,1990,35.5,28.5,26,315
Czech Republic,1991,34,28.5,24.5,316
Czech Republic,1992,34,27,26,316
Czech Republic,1993,30.25,23.25,26,316
Czech Republic,1994,34,28.5,24.5,316
Czech Republic,1995,30.25,23.25,26,316
Czech Republic,1996,27.25,23.25,23,316
Czech Republic,1997,29.5,25.5,23,316
Czech Republic,1998,29.5,27,21.5,316
Czech Republic,1999,29.5,25.5,23,316
Czech Republic,2000,25.75,25.25,19.5,316
Czech Republic,2001,21.25,23.75,16.5,316
Czech Republic,2002,19.75,25.25,13.5,316
Czechoslovakia,1991,34,28.5,24.5,315
Czechoslovakia,1992,34,27,26,315
Czechoslovakia,1993,,,,315
Czechoslovakia,1994,,,,315
Czechoslovakia,1995,,,,315
Czechoslovakia,1996,,,,315
Czechoslovakia,1997,,,,315
Czechoslovakia,1998,,,,315
Czechoslovakia,1999,,,,315
Czechoslovakia,2000,,,,315
Czechoslovakia,2001,,,,315
Czechoslovakia,2002,,,,315
Denmark,1985,35.5,28.5,26,390
Denmark,1986,34,28.5,24.5,390
Denmark,1987,37,28.5,27.5,390
Denmark,1988,32.25,25.25,26,390
Denmark,1989,30.25,23.25,26,390
Denmark,1990,32.25,25.25,26,390
Denmark,1991,31.75,23.25,27.5,390
Denmark,1992,35.5,27,27.5,390
Denmark,1993,35.25,26.75,27.5,390
Denmark,1994,32.5,27,24.5,390
Denmark,1995,35.5,28.5,26,390
Denmark,1996,31,25.5,24.5,390
Denmark,1997,33.75,26.75,26,390
Denmark,1998,32.25,25.25,26,390
Denmark,1999,33.75,25.25,27.5,390
Denmark,2000,34,27,26,390
Denmark,2001,33.75,25.25,27.5,390
Denmark,2002,34,27,26,390
Djibouti,1985,35.5,27,27.5,522
Djibouti,1986,35.5,27,27.5,522
Djibouti,1987,34,28.5,24.5,522
Djibouti,1988,34,27,26,522
Djibouti,1989,35.5,28.5,26,522
Djibouti,1990,32.5,28.5,23,522
Djibouti,1991,34,27,26,522
Djibouti,1992,29,27,21,522
Djibouti,1993,35.5,28.5,26,522
Djibouti,1994,24.5,28.5,15,522
Djibouti,1995,23,26.5,15.5,522
Djibouti,1996,22.5,26.5,15,522
Djibouti,1997,20,22,17,522
Djibouti,1998,16.5,22,13.5,522
Djibouti,1999,12.5,19,12.5,522
Djibouti,2000,18.5,20,17.5,522
Djibouti,2001,12,19,12,522
Djibouti,2002,24,22,21,522
Dominica,1985,37,28.5,27.5,54
Dominica,1986,37,28.5,27.5,54
Dominica,1987,37,28.5,27.5,54
Dominica,1988,35.5,28.5,26,54
Dominica,1989,35,26.5,27.5,54
Dominica,1990,33.5,25,27.5,54
Dominica,1991,35,26.5,27.5,54
Dominica,1992,35.5,28.5,26,54
Dominica,1993,35.5,28.5,26,54
Dominica,1994,37,28.5,27.5,54
Dominica,1995,37,28.5,27.5,54
Dominica,1996,37,28.5,27.5,54
Dominica,1997,37,28.5,27.5,54
Dominica,1998,37,28.5,27.5,54
Dominica,1999,37,28.5,27.5,54
Dominica,2000,34,25.5,27.5,54
Dominica,2001,32.5,24,27.5,54
Dominica,2002,32.5,24,27.5,54
Dominican Republic,1985,26,28.5,16.5,42
Dominican Republic,1986,22.5,28.5,13,42
Dominican Republic,1987,31.5,28.5,22,42
Dominican Republic,1988,23.5,21.5,21,42
Dominican Republic,1989,20,22,17,42
Dominican Republic,1990,15.25,17.25,17,42
Dominican Republic,1991,20.75,16.75,23,42
Dominican Republic,1992,32,26.5,24.5,42
Dominican Republic,1993,23.5,25.5,17,42
Dominican Republic,1994,25,26.5,17.5,42
Dominican Republic,1995,20,25,14,42
Dominican Republic,1996,27,26.5,19.5,42
Dominican Republic,1997,22.5,24,17.5,42
Dominican Republic,1998,24.5,25,18.5,42
Dominican Republic,1999,28.5,28.5,19,42
Dominican Republic,2000,18,23,14,42
Dominican Republic,2001,17.5,22,14.5,42
Dominican Republic,2002,18.5,23,14.5,42
Ecuador,1985,22.5,25,16.5,130
Ecuador,1986,25.25,23.75,20.5,130
Ecuador,1987,22.25,21.75,19.5,130
Ecuador,1988,24.75,21.75,22,130
Ecuador,1989,19.75,20.25,18.5,130
Ecuador,1990,22.25,20.25,21,130
Ecuador,1991,20.75,18.75,21,130
Ecuador,1992,17.25,16.75,19.5,130
Ecuador,1993,22.25,20.25,21,130
Ecuador,1994,12.25,18.25,13,130
Ecuador,1995,18.25,18.25,19,130
Ecuador,1996,24,20,23,130
Ecuador,1997,16,15.5,19.5,130
Ecuador,1998,13.75,18.75,14,130
Ecuador,1999,11.75,15.25,15.5,130
Ecuador,2000,13.75,15.25,17.5,130
Ecuador,2001,9.25,12.25,16,130
Ecuador,2002,12.75,17.25,14.5,130
"Egypt, Arab Rep.",1985,26.5,22.5,23,651
"Egypt, Arab Rep.",1986,19,15.5,22.5,651
"Egypt, Arab Rep.",1987,18,14.5,22.5,651
"Egypt, Arab Rep.",1988,24.25,20.75,22.5,651
"Egypt, Arab Rep.",1989,15.75,19.25,15.5,651
"Egypt, Arab Rep.",1990,27.5,23.5,23,651
"Egypt, Arab Rep.",1991,20.5,18.5,21,651
"Egypt, Arab Rep.",1992,30.5,25,24.5,651
"Egypt, Arab Rep.",1993,18.75,15.25,22.5,651
"Egypt, Arab Rep.",1994,9.75,15.25,13.5,651
"Egypt, Arab Rep.",1995,15,16,18,651
"Egypt, Arab Rep.",1996,18,15.5,21.5,651
"Egypt, Arab Rep.",1997,19,20.5,17.5,651
"Egypt, Arab Rep.",1998,13.75,17.25,15.5,651
"Egypt, Arab Rep.",1999,16.5,16,19.5,651
"Egypt, Arab Rep.",2000,14.5,16,17.5,651
"Egypt, Arab Rep.",2001,13.5,15.5,17,651
"Egypt, Arab Rep.",2002,13.5,12.5,20,651
El Salvador,1985,25.75,23.25,21.5,92
El Salvador,1986,23,23.5,18.5,92
El Salvador,1987,24.5,22,21.5,92
El Salvador,1988,17.5,23,13.5,92
El Salvador,1989,14,20,13,92
El Salvador,1990,17.5,18.5,18,92
El Salvador,1991,19.25,21.75,16.5,92
El Salvador,1992,19.75,22.25,16.5,92
El Salvador,1993,20.25,18.75,20.5,92
El Salvador,1994,11.75,16.75,14,92
El Salvador,1995,24.75,21.75,22,92
El Salvador,1996,20.75,18.75,21,92
El Salvador,1997,20.25,16.75,22.5,92
El Salvador,1998,20.75,15.25,24.5,92
El Salvador,1999,17.75,15.25,21.5,92
El Salvador,2000,13.75,12.75,20,92
El Salvador,2001,12.75,15.25,16.5,92
El Salvador,2002,14.25,15.25,18,92
Equatorial Guinea,1985,35.5,28.5,26,411
Equatorial Guinea,1986,27,18.5,27.5,411
Equatorial Guinea,1987,27,18.5,27.5,411
Equatorial Guinea,1988,32,26.5,24.5,411
Equatorial Guinea,1989,23.5,16.5,26,411
Equatorial Guinea,1990,22,16.5,24.5,411
Equatorial Guinea,1991,22,16.5,24.5,411
Equatorial Guinea,1992,21.5,16.5,24,411
Equatorial Guinea,1993,30.5,26.5,23,411
Equatorial Guinea,1994,30.5,26.5,23,411
Equatorial Guinea,1995,23.5,16.5,26,411
Equatorial Guinea,1996,29,25,23,411
Equatorial Guinea,1997,26,23.5,21.5,411
Equatorial Guinea,1998,12.25,11.75,19.5,411
Equatorial Guinea,1999,25.5,23.5,21,411
Equatorial Guinea,2000,26,23.5,21.5,411
Equatorial Guinea,2001,26,25.5,19.5,411
Equatorial Guinea,2002,27.5,25.5,21,411
Eritrea,1985,20,13,26,531
Eritrea,1986,28.5,23,24.5,531
Eritrea,1987,30.5,25,24.5,531
Eritrea,1988,32,25,26,531
Eritrea,1989,24.5,19,24.5,531
Eritrea,1990,25.75,20.25,24.5,531
Eritrea,1991,22.5,20.5,21,531
Eritrea,1992,26,22,23,531
Eritrea,1993,34,28.5,24.5,531
Eritrea,1994,37,28.5,27.5,531
Eritrea,1995,37,28.5,27.5,531
Eritrea,1996,37,28.5,27.5,531
Eritrea,1997,35.5,28.5,26,531
Eritrea,1998,35.5,28.5,26,531
Eritrea,1999,33.5,26.5,26,531
Eritrea,2000,33.5,25,27.5,531
Eritrea,2001,33.5,25,27.5,531
Eritrea,2002,32,25,26,531
Estonia,1985,37,28.5,27.5,366
Estonia,1986,34,27,26,366
Estonia,1987,32.5,27,24.5,366
Estonia,1988,23.5,15,27.5,366
Estonia,1989,34,27,26,366
Estonia,1990,25.5,17,27.5,366
Estonia,1991,24,15.5,27.5,366
Estonia,1992,37,28.5,27.5,366
Estonia,1993,37,28.5,27.5,366
Estonia,1994,37,28.5,27.5,366
Estonia,1995,37,28.5,27.5,366
Estonia,1996,37,28.5,27.5,366
Estonia,1997,37,28.5,27.5,366
Estonia,1998,32,25.5,25.5,366
Estonia,1999,32.5,24,27.5,366
Estonia,2000,34,27,26,366
Estonia,2001,35.5,27,27.5,366
Estonia,2002,35.5,28.5,26,366
Ethiopia,1985,20,13,26,530
Ethiopia,1986,28.5,23,24.5,530
Ethiopia,1987,30.5,25,24.5,530
Ethiopia,1988,32,25,26,530
Ethiopia,1989,24.5,19,24.5,530
Ethiopia,1990,25.75,20.25,24.5,530
Ethiopia,1991,22.5,20.5,21,530
Ethiopia,1992,26,22,23,530
Ethiopia,1993,32,25,26,530
Ethiopia,1994,18,22,15,530
Ethiopia,1995,18,20.5,16.5,530
Ethiopia,1996,16.75,18.75,17,530
Ethiopia,1997,21.5,20.5,20,530
Ethiopia,1998,11.5,19,11.5,530
Ethiopia,1999,7.25,14.25,12,530
Ethiopia,2000,13.75,17.25,15.5,530
Ethiopia,2001,12.25,14.25,17,530
Ethiopia,2002,12.25,15.75,15.5,530
Fiji,1985,37,28.5,27.5,950
Fiji,1986,34,27,26,950
Fiji,1987,24,27.5,15.5,950
Fiji,1988,20.5,25.5,14,950
Fiji,1989,23,23,19,950
Fiji,1990,32,28.5,22.5,950
Fiji,1991,17.5,22,14.5,950
Fiji,1992,24,22.5,20.5,950
Fiji,1993,18,11,26,950
Fiji,1994,20,23.5,15.5,950
Fiji,1995,25,19.5,24.5,950
Fiji,1996,18.5,20.5,17,950
Fiji,1997,24,20,23,950
Fiji,1998,22.5,20,21.5,950
Fiji,1999,25.5,24.5,20,950
Fiji,2000,14.75,19.75,14,950
Fiji,2001,27.5,25,21.5,950
Fiji,2002,24.5,23.5,20,950
Finland,1985,37,28.5,27.5,375
Finland,1986,37,28.5,27.5,375
Finland,1987,37,28.5,27.5,375
Finland,1988,37,28.5,27.5,375
Finland,1989,37,28.5,27.5,375
Finland,1990,37,28.5,27.5,375
Finland,1991,35.5,28.5,26,375
Finland,1992,37,28.5,27.5,375
Finland,1993,34,27,26,375
Finland,1994,37,28.5,27.5,375
Finland,1995,37,28.5,27.5,375
Finland,1996,35.5,28.5,26,375
Finland,1997,37,28.5,27.5,375
Finland,1998,37,28.5,27.5,375
Finland,1999,37,28.5,27.5,375
Finland,2000,35.5,28.5,26,375
Finland,2001,37,28.5,27.5,375
Finland,2002,35.5,28.5,26,375
France,1985,37,28.5,27.5,220
France,1986,37,28.5,27.5,220
France,1987,35.5,28.5,26,220
France,1988,37,28.5,27.5,220
France,1989,35.5,28.5,26,220
France,1990,35.5,28.5,26,220
France,1991,37,28.5,27.5,220
France,1992,37,28.5,27.5,220
France,1993,37,28.5,27.5,220
France,1994,37,28.5,27.5,220
France,1995,37,28.5,27.5,220
France,1996,37,28.5,27.5,220
France,1997,35.5,28.5,26,220
France,1998,35.5,28.5,26,220
France,1999,37,28.5,27.5,220
France,2000,37,28.5,27.5,220
France,2001,37,28.5,27.5,220
France,2002,37,28.5,27.5,220
Gabon,1985,27.5,20.5,26,481
Gabon,1986,27.5,20.5,26,481
Gabon,1987,29,20.5,27.5,481
Gabon,1988,30.5,22,27.5,481
Gabon,1989,28.5,20,27.5,481
Gabon,1990,27.5,22,24.5,481
Gabon,1991,25,25.5,18.5,481
Gabon,1992,27.5,24,22.5,481
Gabon,1993,29,24,24,481
Gabon,1994,25.5,25.5,19,481
Gabon,1995,31,24,26,481
Gabon,1996,34,28.5,24.5,481
Gabon,1997,34,27,26,481
Gabon,1998,35.5,27,27.5,481
Gabon,1999,26.5,27,18.5,481
Gabon,2000,30.5,27,22.5,481
Gabon,2001,30.5,27,22.5,481
Gabon,2002,29.5,25.5,23,481
"Gambia, The",1985,35.5,27,27.5,420
"Gambia, The",1986,35.5,27,27.5,420
"Gambia, The",1987,34,25.5,27.5,420
"Gambia, The",1988,35.5,27,27.5,420
"Gambia, The",1989,35.5,28.5,26,420
"Gambia, The",1990,35.5,27,27.5,420
"Gambia, The",1991,32,23.5,27.5,420
"Gambia, The",1992,30.5,23.5,26,420
"Gambia, The",1993,31.75,24.75,26,420
"Gambia, The",1994,32,25,26,420
"Gambia, The",1995,32,25,26,420
"Gambia, The",1996,30,25,24,420
"Gambia, The",1997,30,23.5,25.5,420
"Gambia, The",1998,32,25,26,420
"Gambia, The",1999,32,25,26,420
"Gambia, The",2000,32,23.5,27.5,420
"Gambia, The",2001,32,23.5,27.5,420
"Gambia, The",2002,32,25,26,420
Georgia,1985,15.5,14,20.5,372
Georgia,1986,20.5,15,24.5,372
Georgia,1987,16.5,15,20.5,372
Georgia,1988,21,17,23,372
Georgia,1989,29.5,24,24.5,372
Georgia,1990,31,27,23,372
Georgia,1991,23.5,23.5,19,372
Georgia,1992,34,28.5,24.5,372
Georgia,1993,35,26.5,27.5,372
Georgia,1994,37,28.5,27.5,372
Georgia,1995,35.5,28.5,26,372
Georgia,1996,35.5,28.5,26,372
Georgia,1997,37,28.5,27.5,372
Georgia,1998,37,28.5,27.5,372
Georgia,1999,34,28.5,24.5,372
Georgia,2000,28,28.5,18.5,372
Georgia,2001,27,28.5,17.5,372
Georgia,2002,27.5,26.5,20,372
Germany,1985,35.5,28.5,26,255
Germany,1986,37,28.5,27.5,255
Germany,1987,37,28.5,27.5,255
Germany,1988,37,28.5,27.5,255
Germany,1989,32.5,27,24.5,255
Germany,1990,32.25,25.25,26,255
Germany,1991,32.25,25.25,26,255
Germany,1992,35.5,27,27.5,255
Germany,1993,32.5,27,24.5,255
Germany,1994,32.5,27,24.5,255
Germany,1995,35.5,27,27.5,255
Germany,1996,35.5,27,27.5,255
Germany,1997,33.75,25.25,27.5,255
Germany,1998,33.75,25.25,27.5,255
Germany,1999,33.75,25.25,27.5,255
Germany,2000,33.75,25.25,27.5,255
Germany,2001,33.75,25.25,27.5,255
Germany,2002,30.75,25.25,24.5,255
Ghana,1985,33.5,26.5,26,452
Ghana,1986,33.5,28.5,24,452
Ghana,1987,32,28.5,22.5,452
Ghana,1988,32,26.5,24.5,452
Ghana,1989,27.5,23.5,23,452
Ghana,1990,29,23.5,24.5,452
Ghana,1991,25.5,20.5,24,452
Ghana,1992,27,23.5,22.5,452
Ghana,1993,27.25,23.25,23,452
Ghana,1994,24.25,18.75,24.5,452
Ghana,1995,31,24,26,452
Ghana,1996,28.5,25.5,22,452
Ghana,1997,28.75,25.25,22.5,452
Ghana,1998,29.5,22.5,26,452
Ghana,1999,25.5,22,22.5,452
Ghana,2000,27,24,22,452
Ghana,2001,17.5,22.5,14,452
Ghana,2002,24.5,22.5,21,452
Greece,1985,32.5,27,24.5,350
Greece,1986,29.5,27,21.5,350
Greece,1987,29,26.5,21.5,350
Greece,1988,31,27,23,350
Greece,1989,29,25,23,350
Greece,1990,27.5,25,21.5,350
Greece,1991,28.75,24.75,23,350
Greece,1992,29.25,25.25,23,350
Greece,1993,25.5,23.5,21,350
Greece,1994,29.25,25.25,23,350
Greece,1995,34,27,26,350
Greece,1996,32.5,27,24.5,350
Greece,1997,30.5,25,24.5,350
Greece,1998,35.5,28.5,26,350
Greece,1999,26,23.5,21.5,350
Greece,2000,32.5,28.5,23,350
Greece,2001,31,27,23,350
Greece,2002,32.5,25.5,26,350
Grenada,1985,37,28.5,27.5,55
Grenada,1986,35,28.5,25.5,55
Grenada,1987,37,28.5,27.5,55
Grenada,1988,37,28.5,27.5,55
Grenada,1989,35.5,28.5,26,55
Grenada,1990,35.5,28.5,26,55
Grenada,1991,37,28.5,27.5,55
Grenada,1992,37,28.5,27.5,55
Grenada,1993,35.5,27,27.5,55
Grenada,1994,37,28.5,27.5,55
Grenada,1995,35.5,27,27.5,55
Grenada,1996,35.5,27,27.5,55
Grenada,1997,35.5,28.5,26,55
Grenada,1998,34,27,26,55
Grenada,1999,32.5,28.5,23,55
Grenada,2000,32.5,27,24.5,55
Grenada,2001,35.5,28.5,26,55
Grenada,2002,37,28.5,27.5,55
Guatemala,1985,26.5,24,21.5,90
Guatemala,1986,26,25,20,90
Guatemala,1987,29.5,27,21.5,90
Guatemala,1988,22,25.5,15.5,90
Guatemala,1989,16.5,19.5,16,90
Guatemala,1990,25.5,22,22.5,90
Guatemala,1991,13,20.5,11.5,90
Guatemala,1992,19.5,26.5,12,90
Guatemala,1993,17,22.5,13.5,90
Guatemala,1994,20.5,24,15.5,90
Guatemala,1995,18.5,22,15.5,90
Guatemala,1996,17,22.5,13.5,90
Guatemala,1997,17,20.5,15.5,90
Guatemala,1998,13,19,13,90
Guatemala,1999,5.5,15.5,9,90
Guatemala,2000,9.5,16,12.5,90
Guatemala,2001,8.5,19,8.5,90
Guatemala,2002,17,23.5,12.5,90
Guinea,1985,37,28.5,27.5,438
Guinea,1986,34,27,26,438
Guinea,1987,35.5,27,27.5,438
Guinea,1988,32.5,25.5,26,438
Guinea,1989,29.5,25.5,23,438
Guinea,1990,30.5,27,22.5,438
Guinea,1991,32,25.5,25.5,438
Guinea,1992,33.5,28.5,24,438
Guinea,1993,35.5,27,27.5,438
Guinea,1994,35.5,28.5,26,438
Guinea,1995,29,25.5,22.5,438
Guinea,1996,30.5,27,22.5,438
Guinea,1997,28.5,25.5,22,438
Guinea,1998,32.5,25.5,26,438
Guinea,1999,31,25.5,24.5,438
Guinea,2000,29.5,25.5,23,438
Guinea,2001,25,22.5,21.5,438
Guinea,2002,26,22.5,22.5,438
Guinea-Bissau,1985,33.5,25,27.5,404
Guinea-Bissau,1986,35,26.5,27.5,404
Guinea-Bissau,1987,32,26.5,24.5,404
Guinea-Bissau,1988,32.5,28.5,23,404
Guinea-Bissau,1989,30.75,26.75,23,404
Guinea-Bissau,1990,30.75,26.75,23,404
Guinea-Bissau,1991,32.5,27,24.5,404
Guinea-Bissau,1992,32,28.5,22.5,404
Guinea-Bissau,1993,34,28.5,24.5,404
Guinea-Bissau,1994,34,28.5,24.5,404
Guinea-Bissau,1995,34,28.5,24.5,404
Guinea-Bissau,1996,27,18.5,27.5,404
Guinea-Bissau,1997,33.5,28.5,24,404
Guinea-Bissau,1998,31.5,28.5,22,404
Guinea-Bissau,1999,35.5,28.5,26,404
Guinea-Bissau,2000,35.5,28.5,26,404
Guinea-Bissau,2001,34,28.5,24.5,404
Guinea-Bissau,2002,35.5,28.5,26,404
Guyana,1985,27.5,27,19.5,110
Guyana,1986,31,28.5,21.5,110
Guyana,1987,34,28.5,24.5,110
Guyana,1988,29.5,28.5,20,110
Guyana,1989,27.5,28.5,18,110
Guyana,1990,32.5,28.5,23,110
Guyana,1991,31,25.5,24.5,110
Guyana,1992,29.5,27,21.5,110
Guyana,1993,29,27,21,110
Guyana,1994,28,25.5,21.5,110
Guyana,1995,32,27,24,110
Guyana,1996,34,28.5,24.5,110
Guyana,1997,32.5,27,24.5,110
Guyana,1998,35.5,28.5,26,110
Guyana,1999,29,25.5,22.5,110
Guyana,2000,29.5,22.5,26,110
Guyana,2001,31,27,23,110
Guyana,2002,23.5,25.5,17,110
Haiti,1985,35.5,28.5,26,41
Haiti,1986,34,28.5,24.5,41
Haiti,1987,16,28.5,6.5,41
Haiti,1988,9.5,28.5,0,41
Haiti,1989,19,23.5,14.5,41
Haiti,1990,31,27,23,41
Haiti,1991,20,25,14,41
Haiti,1992,9.5,27,1.5,41
Haiti,1993,9.5,21.5,7,41
Haiti,1994,21,25,15,41
Haiti,1995,29,28.5,19.5,41
Haiti,1996,20,25,14,41
Haiti,1997,26,25,20,41
Haiti,1998,26,25,20,41
Haiti,1999,24.5,23.5,20,41
Haiti,2000,5,20,4,41
Haiti,2001,16.5,22,13.5,41
Haiti,2002,18.5,22,15.5,41
Honduras,1985,24.5,25.5,18,91
Honduras,1986,21.5,22,18.5,91
Honduras,1987,26.5,25.5,20,91
Honduras,1988,28.5,27,20.5,91
Honduras,1989,19,19,19,91
Honduras,1990,25,26.5,17.5,91
Honduras,1991,16.5,19,16.5,91
Honduras,1992,11.5,18.5,12,91
Honduras,1993,20,20,19,91
Honduras,1994,23,21.5,20.5,91
Honduras,1995,17.5,22,14.5,91
Honduras,1996,17.5,18.5,18,91
Honduras,1997,15,17,17,91
Honduras,1998,18.5,20,17.5,91
Honduras,1999,14.5,15.5,18,91
Honduras,2000,13.5,13,19.5,91
Honduras,2001,18.5,17.5,20,91
Honduras,2002,15,17.5,16.5,91
Hungary,1985,22,13.5,27.5,310
Hungary,1986,27.5,22,24.5,310
Hungary,1987,32,25,26,310
Hungary,1988,30.5,28.5,21,310
Hungary,1989,32.5,27,24.5,310
Hungary,1990,31,28.5,21.5,310
Hungary,1991,34,28.5,24.5,310
Hungary,1992,35.5,28.5,26,310
Hungary,1993,29.25,25.25,23,310
Hungary,1994,34,27,26,310
Hungary,1995,35.5,28.5,26,310
Hungary,1996,29,27,21,310
Hungary,1997,35.5,28.5,26,310
Hungary,1998,35.5,28.5,26,310
Hungary,1999,32.5,27,24.5,310
Hungary,2000,31,27,23,310
Hungary,2001,26,27,18,310
Hungary,2002,27.75,25.25,21.5,310
Iceland,1985,37,28.5,27.5,395
Iceland,1986,37,28.5,27.5,395
Iceland,1987,37,28.5,27.5,395
Iceland,1988,32.5,28.5,23,395
Iceland,1989,34,28.5,24.5,395
Iceland,1990,32,26.5,24.5,395
Iceland,1991,37,28.5,27.5,395
Iceland,1992,37,28.5,27.5,395
Iceland,1993,35.5,28.5,26,395
Iceland,1994,35.5,28.5,26,395
Iceland,1995,35.5,28.5,26,395
Iceland,1996,35.5,28.5,26,395
Iceland,1997,37,28.5,27.5,395
Iceland,1998,35.5,28.5,26,395
Iceland,1999,37,28.5,27.5,395
Iceland,2000,37,28.5,27.5,395
Iceland,2001,35.5,28.5,26,395
Iceland,2002,37,28.5,27.5,395
India,1985,29,23.5,24.5,750
India,1986,30.5,25.5,24,750
India,1987,27,25.5,20.5,750
India,1988,33.5,26.5,26,750
India,1989,30.5,25,24.5,750
India,1990,30,23.5,25.5,750
India,1991,32,26.5,24.5,750
India,1992,23.5,23.5,19,750
India,1993,29.5,26.5,22,750
India,1994,33.5,26.5,26,750
India,1995,30.5,25,24.5,750
India,1996,30.5,25,24.5,750
India,1997,19.75,16.75,22,750
India,1998,23.25,18.25,24,750
India,1999,29,23.5,24.5,750
India,2000,16.25,19.75,15.5,750
India,2001,21.5,23,17.5,750
India,2002,17.25,18.25,18,750
Indonesia,1985,19.5,19.5,19,850
Indonesia,1986,24,18.5,24.5,850
Indonesia,1987,21.5,17.5,23,850
Indonesia,1988,17.75,15.75,21,850
Indonesia,1989,19.75,17.75,21,850
Indonesia,1990,19.25,20.25,18,850
Indonesia,1991,18.5,20.5,17,850
Indonesia,1992,15.25,17.25,17,850
Indonesia,1993,12,19,12,850
Indonesia,1994,3.25,15.75,6.5,850
Indonesia,1995,10.5,20.5,9,850
Indonesia,1996,9.25,16.25,12,850
Indonesia,1997,5.75,15.75,9,850
Indonesia,1998,5.75,15.75,9,850
Indonesia,1999,13.75,20.25,12.5,850
Indonesia,2000,13.5,22,10.5,850
Indonesia,2001,12,22,9,850
Indonesia,2002,15.5,22,12.5,850
"Iran, Islamic Rep.",1985,26,27,18,630
"Iran, Islamic Rep.",1986,30.5,25.5,24,630
"Iran, Islamic Rep.",1987,28.5,25.5,22,630
"Iran, Islamic Rep.",1988,31,25.5,24.5,630
"Iran, Islamic Rep.",1989,32.5,27,24.5,630
"Iran, Islamic Rep.",1990,15.5,7,27.5,630
"Iran, Islamic Rep.",1991,19,17,21,630
"Iran, Islamic Rep.",1992,16,15,20,630
"Iran, Islamic Rep.",1993,13,11.5,20.5,630
"Iran, Islamic Rep.",1994,7.5,2.5,24,630
"Iran, Islamic Rep.",1995,10,7,22,630
"Iran, Islamic Rep.",1996,16,12.5,22.5,630
"Iran, Islamic Rep.",1997,8.5,12.5,15,630
"Iran, Islamic Rep.",1998,26,22.5,22.5,630
"Iran, Islamic Rep.",1999,19,14,24,630
"Iran, Islamic Rep.",2000,14,10.5,22.5,630
"Iran, Islamic Rep.",2001,8,8.5,18.5,630
"Iran, Islamic Rep.",2002,9.5,10,18.5,630
Iraq,1985,24,17,26,645
Iraq,1986,24,17,26,645
Iraq,1987,20,15,24,645
Iraq,1988,23.5,15,27.5,645
Iraq,1989,20.5,15,24.5,645
Iraq,1990,22,15,26,645
Iraq,1991,29,25,23,645
Iraq,1992,28.5,23,24.5,645
Iraq,1993,25.5,21.5,23,645
Iraq,1994,27.75,25.25,21.5,645
Iraq,1995,17,11.5,24.5,645
Iraq,1996,25.75,23.25,21.5,645
Iraq,1997,25.75,23.25,21.5,645
Iraq,1998,22.25,21.25,20,645
Iraq,1999,14.25,12.25,21,645
Iraq,2000,12.75,10.25,21.5,645
Iraq,2001,12.75,10.25,21.5,645
Iraq,2002,13.75,11.25,21.5,645
Ireland,1985,37,28.5,27.5,205
Ireland,1986,35.5,28.5,26,205
Ireland,1987,35.5,28.5,26,205
Ireland,1988,35.5,28.5,26,205
Ireland,1989,35.5,28.5,26,205
Ireland,1990,37,28.5,27.5,205
Ireland,1991,37,28.5,27.5,205
Ireland,1992,37,28.5,27.5,205
Ireland,1993,37,28.5,27.5,205
Ireland,1994,37,28.5,27.5,205
Ireland,1995,37,28.5,27.5,205
Ireland,1996,37,28.5,27.5,205
Ireland,1997,37,28.5,27.5,205
Ireland,1998,37,28.5,27.5,205
Ireland,1999,37,28.5,27.5,205
Ireland,2000,37,28.5,27.5,205
Ireland,2001,33.5,25,27.5,205
Ireland,2002,33.5,25,27.5,205
Israel,1985,37,28.5,27.5,666
Israel,1986,37,28.5,27.5,666
Israel,1987,33,28.5,23.5,666
Israel,1988,32,27,24,666
Israel,1989,26.5,27,18.5,666
Israel,1990,35.5,27,27.5,666
Israel,1991,22.75,21.75,20,666
Israel,1992,31,25.5,24.5,666
Israel,1993,27.25,21.75,24.5,666
Israel,1994,31.75,23.25,27.5,666
Israel,1995,35.5,28.5,26,666
Israel,1996,25.25,23.25,21,666
Israel,1997,28.75,23.25,24.5,666
Israel,1998,32,26.5,24.5,666
Israel,1999,31,25.5,24.5,666
Israel,2000,25,25,19,666
Israel,2001,29.5,26,22.5,666
Israel,2002,29,23.5,24.5,666
Italy,1985,37,28.5,27.5,325
Italy,1986,37,28.5,27.5,325
Italy,1987,37,28.5,27.5,325
Italy,1988,37,28.5,27.5,325
Italy,1989,34,27,26,325
Italy,1990,35.5,28.5,26,325
Italy,1991,35.5,27,27.5,325
Italy,1992,35.5,27,27.5,325
Italy,1993,37,28.5,27.5,325
Italy,1994,35.5,28.5,26,325
Italy,1995,37,28.5,27.5,325
Italy,1996,35.5,27,27.5,325
Italy,1997,35.5,28.5,26,325
Italy,1998,34,25.5,27.5,325
Italy,1999,35.5,27,27.5,325
Italy,2000,35.5,28.5,26,325
Italy,2001,35.5,28.5,26,325
Italy,2002,35.5,28.5,26,325
Jamaica,1985,34,28.5,24.5,51
Jamaica,1986,34,28.5,24.5,51
Jamaica,1987,30.5,23.5,26,51
Jamaica,1988,32.5,27,24.5,51
Jamaica,1989,31,25.5,24.5,51
Jamaica,1990,27,23.5,22.5,51
Jamaica,1991,31,25.5,24.5,51
Jamaica,1992,31,27,23,51
Jamaica,1993,35.5,27,27.5,51
Jamaica,1994,31,25.5,24.5,51
Jamaica,1995,31,25.5,24.5,51
Jamaica,1996,29,23.5,24.5,51
Jamaica,1997,31.5,23,27.5,51
Jamaica,1998,29.25,23.75,24.5,51
Jamaica,1999,31,25.5,24.5,51
Jamaica,2000,31,27,23,51
Jamaica,2001,28,25.5,21.5,51
Jamaica,2002,29,23.5,24.5,51
Japan,1985,34,27,26,740
Japan,1986,32,25,26,740
Japan,1987,33.5,25,27.5,740
Japan,1988,34,27,26,740
Japan,1989,32,25,26,740
Japan,1990,34,27,26,740
Japan,1991,33.5,25,27.5,740
Japan,1992,33.5,25,27.5,740
Japan,1993,30.25,23.25,26,740
Japan,1994,30.25,23.25,26,740
Japan,1995,31.75,23.25,27.5,740
Japan,1996,28.75,23.25,24.5,740
Japan,1997,27.25,23.25,23,740
Japan,1998,28.75,23.25,24.5,740
Japan,1999,28.75,23.25,24.5,740
Japan,2000,25.75,23.25,21.5,740
Japan,2001,25.75,23.25,21.5,740
Japan,2002,27.25,23.25,23,740
Jordan,1985,28.5,24,23.5,663
Jordan,1986,34,25.5,27.5,663
Jordan,1987,25.5,21,23.5,663
Jordan,1988,34,25.5,27.5,663
Jordan,1989,30.5,23.5,26,663
Jordan,1990,32.5,24,27.5,663
Jordan,1991,30.5,25,24.5,663
Jordan,1992,27.5,20.5,26,663
Jordan,1993,25.75,20.25,24.5,663
Jordan,1994,27.25,21.75,24.5,663
Jordan,1995,22.75,20.25,21.5,663
Jordan,1996,24.25,20.25,23,663
Jordan,1997,25.75,20.25,24.5,663
Jordan,1998,24.25,20.25,23,663
Jordan,1999,25.75,20.25,24.5,663
Jordan,2000,22.75,17.25,24.5,663
Jordan,2001,25.75,17.25,27.5,663
Jordan,2002,21.25,17.25,23,663
Kazakhstan,1985,15.5,14,20.5,705
Kazakhstan,1986,20.5,15,24.5,705
Kazakhstan,1987,16.5,15,20.5,705
Kazakhstan,1988,21,17,23,705
Kazakhstan,1989,29.5,24,24.5,705
Kazakhstan,1990,31,27,23,705
Kazakhstan,1991,23.5,23.5,19,705
Kazakhstan,1992,27,27,19,705
Kazakhstan,1993,23.5,23.5,19,705
Kazakhstan,1994,24.5,27,16.5,705
Kazakhstan,1995,25.5,25.5,19,705
Kazakhstan,1996,23,27,15,705
Kazakhstan,1997,20,27,12,705
Kazakhstan,1998,23,27,15,705
Kazakhstan,1999,23.5,25.5,17,705
Kazakhstan,2000,22.5,28.5,13,705
Kazakhstan,2001,19.5,24,14.5,705
Kazakhstan,2002,21,23.5,16.5,705
Kenya,1985,27,23.5,22.5,501
Kenya,1986,31,24,26,501
Kenya,1987,24.75,20.75,23,501
Kenya,1988,29.75,23.25,25.5,501
Kenya,1989,26.5,21,24.5,501
Kenya,1990,27.5,23.5,23,501
Kenya,1991,31.5,25,25.5,501
Kenya,1992,27.5,22,24.5,501
Kenya,1993,17.25,19.75,16.5,501
Kenya,1994,22.25,17.25,24,501
Kenya,1995,18.75,15.25,22.5,501
Kenya,1996,25.25,16.75,27.5,501
Kenya,1997,18.75,16.75,21,501
Kenya,1998,11.25,15.25,15,501
Kenya,1999,15.25,15.25,19,501
Kenya,2000,19.75,15.75,23,501
Kenya,2001,20.25,18.25,21,501
Kenya,2002,11.25,16.75,13.5,501
Kiribati,1985,,,,946
Kiribati,1986,37,28.5,27.5,946
Kiribati,1987,37,28.5,27.5,946
Kiribati,1988,37,28.5,27.5,946
Kiribati,1989,37,28.5,27.5,946
Kiribati,1990,35.5,28.5,26,946
Kiribati,1991,35.5,28.5,26,946
Kiribati,1992,37,28.5,27.5,946
Kiribati,1993,35.5,28.5,26,946
Kiribati,1994,34,27,26,946
Kiribati,1995,37,28.5,27.5,946
Kiribati,1996,35.5,28.5,26,946
Kiribati,1997,37,28.5,27.5,946
Kiribati,1998,35.5,28.5,26,946
Kiribati,1999,35.5,28.5,26,946
Kiribati,2000,35.5,28.5,26,946
Kiribati,2001,35.5,28.5,26,946
Kiribati,2002,35.5,28.5,26,946
"Korea, Dem. Rep.",1985,20,15,24,731
"Korea, Dem. Rep.",1986,22,15,26,731
"Korea, Dem. Rep.",1987,20,15,24,731
"Korea, Dem. Rep.",1988,19,15,23,731
"Korea, Dem. Rep.",1989,22,15,26,731
"Korea, Dem. Rep.",1990,23.5,15,27.5,731
"Korea, Dem. Rep.",1991,23.5,15,27.5,731
"Korea, Dem. Rep.",1992,23.5,15,27.5,731
"Korea, Dem. Rep.",1993,13.5,5,27.5,731
"Korea, Dem. Rep.",1994,22,15,26,731
"Korea, Dem. Rep.",1995,22,16.5,24.5,731
"Korea, Dem. Rep.",1996,20,13,26,731
"Korea, Dem. Rep.",1997,19,13.5,24.5,731
"Korea, Dem. Rep.",1998,19,15,23,731
"Korea, Dem. Rep.",1999,22,15,26,731
"Korea, Dem. Rep.",2000,22,15,26,731
"Korea, Dem. Rep.",2001,12,5,26,731
"Korea, Dem. Rep.",2002,22,15,26,731
"Korea, Rep.",1985,15.25,18.25,16,732
"Korea, Rep.",1986,18.25,21.75,15.5,732
"Korea, Rep.",1987,23.25,20.25,22,732
"Korea, Rep.",1988,18.25,20.25,17,732
"Korea, Rep.",1989,12.25,17.75,13.5,732
"Korea, Rep.",1990,16.75,15.25,20.5,732
"Korea, Rep.",1991,13.25,18.25,14,732
"Korea, Rep.",1992,17.25,15.25,21,732
"Korea, Rep.",1993,13.75,15.25,17.5,732
"Korea, Rep.",1994,15.75,15.75,19,732
"Korea, Rep.",1995,17.5,17.5,19,732
"Korea, Rep.",1996,15.75,17.25,17.5,732
"Korea, Rep.",1997,18.75,18.75,19,732
"Korea, Rep.",1998,14.25,15.75,17.5,732
"Korea, Rep.",1999,18.25,16.25,21,732
"Korea, Rep.",2000,14.75,16.75,17,732
"Korea, Rep.",2001,16.75,21.75,14,732
"Korea, Rep.",2002,12.25,17.25,14,732
Kosovo,1990,27,28.5,17.5,347
Kosovo,1994,21,27,13,347
Kosovo,1995,27.5,28.5,18,347
Kosovo,1996,30,28.5,20.5,347
Kosovo,1997,29.5,28.5,20,347
Kosovo,1998,29.5,28.5,20,347
Kosovo,1999,29.5,28.5,20,347
Kosovo,2002,,,,347
Kuwait,1985,32.5,27,24.5,690
Kuwait,1986,29,25.5,22.5,690
Kuwait,1987,32.5,27,24.5,690
Kuwait,1988,29.5,22.5,26,690
Kuwait,1989,23.5,18,24.5,690
Kuwait,1990,26.5,19.5,26,690
Kuwait,1991,9.25,18.75,9.5,690
Kuwait,1992,19.75,17.75,21,690
Kuwait,1993,17.75,15.75,21,690
Kuwait,1994,16.75,16.25,19.5,690
Kuwait,1995,7.75,5.75,21,690
Kuwait,1996,17.75,15.75,21,690
Kuwait,1997,19.75,15.75,23,690
Kuwait,1998,18,17.5,19.5,690
Kuwait,1999,20.5,18,21.5,690
Kuwait,2000,22,18,23,690
Kuwait,2001,19,16.5,21.5,690
Kuwait,2002,20.5,16.5,23,690
Kyrgyz Republic,1985,15.5,14,20.5,703
Kyrgyz Republic,1986,20.5,15,24.5,703
Kyrgyz Republic,1987,16.5,15,20.5,703
Kyrgyz Republic,1988,21,17,23,703
Kyrgyz Republic,1989,29.5,24,24.5,703
Kyrgyz Republic,1990,31,27,23,703
Kyrgyz Republic,1991,23.5,23.5,19,703
Kyrgyz Republic,1992,31,27,23,703
Kyrgyz Republic,1993,32.5,28.5,23,703
Kyrgyz Republic,1994,31,28.5,21.5,703
Kyrgyz Republic,1995,34,28.5,24.5,703
Kyrgyz Republic,1996,33.5,26.5,26,703
Kyrgyz Republic,1997,34,28.5,24.5,703
Kyrgyz Republic,1998,33.5,26.5,26,703
Kyrgyz Republic,1999,33.5,26.5,26,703
Kyrgyz Republic,2000,32,26.5,24.5,703
Kyrgyz Republic,2001,33.5,26.5,26,703
Kyrgyz Republic,2002,33.5,26.5,26,703
Lao PDR,1985,24,17,26,812
Lao PDR,1986,20.5,15,24.5,812
Lao PDR,1987,30.5,25,24.5,812
Lao PDR,1988,31,27,23,812
Lao PDR,1989,32,25,26,812
Lao PDR,1990,22,15,26,812
Lao PDR,1991,23.5,15,27.5,812
Lao PDR,1992,25.5,17,27.5,812
Lao PDR,1993,23.5,17,25.5,812
Lao PDR,1994,22,15,26,812
Lao PDR,1995,23.5,15,27.5,812
Lao PDR,1996,24,18.5,24.5,812
Lao PDR,1997,31,27,23,812
Lao PDR,1998,31,28.5,21.5,812
Lao PDR,1999,19.5,17,21.5,812
Lao PDR,2000,15,12.5,21.5,812
Lao PDR,2001,21,15.5,24.5,812
Lao PDR,2002,16.5,14,21.5,812
Latvia,1985,35.5,27,27.5,367
Latvia,1986,35.5,27,27.5,367
Latvia,1987,35.5,27,27.5,367
Latvia,1988,23.5,15,27.5,367
Latvia,1989,25.5,17,27.5,367
Latvia,1990,25.5,17,27.5,367
Latvia,1991,34,28.5,24.5,367
Latvia,1992,35.5,28.5,26,367
Latvia,1993,35.5,28.5,26,367
Latvia,1994,34,28.5,24.5,367
Latvia,1995,34,28.5,24.5,367
Latvia,1996,32.5,28.5,23,367
Latvia,1997,35.5,28.5,26,367
Latvia,1998,37,28.5,27.5,367
Latvia,1999,35.5,28.5,26,367
Latvia,2000,30.5,25,24.5,367
Latvia,2001,23.75,23.25,19.5,367
Latvia,2002,30.5,26.5,23,367
Lebanon,1985,37,28.5,27.5,660
Lebanon,1986,37,28.5,27.5,660
Lebanon,1987,37,28.5,27.5,660
Lebanon,1988,27.5,22,24.5,660
Lebanon,1989,17.5,22,14.5,660
Lebanon,1990,30,25,24,660
Lebanon,1991,32,25,26,660
Lebanon,1992,30.5,23.5,26,660
Lebanon,1993,30,23.5,25.5,660
Lebanon,1994,32,23.5,27.5,660
Lebanon,1995,26.25,21.75,23.5,660
Lebanon,1996,23.5,22,20.5,660
Lebanon,1997,17.75,18.75,18,660
Lebanon,1998,22.25,20.25,21,660
Lebanon,1999,24,20.5,22.5,660
Lebanon,2000,22.75,18.75,23,660
Lebanon,2001,21.5,20.5,20,660
Lebanon,2002,21,19,21,660
Lesotho,1985,37,28.5,27.5,570
Lesotho,1986,37,28.5,27.5,570
Lesotho,1987,34.5,26,27.5,570
Lesotho,1988,32.5,27,24.5,570
Lesotho,1989,29,24,24,570
Lesotho,1990,32.5,27,24.5,570
Lesotho,1991,25.5,24,20.5,570
Lesotho,1992,29,27,21,570
Lesotho,1993,24,27.5,15.5,570
Lesotho,1994,28.5,27,20.5,570
Lesotho,1995,25.5,23.5,21,570
Lesotho,1996,21.5,23.5,17,570
Lesotho,1997,24,23,20,570
Lesotho,1998,17.5,20.5,16,570
Lesotho,1999,23.5,21.5,21,570
Lesotho,2000,27,21.5,24.5,570
Lesotho,2001,22.5,23.5,18,570
Lesotho,2002,24.5,23.5,20,570
Liberia,1985,26.5,24.5,21,450
Liberia,1986,29.5,23,25.5,450
Liberia,1987,26,21.5,23.5,450
Liberia,1988,26.75,19.75,26,450
Liberia,1989,25.75,20.25,24.5,450
Liberia,1990,16.75,19.75,16,450
Liberia,1991,16.75,11.25,24.5,450
Liberia,1992,16.75,21.25,14.5,450
Liberia,1993,13.25,18.25,14,450
Liberia,1994,26.75,21.25,24.5,450
Liberia,1995,18.25,19.75,17.5,450
Liberia,1996,26.75,19.75,26,450
Liberia,1997,22.75,19.75,22,450
Liberia,1998,25.25,19.75,24.5,450
Liberia,1999,23.75,18.25,24.5,450
Liberia,2000,26.75,19.75,26,450
Liberia,2001,25.25,19.75,24.5,450
Liberia,2002,26.75,19.75,26,450
Libya,1985,32,25,26,620
Libya,1986,23.5,15,27.5,620
Libya,1987,23.5,15,27.5,620
Libya,1988,29,23.5,24.5,620
Libya,1989,30.5,25,24.5,620
Libya,1990,32,25,26,620
Libya,1991,18.75,11.75,26,620
Libya,1992,17.25,11.75,24.5,620
Libya,1993,22,13.5,27.5,620
Libya,1994,14.75,10.75,23,620
Libya,1995,9.25,2.25,26,620
Libya,1996,14.75,10.75,23,620
Libya,1997,15.75,10.25,24.5,620
Libya,1998,14.25,10.25,23,620
Libya,1999,22.75,17.25,24.5,620
Libya,2000,25.75,20.25,24.5,620
Libya,2001,25.25,18.25,26,620
Libya,2002,24.25,20.25,23,620
Liechtenstein,1985,,,,223
Liechtenstein,1986,,,,223
Liechtenstein,1987,,,,223
Liechtenstein,1988,,,,223
Liechtenstein,1989,,,,223
Liechtenstein,1990,,,,223
Liechtenstein,1991,35.5,27,27.5,223
Liechtenstein,1992,37,28.5,27.5,223
Liechtenstein,1993,35.5,28.5,26,223
Liechtenstein,1994,32.5,25.5,26,223
Liechtenstein,1995,37,28.5,27.5,223
Liechtenstein,1996,37,28.5,27.5,223
Liechtenstein,1997,35.5,27,27.5,223
Liechtenstein,1998,35.5,27,27.5,223
Liechtenstein,1999,35.5,28.5,26,223
Liechtenstein,2000,35.5,28.5,26,223
Liechtenstein,2001,37,28.5,27.5,223
Liechtenstein,2002,37,28.5,27.5,223
Lithuania,1985,35.5,27,27.5,368
Lithuania,1986,35.5,27,27.5,368
Lithuania,1987,35.5,27,27.5,368
Lithuania,1988,23.5,15,27.5,368
Lithuania,1989,25.5,17,27.5,368
Lithuania,1990,25.5,18.5,26,368
Lithuania,1991,24,17,26,368
Lithuania,1992,32.25,26.75,24.5,368
Lithuania,1993,33.75,26.75,26,368
Lithuania,1994,24.25,23.75,19.5,368
Lithuania,1995,27.75,23.75,23,368
Lithuania,1996,21.25,22.25,18,368
Lithuania,1997,21.25,22.25,18,368
Lithuania,1998,28,24,23,368
Lithuania,1999,32.5,27,24.5,368
Lithuania,2000,27.5,27,19.5,368
Lithuania,2001,24.75,25.25,18.5,368
Lithuania,2002,28.75,23.25,24.5,368
Luxembourg,1985,37,28.5,27.5,212
Luxembourg,1986,37,28.5,27.5,212
Luxembourg,1987,37,28.5,27.5,212
Luxembourg,1988,37,28.5,27.5,212
Luxembourg,1989,35.5,27,27.5,212
Luxembourg,1990,35.5,28.5,26,212
Luxembourg,1991,37,28.5,27.5,212
Luxembourg,1992,37,28.5,27.5,212
Luxembourg,1993,37,28.5,27.5,212
Luxembourg,1994,37,28.5,27.5,212
Luxembourg,1995,35.5,28.5,26,212
Luxembourg,1996,35.5,27,27.5,212
Luxembourg,1997,35.5,27,27.5,212
Luxembourg,1998,37,28.5,27.5,212
Luxembourg,1999,34,27,26,212
Luxembourg,2000,35.5,27,27.5,212
Luxembourg,2001,35.5,28.5,26,212
Luxembourg,2002,37,28.5,27.5,212
"Macedonia, FYR",1985,35.5,28.5,26,343
"Macedonia, FYR",1986,35.5,28.5,26,343
"Macedonia, FYR",1987,35.5,28.5,26,343
"Macedonia, FYR",1988,34,28.5,24.5,343
"Macedonia, FYR",1989,35.5,27,27.5,343
"Macedonia, FYR",1990,27,28.5,17.5,343
"Macedonia, FYR",1991,17.25,25.25,11,343
"Macedonia, FYR",1992,32,28.5,22.5,343
"Macedonia, FYR",1993,33.5,26.5,26,343
"Macedonia, FYR",1994,35,26.5,27.5,343
"Macedonia, FYR",1995,35,26.5,27.5,343
"Macedonia, FYR",1996,34,28.5,24.5,343
"Macedonia, FYR",1997,35,26.5,27.5,343
"Macedonia, FYR",1998,35,26.5,27.5,343
"Macedonia, FYR",1999,33.5,26.5,26,343
"Macedonia, FYR",2000,33.5,26.5,26,343
"Macedonia, FYR",2001,32,26.5,24.5,343
"Macedonia, FYR",2002,32.5,27,24.5,343
Madagascar,1985,37,28.5,27.5,580
Madagascar,1986,37,28.5,27.5,580
Madagascar,1987,37,28.5,27.5,580
Madagascar,1988,32,25,26,580
Madagascar,1989,32.5,25.5,26,580
Madagascar,1990,25.75,21.75,23,580
Madagascar,1991,32,25,26,580
Madagascar,1992,35.5,27,27.5,580
Madagascar,1993,33.5,26.5,26,580
Madagascar,1994,35.5,28.5,26,580
Madagascar,1995,29,25,23,580
Madagascar,1996,30,23,26,580
Madagascar,1997,27,23,23,580
Madagascar,1998,32,25,26,580
Madagascar,1999,27,23,23,580
Madagascar,2000,29,23.5,24.5,580
Madagascar,2001,24,20,23,580
Madagascar,2002,22.5,18.5,23,580
Malawi,1985,31,25.5,24.5,553
Malawi,1986,33,27.5,24.5,553
Malawi,1987,33,27.5,24.5,553
Malawi,1988,34.5,27.5,26,553
Malawi,1989,33,27.5,24.5,553
Malawi,1990,32,26.5,24.5,553
Malawi,1991,27.5,23,23.5,553
Malawi,1992,22,23,18,553
Malawi,1993,28,23,24,553
Malawi,1994,34,27,26,553
Malawi,1995,34,25.5,27.5,553
Malawi,1996,32.5,28.5,23,553
Malawi,1997,26.5,28.5,17,553
Malawi,1998,28.5,26.5,21,553
Malawi,1999,33,26,26,553
Malawi,2000,24.5,26,17.5,553
Malawi,2001,16.5,20,15.5,553
Malawi,2002,17.25,18.75,17.5,553
Malaysia,1985,28.75,24.75,23,820
Malaysia,1986,26,25,20,820
Malaysia,1987,18.5,19.5,18,820
Malaysia,1988,18,19,18,820
Malaysia,1989,22.5,17.5,24,820
Malaysia,1990,15.25,15.75,18.5,820
Malaysia,1991,24.75,20.75,23,820
Malaysia,1992,13,13,19,820
Malaysia,1993,9.5,12.5,16,820
Malaysia,1994,8.75,15.75,12,820
Malaysia,1995,8.25,12.75,14.5,820
Malaysia,1996,15.75,17.75,17,820
Malaysia,1997,14.75,14.25,19.5,820
Malaysia,1998,9.25,12.25,16,820
Malaysia,1999,9,13,15,820
Malaysia,2000,12.25,13.25,18,820
Malaysia,2001,9,13.5,14.5,820
Malaysia,2002,5,10,14,820
Maldives,1985,15,6.5,27.5,781
Maldives,1986,15,6.5,27.5,781
Maldives,1987,15,6.5,27.5,781
Maldives,1988,15,6.5,27.5,781
Maldives,1989,32.5,28.5,23,781
Maldives,1990,32.5,28.5,23,781
Maldives,1991,23.5,16.5,26,781
Maldives,1992,32.5,28.5,23,781
Maldives,1993,32.5,27,24.5,781
Maldives,1994,32.5,28.5,23,781
Maldives,1995,29,27,21,781
Maldives,1996,32.5,28.5,23,781
Maldives,1997,32.5,28.5,23,781
Maldives,1998,32.5,28.5,23,781
Maldives,1999,34,28.5,24.5,781
Maldives,2000,32.5,28.5,23,781
Maldives,2001,32.5,28.5,23,781
Maldives,2002,32.5,28.5,23,781
Mali,1985,35.5,27,27.5,432
Mali,1986,34,27,26,432
Mali,1987,32.5,27,24.5,432
Mali,1988,27.5,27,19.5,432
Mali,1989,31,24,26,432
Mali,1990,29.5,25.5,23,432
Mali,1991,31.5,28.5,22,432
Mali,1992,35.5,28.5,26,432
Mali,1993,32.5,25.5,26,432
Mali,1994,34,28.5,24.5,432
Mali,1995,32.5,25.5,26,432
Mali,1996,33.5,28.5,24,432
Mali,1997,28.5,25.5,22,432
Mali,1998,35.5,27,27.5,432
Mali,1999,35.5,28.5,26,432
Mali,2000,34,28.5,24.5,432
Mali,2001,31,27,23,432
Mali,2002,34,28.5,24.5,432
Malta,1985,33,27.5,24.5,338
Malta,1986,22.75,24.25,17.5,338
Malta,1987,35.5,28.5,26,338
Malta,1988,37,28.5,27.5,338
Malta,1989,30.5,27,22.5,338
Malta,1990,35.5,27,27.5,338
Malta,1991,35.5,27,27.5,338
Malta,1992,35.5,27,27.5,338
Malta,1993,35.5,27,27.5,338
Malta,1994,35.5,27,27.5,338
Malta,1995,35.5,27,27.5,338
Malta,1996,35.5,27,27.5,338
Malta,1997,34,27,26,338
Malta,1998,35.5,28.5,26,338
Malta,1999,27,25.5,20.5,338
Malta,2000,35.5,27,27.5,338
Malta,2001,34,25.5,27.5,338
Malta,2002,34,25.5,27.5,338
Marshall Islands,1985,,,,983
Marshall Islands,1986,,,,983
Marshall Islands,1987,34,28.5,24.5,983
Marshall Islands,1988,34,28.5,24.5,983
Marshall Islands,1989,32.5,28.5,23,983
Marshall Islands,1990,34,28.5,24.5,983
Marshall Islands,1991,35.5,28.5,26,983
Marshall Islands,1992,35.5,28.5,26,983
Marshall Islands,1993,35.5,28.5,26,983
Marshall Islands,1994,33.5,26.5,26,983
Marshall Islands,1995,35.5,28.5,26,983
Marshall Islands,1996,32,26.5,24.5,983
Marshall Islands,1997,30.5,25,24.5,983
Marshall Islands,1998,34,28.5,24.5,983
Marshall Islands,1999,32.5,28.5,23,983
Marshall Islands,2000,32.5,28.5,23,983
Marshall Islands,2001,34,28.5,24.5,983
Marshall Islands,2002,32.5,28.5,23,983
Mauritania,1985,28.5,25,22.5,435
Mauritania,1986,29,23.5,24.5,435
Mauritania,1987,26.5,22.5,23,435
Mauritania,1988,21,14,26,435
Mauritania,1989,27.5,22.5,24,435
Mauritania,1990,31,24,26,435
Mauritania,1991,25,24,20,435
Mauritania,1992,27.5,25.5,21,435
Mauritania,1993,26,25.5,19.5,435
Mauritania,1994,34,27,26,435
Mauritania,1995,31,27,23,435
Mauritania,1996,37,28.5,27.5,435
Mauritania,1997,23.5,24,18.5,435
Mauritania,1998,29,27,21,435
Mauritania,1999,32.5,25.5,26,435
Mauritania,2000,26,22.5,22.5,435
Mauritania,2001,21,19,21,435
Mauritania,2002,22.5,20.5,21,435
Mauritius,1985,32,25,26,590
Mauritius,1986,35.5,27,27.5,590
Mauritius,1987,35.5,27,27.5,590
Mauritius,1988,32,27,24,590
Mauritius,1989,32.5,27,24.5,590
Mauritius,1990,23,20.5,21.5,590
Mauritius,1991,27.5,22,24.5,590
Mauritius,1992,27.5,27,19.5,590
Mauritius,1993,32.5,25.5,26,590
Mauritius,1994,29.5,25.5,23,590
Mauritius,1995,30.5,25,24.5,590
Mauritius,1996,23,21.5,20.5,590
Mauritius,1997,23,21.5,20.5,590
Mauritius,1998,29,27,21,590
Mauritius,1999,25.5,23,21.5,590
Mauritius,2000,24,21.5,21.5,590
Mauritius,2001,24,21.5,21.5,590
Mauritius,2002,27,23,23,590
Mexico,1985,37,28.5,27.5,70
Mexico,1986,37,28.5,27.5,70
Mexico,1987,35,28.5,25.5,70
Mexico,1988,31,25.5,24.5,70
Mexico,1989,22,21.5,19.5,70
Mexico,1990,29,27,21,70
Mexico,1991,24,20.5,22.5,70
Mexico,1992,23.5,25,17.5,70
Mexico,1993,21,24,16,70
Mexico,1994,14,17.5,15.5,70
Mexico,1995,23,21,21,70
Mexico,1996,22,22,19,70
Mexico,1997,18,17.5,19.5,70
Mexico,1998,19,22.5,15.5,70
Mexico,1999,22.5,20.5,21,70
Mexico,2000,16,19,16,70
Mexico,2001,19,20.5,17.5,70
Mexico,2002,16.5,20.5,15,70
"Micronesia, Fed. Sts.",1985,,,,987
"Micronesia, Fed. Sts.",1986,,,,987
"Micronesia, Fed. Sts.",1987,37,28.5,27.5,987
"Micronesia, Fed. Sts.",1988,34,28.5,24.5,987
"Micronesia, Fed. Sts.",1989,34,28.5,24.5,987
"Micronesia, Fed. Sts.",1990,34,28.5,24.5,987
"Micronesia, Fed. Sts.",1991,37,28.5,27.5,987
"Micronesia, Fed. Sts.",1992,35.5,28.5,26,987
"Micronesia, Fed. Sts.",1993,35.5,28.5,26,987
"Micronesia, Fed. Sts.",1994,35.5,28.5,26,987
"Micronesia, Fed. Sts.",1995,35.5,28.5,26,987
"Micronesia, Fed. Sts.",1996,35.5,28.5,26,987
"Micronesia, Fed. Sts.",1997,32.5,28.5,23,987
"Micronesia, Fed. Sts.",1998,34,28.5,24.5,987
"Micronesia, Fed. Sts.",1999,32.5,28.5,23,987
"Micronesia, Fed. Sts.",2000,32.5,28.5,23,987
"Micronesia, Fed. Sts.",2001,32.5,28.5,23,987
"Micronesia, Fed. Sts.",2002,31,28.5,21.5,987
Moldova,1985,15.5,14,20.5,359
Moldova,1986,20.5,15,24.5,359
Moldova,1987,16.5,15,20.5,359
Moldova,1988,21,17,23,359
Moldova,1989,29.5,24,24.5,359
Moldova,1990,31,27,23,359
Moldova,1991,23.5,23.5,19,359
Moldova,1992,34,25.5,27.5,359
Moldova,1993,35.5,27,27.5,359
Moldova,1994,34,27,26,359
Moldova,1995,32.5,27,24.5,359
Moldova,1996,34,27,26,359
Moldova,1997,32.5,25.5,26,359
Moldova,1998,34,27,26,359
Moldova,1999,35.5,27,27.5,359
Moldova,2000,28,25.5,21.5,359
Moldova,2001,28,27,20,359
Moldova,2002,29.25,25.25,23,359
Monaco,1985,,,,221
Monaco,1986,,,,221
Monaco,1987,,,,221
Monaco,1988,,,,221
Monaco,1989,,,,221
Monaco,1990,37,28.5,27.5,221
Monaco,1991,37,28.5,27.5,221
Monaco,1992,37,28.5,27.5,221
Monaco,1993,35.5,27,27.5,221
Monaco,1994,35.5,27,27.5,221
Monaco,1995,35.5,27,27.5,221
Monaco,1996,35.5,27,27.5,221
Monaco,1997,35.5,27,27.5,221
Monaco,1998,35.5,27,27.5,221
Monaco,1999,35.5,27,27.5,221
Monaco,2000,35.5,27,27.5,221
Monaco,2001,35.5,27,27.5,221
Monaco,2002,35.5,27,27.5,221
Mongolia,1985,32,27,24,712
Mongolia,1986,32,25,26,712
Mongolia,1987,32,25,26,712
Mongolia,1988,32.5,27,24.5,712
Mongolia,1989,34,27,26,712
Mongolia,1990,37,28.5,27.5,712
Mongolia,1991,32.5,25.5,26,712
Mongolia,1992,34,27,26,712
Mongolia,1993,37,28.5,27.5,712
Mongolia,1994,29.5,27,21.5,712
Mongolia,1995,33.5,27,25.5,712
Mongolia,1996,34,27,26,712
Mongolia,1997,32.5,25.5,26,712
Mongolia,1998,35.5,27,27.5,712
Mongolia,1999,35.5,27,27.5,712
Mongolia,2000,35.5,27,27.5,712
Mongolia,2001,35.5,27,27.5,712
Mongolia,2002,35.5,27,27.5,712
Morocco,1985,25.5,27,17.5,600
Morocco,1986,32,28.5,22.5,600
Morocco,1987,27.5,28.5,18,600
Morocco,1988,22.5,23.5,18,600
Morocco,1989,32.5,25.5,26,600
Morocco,1990,29,27,21,600
Morocco,1991,27,27,19,600
Morocco,1992,25,27,17,600
Morocco,1993,20,25,14,600
Morocco,1994,21.5,25,15.5,600
Morocco,1995,22,27,14,600
Morocco,1996,23.5,27,15.5,600
Morocco,1997,21,27,13,600
Morocco,1998,24.5,27,16.5,600
Morocco,1999,20.25,25.25,14,600
Morocco,2000,15.25,21.75,12.5,600
Morocco,2001,18.25,21.75,15.5,600
Morocco,2002,23.5,27,15.5,600
Mozambique,1985,35.5,27,27.5,541
Mozambique,1986,33.5,25,27.5,541
Mozambique,1987,33.5,25,27.5,541
Mozambique,1988,31,25.5,24.5,541
Mozambique,1989,31,24,26,541
Mozambique,1990,31,27,23,541
Mozambique,1991,31,24,26,541
Mozambique,1992,35.5,27,27.5,541
Mozambique,1993,35.5,27,27.5,541
Mozambique,1994,30.5,27,22.5,541
Mozambique,1995,34,25.5,27.5,541
Mozambique,1996,35.5,27,27.5,541
Mozambique,1997,35.5,27,27.5,541
Mozambique,1998,28.5,25.5,22,541
Mozambique,1999,34,27,26,541
Mozambique,2000,24.75,21.75,22,541
Mozambique,2001,26.75,21.25,24.5,541
Mozambique,2002,28.75,23.25,24.5,541
Myanmar,1985,19,12.5,25.5,775
Myanmar,1986,9,2,26,775
Myanmar,1987,19.5,14,24.5,775
Myanmar,1988,13.5,12,20.5,775
Myanmar,1989,13.5,5,27.5,775
Myanmar,1990,20,14.5,24.5,775
Myanmar,1991,11.5,6.5,24,775
Myanmar,1992,13,6.5,25.5,775
Myanmar,1993,10,3.5,25.5,775
Myanmar,1994,12,3.5,27.5,775
Myanmar,1995,6.5,0,25.5,775
Myanmar,1996,10.5,3.5,26,775
Myanmar,1997,10,6.5,22.5,775
Myanmar,1998,9,5.5,22.5,775
Myanmar,1999,4.5,6,17.5,775
Myanmar,2000,3.75,4.25,18.5,775
Myanmar,2001,0,3.5,15.5,775
Myanmar,2002,3,4,18,775
Namibia,1985,35.5,27,27.5,565
Namibia,1986,37,28.5,27.5,565
Namibia,1987,28,28.5,18.5,565
Namibia,1988,32,27,24,565
Namibia,1989,27,28.5,17.5,565
Namibia,1990,29.5,25.5,23,565
Namibia,1991,30.5,25,24.5,565
Namibia,1992,34,28.5,24.5,565
Namibia,1993,34,27,26,565
Namibia,1994,34,27,26,565
Namibia,1995,32,25,26,565
Namibia,1996,33.5,26.5,26,565
Namibia,1997,32,25,26,565
Namibia,1998,29,25,23,565
Namibia,1999,33.5,26.5,26,565
Namibia,2000,28.5,25,22.5,565
Namibia,2001,27.5,25,21.5,565
Namibia,2002,23,25,17,565
Nauru,1985,,,,970
Nauru,1986,,,,970
Nauru,1987,,,,970
Nauru,1988,,,,970
Nauru,1989,32.5,28.5,23,970
Nauru,1990,35.5,28.5,26,970
Nauru,1991,34,28.5,24.5,970
Nauru,1992,34,28.5,24.5,970
Nauru,1993,35.5,28.5,26,970
Nauru,1994,31,28.5,21.5,970
Nauru,1995,35.5,28.5,26,970
Nauru,1996,34,28.5,24.5,970
Nauru,1997,32.5,28.5,23,970
Nauru,1998,32.5,28.5,23,970
Nauru,1999,32.5,28.5,23,970
Nauru,2000,32.5,28.5,23,970
Nauru,2001,34,28.5,24.5,970
Nauru,2002,32.5,28.5,23,970
Nepal,1985,23.5,18.5,24,790
Nepal,1986,9.25,11.75,16.5,790
Nepal,1987,12.5,13.5,18,790
Nepal,1988,12.5,11.5,20,790
Nepal,1989,25.5,23.5,21,790
Nepal,1990,35.5,28.5,26,790
Nepal,1991,29,27,21,790
Nepal,1992,26,24,21,790
Nepal,1993,28,26.5,20.5,790
Nepal,1994,35.5,27,27.5,790
Nepal,1995,32,27,24,790
Nepal,1996,25,27,17,790
Nepal,1997,31,25.5,24.5,790
Nepal,1998,32.5,24,27.5,790
Nepal,1999,26,25,20,790
Nepal,2000,25,25,19,790
Nepal,2001,32.5,27,24.5,790
Nepal,2002,27,25,21,790
Netherlands,1985,33.75,25.25,27.5,210
Netherlands,1986,32.5,27,24.5,210
Netherlands,1987,34,27,26,210
Netherlands,1988,32.25,25.25,26,210
Netherlands,1989,32.25,25.25,26,210
Netherlands,1990,30.75,25.25,24.5,210
Netherlands,1991,32.5,27,24.5,210
Netherlands,1992,34,27,26,210
Netherlands,1993,32.5,27,24.5,210
Netherlands,1994,35.5,27,27.5,210
Netherlands,1995,37,28.5,27.5,210
Netherlands,1996,35.5,27,27.5,210
Netherlands,1997,35.5,27,27.5,210
Netherlands,1998,35.5,27,27.5,210
Netherlands,1999,35.5,27,27.5,210
Netherlands,2000,35.5,27,27.5,210
Netherlands,2001,33.5,25,27.5,210
Netherlands,2002,34,27,26,210
New Zealand,1985,35.5,28.5,26,920
New Zealand,1986,35.5,28.5,26,920
New Zealand,1987,37,28.5,27.5,920
New Zealand,1988,35.5,28.5,26,920
New Zealand,1989,34,27,26,920
New Zealand,1990,37,28.5,27.5,920
New Zealand,1991,32.5,28.5,23,920
New Zealand,1992,31,28.5,21.5,920
New Zealand,1993,34,28.5,24.5,920
New Zealand,1994,32.25,26.75,24.5,920
New Zealand,1995,34,27,26,920
New Zealand,1996,34,28.5,24.5,920
New Zealand,1997,34,28.5,24.5,920
New Zealand,1998,32.5,28.5,23,920
New Zealand,1999,30.5,28.5,21,920
New Zealand,2000,34,28.5,24.5,920
New Zealand,2001,32.25,25.25,26,920
New Zealand,2002,32.5,25.5,26,920
Nicaragua,1985,11,13.5,16.5,93
Nicaragua,1986,14.5,16.5,17,93
Nicaragua,1987,13,20.5,11.5,93
Nicaragua,1988,16.5,23.5,12,93
Nicaragua,1989,13,16.5,15.5,93
Nicaragua,1990,30,28.5,20.5,93
Nicaragua,1991,25,27,17,93
Nicaragua,1992,15.5,19,15.5,93
Nicaragua,1993,21.5,20.5,20,93
Nicaragua,1994,14,15.5,17.5,93
Nicaragua,1995,29,20.5,27.5,93
Nicaragua,1996,32.5,28.5,23,93
Nicaragua,1997,16.5,18.5,17,93
Nicaragua,1998,31,25.5,24.5,93
Nicaragua,1999,20.75,16.75,23,93
Nicaragua,2000,18.5,20,17.5,93
Nicaragua,2001,20.75,18.25,21.5,93
Nicaragua,2002,20,21.5,17.5,93
Niger,1985,32.5,25.5,26,436
Niger,1986,32.5,25.5,26,436
Niger,1987,32.5,25.5,26,436
Niger,1988,31.5,26,24.5,436
Niger,1989,31,25.5,24.5,436
Niger,1990,31,25.5,24.5,436
Niger,1991,35.5,28.5,26,436
Niger,1992,35.5,28.5,26,436
Niger,1993,34,28.5,24.5,436
Niger,1994,27.5,24,22.5,436
Niger,1995,32.5,24,27.5,436
Niger,1996,32,27,24,436
Niger,1997,28,28.5,18.5,436
Niger,1998,32,27,24,436
Niger,1999,29,27,21,436
Niger,2000,30.5,25.5,24,436
Niger,2001,32.5,27,24.5,436
Niger,2002,32,25,26,436
Nigeria,1985,24.5,22.5,21,475
Nigeria,1986,24.5,19.5,24,475
Nigeria,1987,24,21,22,475
Nigeria,1988,21,21,19,475
Nigeria,1989,21.5,19.5,21,475
Nigeria,1990,27.5,25.5,21,475
Nigeria,1991,27,22,24,475
Nigeria,1992,26,20.5,24.5,475
Nigeria,1993,19.5,17.5,21,475
Nigeria,1994,15,20.5,13.5,475
Nigeria,1995,8.5,16,11.5,475
Nigeria,1996,12.5,19.5,12,475
Nigeria,1997,7.75,16.25,10.5,475
Nigeria,1998,14.5,18,15.5,475
Nigeria,1999,12,15.5,15.5,475
Nigeria,2000,17.5,17.5,19,475
Nigeria,2001,16,19,16,475
Nigeria,2002,13,16,16,475
Norway,1985,35.5,27,27.5,385
Norway,1986,35.5,27,27.5,385
Norway,1987,35.5,27,27.5,385
Norway,1988,35.5,27,27.5,385
Norway,1989,31,24,26,385
Norway,1990,35.5,27,27.5,385
Norway,1991,35.5,27,27.5,385
Norway,1992,34,25.5,27.5,385
Norway,1993,35.5,27,27.5,385
Norway,1994,35.5,27,27.5,385
Norway,1995,35.5,27,27.5,385
Norway,1996,35.5,27,27.5,385
Norway,1997,34,25.5,27.5,385
Norway,1998,32.5,25.5,26,385
Norway,1999,32.5,25.5,26,385
Norway,2000,34,25.5,27.5,385
Norway,2001,35.5,27,27.5,385
Norway,2002,34,27,26,385
Oman,1985,23.5,16.5,26,698
Oman,1986,23.5,16.5,26,698
Oman,1987,23.5,16.5,26,698
Oman,1988,25,16.5,27.5,698
Oman,1989,23.5,16.5,26,698
Oman,1990,22,16.5,24.5,698
Oman,1991,15,6.5,27.5,698
Oman,1992,22,16.5,24.5,698
Oman,1993,20.5,16.5,23,698
Oman,1994,30.5,26.5,23,698
Oman,1995,11.5,4.5,26,698
Oman,1996,20,13,26,698
Oman,1997,31.5,24.5,26,698
Oman,1998,13.5,6.5,26,698
Oman,1999,13.5,5,27.5,698
Oman,2000,13.5,6.5,26,698
Oman,2001,22,15,26,698
Oman,2002,10.5,5,24.5,698
Pakistan,1985,17.25,10.25,26,770
Pakistan,1986,22.75,17.25,24.5,770
Pakistan,1987,24.25,17.25,26,770
Pakistan,1988,19.75,17.25,21.5,770
Pakistan,1989,25.25,19.75,24.5,770
Pakistan,1990,28.75,24.75,23,770
Pakistan,1991,16.25,19.75,15.5,770
Pakistan,1992,23.25,19.25,23,770
Pakistan,1993,14.5,19.5,14,770
Pakistan,1994,11.25,16.25,14,770
Pakistan,1995,20.25,21.25,18,770
Pakistan,1996,11,14.5,15.5,770
Pakistan,1997,10,13,16,770
Pakistan,1998,7.5,9.5,17,770
Pakistan,1999,15.25,16.75,17.5,770
Pakistan,2000,16.25,16.75,18.5,770
Pakistan,2001,16.25,19.75,15.5,770
Pakistan,2002,16.75,18.25,17.5,770
Palau,1985,,,,986
Palau,1986,,,,986
Palau,1987,,,,986
Palau,1988,,,,986
Palau,1989,,,,986
Palau,1990,,,,986
Palau,1991,,,,986
Palau,1992,37,28.5,27.5,986
Palau,1993,,,,986
Palau,1994,,,,986
Palau,1995,,,,986
Palau,1996,34,28.5,24.5,986
Palau,1997,34,28.5,24.5,986
Palau,1998,35.5,28.5,26,986
Palau,1999,34,28.5,24.5,986
Palau,2000,34,28.5,24.5,986
Palau,2001,34,28.5,24.5,986
Palau,2002,34,28.5,24.5,986
Panama,1985,26.25,21.75,23.5,95
Panama,1986,34,28.5,24.5,95
Panama,1987,25.5,23,21.5,95
Panama,1988,22.5,23,18.5,95
Panama,1989,15.25,16.75,17.5,95
Panama,1990,10.75,16.75,13,95
Panama,1991,16.25,16.75,18.5,95
Panama,1992,19.25,16.75,21.5,95
Panama,1993,17.75,19.75,17,95
Panama,1994,30.75,23.75,26,95
Panama,1995,22,22,19,95
Panama,1996,17.75,18.75,18,95
Panama,1997,21,18.5,21.5,95
Panama,1998,18,18,19,95
Panama,1999,20.75,15.25,24.5,95
Panama,2000,14.25,13.75,19.5,95
Panama,2001,14.75,15.25,18.5,95
Panama,2002,17.75,15.25,21.5,95
Papua New Guinea,1985,37,28.5,27.5,910
Papua New Guinea,1986,37,28.5,27.5,910
Papua New Guinea,1987,37,28.5,27.5,910
Papua New Guinea,1988,37,28.5,27.5,910
Papua New Guinea,1989,35.5,27,27.5,910
Papua New Guinea,1990,35.5,28.5,26,910
Papua New Guinea,1991,30,27,22,910
Papua New Guinea,1992,31,25.5,24.5,910
Papua New Guinea,1993,32.5,25.5,26,910
Papua New Guinea,1994,34,27,26,910
Papua New Guinea,1995,35.5,28.5,26,910
Papua New Guinea,1996,35.5,27,27.5,910
Papua New Guinea,1997,32.5,25.5,26,910
Papua New Guinea,1998,32,25.5,25.5,910
Papua New Guinea,1999,31,27,23,910
Papua New Guinea,2000,35.5,27,27.5,910
Papua New Guinea,2001,35.5,27,27.5,910
Papua New Guinea,2002,34,27,26,910
Paraguay,1985,13.5,15.5,17,150
Paraguay,1986,23,24,18,150
Paraguay,1987,13,15.5,16.5,150
Paraguay,1988,12,19,12,150
Paraguay,1989,15.25,20.25,14,150
Paraguay,1990,25.5,22,22.5,150
Paraguay,1991,16.75,21.75,14,150
Paraguay,1992,22.25,23.25,18,150
Paraguay,1993,22.75,20.25,21.5,150
Paraguay,1994,24,24,19,150
Paraguay,1995,20,22,17,150
Paraguay,1996,19.75,20.25,18.5,150
Paraguay,1997,26,22,23,150
Paraguay,1998,20.5,20.5,19,150
Paraguay,1999,22.5,22,19.5,150
Paraguay,2000,16.5,22,13.5,150
Paraguay,2001,21,22,18,150
Paraguay,2002,19,22,16,150
Peru,1985,21,25.5,14.5,135
Peru,1986,28,25.5,21.5,135
Peru,1987,28,25.5,21.5,135
Peru,1988,17.5,22.5,14,135
Peru,1989,20,27,12,135
Peru,1990,17.5,21,15.5,135
Peru,1991,11,17.5,12.5,135
Peru,1992,7.5,18,8.5,135
Peru,1993,17.75,21.75,15,135
Peru,1994,10.5,15.5,14,135
Peru,1995,20.5,20,19.5,135
Peru,1996,19,20,18,135
Peru,1997,14.5,19,14.5,135
Peru,1998,18.25,19.25,18,135
Peru,1999,14,19,14,135
Peru,2000,13,18.5,13.5,135
Peru,2001,18.5,19,18.5,135
Peru,2002,15.5,20.5,14,135
Philippines,1985,21.25,20.25,20,840
Philippines,1986,35,28.5,25.5,840
Philippines,1987,26.5,25.5,20,840
Philippines,1988,27.5,28.5,18,840
Philippines,1989,25,27,17,840
Philippines,1990,19,24,14,840
Philippines,1991,23,23,19,840
Philippines,1992,25,27,17,840
Philippines,1993,16.75,18.75,17,840
Philippines,1994,17.75,20.25,16.5,840
Philippines,1995,16.75,16.75,19,840
Philippines,1996,20.25,19.25,20,840
Philippines,1997,17.75,17.75,19,840
Philippines,1998,15.75,17.25,17.5,840
Philippines,1999,18.25,19.25,18,840
Philippines,2000,9.25,16.25,12,840
Philippines,2001,13.75,16.75,16,840
Philippines,2002,12.75,17.25,14.5,840
Poland,1985,7,12,14,290
Poland,1986,22,23.5,17.5,290
Poland,1987,17.5,20,16.5,290
Poland,1988,19,22,16,290
Poland,1989,27.5,27,19.5,290
Poland,1990,29,23.5,24.5,290
Poland,1991,27.5,22,24.5,290
Poland,1992,29,23.5,24.5,290
Poland,1993,27.5,25,21.5,290
Poland,1994,28,27,20,290
Poland,1995,32.5,27,24.5,290
Poland,1996,27.5,25.5,21,290
Poland,1997,32.5,27,24.5,290
Poland,1998,31,27,23,290
Poland,1999,21.5,22,18.5,290
Poland,2000,23,24,18,290
Poland,2001,19.5,22,16.5,290
Poland,2002,20.5,25,14.5,290
Portugal,1985,32,26.5,24.5,235
Portugal,1986,37,28.5,27.5,235
Portugal,1987,28,25,22,235
Portugal,1988,34,28.5,24.5,235
Portugal,1989,34,27,26,235
Portugal,1990,37,28.5,27.5,235
Portugal,1991,34,27,26,235
Portugal,1992,35.5,28.5,26,235
Portugal,1993,35.5,28.5,26,235
Portugal,1994,35.5,28.5,26,235
Portugal,1995,34,27,26,235
Portugal,1996,35.5,28.5,26,235
Portugal,1997,34,28.5,24.5,235
Portugal,1998,32,23.5,27.5,235
Portugal,1999,34,28.5,24.5,235
Portugal,2000,34,27,26,235
Portugal,2001,34,27,26,235
Portugal,2002,32.5,25.5,26,235
Qatar,1985,23.5,16.5,26,694
Qatar,1986,17,8.5,27.5,694
Qatar,1987,17,8.5,27.5,694
Qatar,1988,15.5,8.5,26,694
Qatar,1989,14.5,6,27.5,694
Qatar,1990,15.5,7,27.5,694
Qatar,1991,17,8.5,27.5,694
Qatar,1992,14,7,26,694
Qatar,1993,13.5,5,27.5,694
Qatar,1994,10.5,5.5,24,694
Qatar,1995,15.5,7,27.5,694
Qatar,1996,7.5,2,24.5,694
Qatar,1997,10.5,5,24.5,694
Qatar,1998,12,3.5,27.5,694
Qatar,1999,15.5,7,27.5,694
Qatar,2000,14,7,26,694
Qatar,2001,12,5,26,694
Qatar,2002,10.5,5,24.5,694
Romania,1985,18,12.5,24.5,360
Romania,1986,18,12.5,24.5,360
Romania,1987,12,12,19,360
Romania,1988,15.5,17,17.5,360
Romania,1989,12,17,14,360
Romania,1990,32.5,28.5,23,360
Romania,1991,34,27,26,360
Romania,1992,22.75,20.25,21.5,360
Romania,1993,24.25,21.75,21.5,360
Romania,1994,22.25,18.75,22.5,360
Romania,1995,23,22.5,19.5,360
Romania,1996,19.25,20.25,18,360
Romania,1997,21.25,18.75,21.5,360
Romania,1998,26.5,24,21.5,360
Romania,1999,14.25,17.25,16,360
Romania,2000,15.25,16.75,17.5,360
Romania,2001,21.5,22,18.5,360
Romania,2002,21.5,22,18.5,360
Russian Federation,1985,15.5,14,20.5,365
Russian Federation,1986,20.5,15,24.5,365
Russian Federation,1987,16.5,15,20.5,365
Russian Federation,1988,21,17,23,365
Russian Federation,1989,29.5,24,24.5,365
Russian Federation,1990,31,27,23,365
Russian Federation,1991,23.5,23.5,19,365
Russian Federation,1992,19,24,14,365
Russian Federation,1993,21,20.5,19.5,365
Russian Federation,1994,16,24,11,365
Russian Federation,1995,19,23.5,14.5,365
Russian Federation,1996,19,23.5,14.5,365
Russian Federation,1997,23,23.5,18.5,365
Russian Federation,1998,15.5,20.5,14,365
Russian Federation,1999,15,23.5,10.5,365
Russian Federation,2000,21,24,16,365
Russian Federation,2001,17.5,24,12.5,365
Russian Federation,2002,19,24,14,365
Rwanda,1985,30.5,23.5,26,517
Rwanda,1986,34,25.5,27.5,517
Rwanda,1987,32.5,25.5,26,517
Rwanda,1988,31.5,26,24.5,517
Rwanda,1989,32.5,25.5,26,517
Rwanda,1990,34,27,26,517
Rwanda,1991,35,26.5,27.5,517
Rwanda,1992,37,28.5,27.5,517
Rwanda,1993,32,23.5,27.5,517
Rwanda,1994,32.5,25.5,26,517
Rwanda,1995,22,23.5,17.5,517
Rwanda,1996,29.5,22.5,26,517
Rwanda,1997,14.5,24,9.5,517
Rwanda,1998,24,22,21,517
Rwanda,1999,28,24,23,517
Rwanda,2000,18.75,18.75,19,517
Rwanda,2001,22.25,20.25,21,517
Rwanda,2002,24.5,22,21.5,517
San Marino,1985,,,,331
San Marino,1986,,,,331
San Marino,1987,,,,331
San Marino,1988,,,,331
San Marino,1989,,,,331
San Marino,1990,,,,331
San Marino,1991,37,28.5,27.5,331
San Marino,1992,37,28.5,27.5,331
San Marino,1993,37,28.5,27.5,331
San Marino,1994,37,28.5,27.5,331
San Marino,1995,37,28.5,27.5,331
San Marino,1996,37,28.5,27.5,331
San Marino,1997,37,28.5,27.5,331
San Marino,1998,37,28.5,27.5,331
San Marino,1999,37,28.5,27.5,331
San Marino,2000,37,28.5,27.5,331
San Marino,2001,35,26.5,27.5,331
San Marino,2002,35,26.5,27.5,331
Sao Tome and Principe,1985,37,28.5,27.5,403
Sao Tome and Principe,1986,35.5,28.5,26,403
Sao Tome and Principe,1987,34,28.5,24.5,403
Sao Tome and Principe,1988,32.5,28.5,23,403
Sao Tome and Principe,1989,32.5,28.5,23,403
Sao Tome and Principe,1990,35.5,28.5,26,403
Sao Tome and Principe,1991,35.5,28.5,26,403
Sao Tome and Principe,1992,35.5,28.5,26,403
Sao Tome and Principe,1993,35.5,28.5,26,403
Sao Tome and Principe,1994,35.5,28.5,26,403
Sao Tome and Principe,1995,37,28.5,27.5,403
Sao Tome and Principe,1996,35.5,28.5,26,403
Sao Tome and Principe,1997,35.5,28.5,26,403
Sao Tome and Principe,1998,37,28.5,27.5,403
Sao Tome and Principe,1999,35.5,28.5,26,403
Sao Tome and Principe,2000,35.5,28.5,26,403
Sao Tome and Principe,2001,30.5,25,24.5,403
Sao Tome and Principe,2002,32.5,27,24.5,403
Saudi Arabia,1985,25,16.5,27.5,670
Saudi Arabia,1986,23.5,16.5,26,670
Saudi Arabia,1987,25,16.5,27.5,670
Saudi Arabia,1988,15,6.5,27.5,670
Saudi Arabia,1989,23.25,14.75,27.5,670
Saudi Arabia,1990,15,6.5,27.5,670
Saudi Arabia,1991,15,6.5,27.5,670
Saudi Arabia,1992,15,6.5,27.5,670
Saudi Arabia,1993,15,6.5,27.5,670
Saudi Arabia,1994,15,6.5,27.5,670
Saudi Arabia,1995,15,6.5,27.5,670
Saudi Arabia,1996,13.5,6.5,26,670
Saudi Arabia,1997,13.5,6.5,26,670
Saudi Arabia,1998,13.5,6.5,26,670
Saudi Arabia,1999,15,6.5,27.5,670
Saudi Arabia,2000,10,6.5,22.5,670
Saudi Arabia,2001,10,1.5,27.5,670
Saudi Arabia,2002,11.5,4.5,26,670
Senegal,1985,33.5,27,25.5,433
Senegal,1986,35.5,27,27.5,433
Senegal,1987,32.5,27,24.5,433
Senegal,1988,35.5,27,27.5,433
Senegal,1989,33.5,28.5,24,433
Senegal,1990,32,25,26,433
Senegal,1991,33.5,28.5,24,433
Senegal,1992,32,25,26,433
Senegal,1993,25.5,18.5,26,433
Senegal,1994,30.5,25,24.5,433
Senegal,1995,30.5,24,25.5,433
Senegal,1996,35.5,27,27.5,433
Senegal,1997,28.5,23.5,24,433
Senegal,1998,22,24,17,433
Senegal,1999,25,23.5,20.5,433
Senegal,2000,24.5,23.5,20,433
Senegal,2001,21.25,21.75,18.5,433
Senegal,2002,26.5,25,20.5,433
Serbia,1985,,,,345
Serbia,1986,,,,345
Serbia,1989,,,,345
Serbia,1990,,,,345
Serbia,1991,17.25,25.25,11,345
Serbia,1992,22.5,24,17.5,345
Serbia,1993,19,25.5,12.5,345
Serbia,1994,,,,345
Serbia,1995,24,27,16,345
Serbia,1996,,,,345
Serbia,1997,,,,345
Serbia,1998,,,,345
Serbia,1999,,,,345
Serbia,2000,21.5,23.5,17,345
Serbia,2001,32,26.5,24.5,345
Serbia,2002,25.5,23.5,21,345
Seychelles,1985,34,25.5,27.5,591
Seychelles,1986,34,25.5,27.5,591
Seychelles,1987,31,25.5,24.5,591
Seychelles,1988,29.5,24,24.5,591
Seychelles,1989,27.5,20.5,26,591
Seychelles,1990,25,21,23,591
Seychelles,1991,27.5,20.5,26,591
Seychelles,1992,25,21,23,591
Seychelles,1993,25,22.5,21.5,591
Seychelles,1994,29.5,25.5,23,591
Seychelles,1995,32,23.5,27.5,591
Seychelles,1996,29.5,25.5,23,591
Seychelles,1997,32.5,25.5,26,591
Seychelles,1998,28.5,27,20.5,591
Seychelles,1999,29,23.5,24.5,591
Seychelles,2000,27,21.5,24.5,591
Seychelles,2001,23.5,18,24.5,591
Seychelles,2002,28,21,26,591
Sierra Leone,1985,35,28.5,25.5,451
Sierra Leone,1986,37,28.5,27.5,451
Sierra Leone,1987,37,28.5,27.5,451
Sierra Leone,1988,35.5,28.5,26,451
Sierra Leone,1989,34.5,26,27.5,451
Sierra Leone,1990,34,25.5,27.5,451
Sierra Leone,1991,37,28.5,27.5,451
Sierra Leone,1992,28.5,25.5,22,451
Sierra Leone,1993,34,27,26,451
Sierra Leone,1994,31,25.5,24.5,451
Sierra Leone,1995,28,24,23,451
Sierra Leone,1996,32.5,25.5,26,451
Sierra Leone,1997,32,27,24,451
Sierra Leone,1998,31,25.5,24.5,451
Sierra Leone,1999,32.5,27,24.5,451
Sierra Leone,2000,24,27,16,451
Sierra Leone,2001,32,25,26,451
Sierra Leone,2002,32,25,26,451
Singapore,1985,28.75,25.25,22.5,830
Singapore,1986,35,26.5,27.5,830
Singapore,1987,32,23.5,27.5,830
Singapore,1988,32.5,27,24.5,830
Singapore,1989,27.5,25,21.5,830
Singapore,1990,32,25,26,830
Singapore,1991,31,27,23,830
Singapore,1992,28,25.5,21.5,830
Singapore,1993,29,23.5,24.5,830
Singapore,1994,29.25,25.25,23,830
Singapore,1995,32.5,27,24.5,830
Singapore,1996,27.5,23.5,23,830
Singapore,1997,32.5,25.5,26,830
Singapore,1998,31,25.5,24.5,830
Singapore,1999,23,19,23,830
Singapore,2000,20,19,20,830
Singapore,2001,24.5,19,24.5,830
Singapore,2002,20,19,20,830
Slovak Republic,1985,21.5,15,25.5,317
Slovak Republic,1986,16.5,13.5,22,317
Slovak Republic,1987,16,15,20,317
Slovak Republic,1988,16.5,13.5,22,317
Slovak Republic,1989,18,13.5,23.5,317
Slovak Republic,1990,35.5,28.5,26,317
Slovak Republic,1991,34,28.5,24.5,317
Slovak Republic,1992,34,27,26,317
Slovak Republic,1993,37,28.5,27.5,317
Slovak Republic,1994,37,28.5,27.5,317
Slovak Republic,1995,37,28.5,27.5,317
Slovak Republic,1996,37,28.5,27.5,317
Slovak Republic,1997,34,28.5,24.5,317
Slovak Republic,1998,34,27,26,317
Slovak Republic,1999,26,25.5,19.5,317
Slovak Republic,2000,32.5,25.5,26,317
Slovak Republic,2001,32.5,27,24.5,317
Slovak Republic,2002,34,28.5,24.5,317
Slovenia,1985,35.5,28.5,26,349
Slovenia,1986,35.5,28.5,26,349
Slovenia,1987,35.5,28.5,26,349
Slovenia,1988,34,28.5,24.5,349
Slovenia,1989,35.5,27,27.5,349
Slovenia,1990,27,28.5,17.5,349
Slovenia,1991,17.25,25.25,11,349
Slovenia,1992,35.5,28.5,26,349
Slovenia,1993,34,27,26,349
Slovenia,1994,31,27,23,349
Slovenia,1995,35.5,27,27.5,349
Slovenia,1996,35.5,27,27.5,349
Slovenia,1997,35.5,27,27.5,349
Slovenia,1998,35.5,27,27.5,349
Slovenia,1999,35.5,27,27.5,349
Slovenia,2000,34,27,26,349
Slovenia,2001,33.5,25,27.5,349
Slovenia,2002,33.5,25,27.5,349
Solomon Islands,1985,35.5,28.5,26,940
Solomon Islands,1986,35.5,27,27.5,940
Solomon Islands,1987,37,28.5,27.5,940
Solomon Islands,1988,35.5,27,27.5,940
Solomon Islands,1989,35.5,27,27.5,940
Solomon Islands,1990,35.5,27,27.5,940
Solomon Islands,1991,37,28.5,27.5,940
Solomon Islands,1992,35.5,28.5,26,940
Solomon Islands,1993,37,28.5,27.5,940
Solomon Islands,1994,37,28.5,27.5,940
Solomon Islands,1995,37,28.5,27.5,940
Solomon Islands,1996,37,28.5,27.5,940
Solomon Islands,1997,33.5,28.5,24,940
Solomon Islands,1998,33.5,28.5,24,940
Solomon Islands,1999,35.5,28.5,26,940
Solomon Islands,2000,35.5,28.5,26,940
Solomon Islands,2001,37,28.5,27.5,940
Solomon Islands,2002,35.5,28.5,26,940
Somalia,1985,33.5,25,27.5,520
Somalia,1986,33.5,25,27.5,520
Somalia,1987,32,23.5,27.5,520
Somalia,1988,30.5,23.5,26,520
Somalia,1989,32,25,26,520
Somalia,1990,30.5,23.5,26,520
Somalia,1991,25.5,28.5,16,520
Somalia,1992,25.5,28.5,16,520
Somalia,1993,27,28.5,17.5,520
Somalia,1994,27,28.5,17.5,520
Somalia,1995,27,28.5,17.5,520
Somalia,1996,23,28.5,13.5,520
Somalia,1997,25,28.5,15.5,520
Somalia,1998,21.5,28.5,12,520
Somalia,1999,25,28.5,15.5,520
Somalia,2000,25,28.5,15.5,520
Somalia,2001,27,28.5,17.5,520
Somalia,2002,27,28.5,17.5,520
South Africa,1985,20,26,13,560
South Africa,1986,17,25,11,560
South Africa,1987,16.75,23.25,12.5,560
South Africa,1988,15.75,21.75,13,560
South Africa,1989,17.25,23.25,13,560
South Africa,1990,28.75,25.25,22.5,560
South Africa,1991,17.25,23.25,13,560
South Africa,1992,14.25,23.25,10,560
South Africa,1993,21.75,21.75,19,560
South Africa,1994,24.75,23.25,20.5,560
South Africa,1995,35.5,27,27.5,560
South Africa,1996,34,27,26,560
South Africa,1997,34,28.5,24.5,560
South Africa,1998,32.5,25.5,26,560
South Africa,1999,33.5,28.5,24,560
South Africa,2000,30.5,26.5,23,560
South Africa,2001,26,28.5,16.5,560
South Africa,2002,23.5,27,15.5,560
Spain,1985,37,28.5,27.5,230
Spain,1986,35.5,28.5,26,230
Spain,1987,34,28.5,24.5,230
Spain,1988,35.5,28.5,26,230
Spain,1989,34,27,26,230
Spain,1990,32,25,26,230
Spain,1991,35.5,28.5,26,230
Spain,1992,37,28.5,27.5,230
Spain,1993,35.5,27,27.5,230
Spain,1994,26,23.5,21.5,230
Spain,1995,37,28.5,27.5,230
Spain,1996,30.5,26.5,23,230
Spain,1997,32,25,26,230
Spain,1998,35,26.5,27.5,230
Spain,1999,30.5,25,24.5,230
Spain,2000,25,25,19,230
Spain,2001,26,23.5,21.5,230
Spain,2002,28.5,25,22.5,230
Sri Lanka,1985,33.5,25,27.5,780
Sri Lanka,1986,34,27,26,780
Sri Lanka,1987,35.5,27,27.5,780
Sri Lanka,1988,28,23,24,780
Sri Lanka,1989,26.5,25,20.5,780
Sri Lanka,1990,30,25,24,780
Sri Lanka,1991,26.75,21.25,24.5,780
Sri Lanka,1992,28,23.5,23.5,780
Sri Lanka,1993,29,25.5,22.5,780
Sri Lanka,1994,28.5,25,22.5,780
Sri Lanka,1995,34,27,26,780
Sri Lanka,1996,23.5,25,17.5,780
Sri Lanka,1997,27.5,25,21.5,780
Sri Lanka,1998,26.5,25,20.5,780
Sri Lanka,1999,27,25,21,780
Sri Lanka,2000,27,23,23,780
Sri Lanka,2001,29,23.5,24.5,780
Sri Lanka,2002,25.5,25,19.5,780
St. Kitts and Nevis,1985,37,28.5,27.5,60
St. Kitts and Nevis,1986,37,28.5,27.5,60
St. Kitts and Nevis,1987,37,28.5,27.5,60
St. Kitts and Nevis,1988,35.5,28.5,26,60
St. Kitts and Nevis,1989,34,28.5,24.5,60
St. Kitts and Nevis,1990,32.5,28.5,23,60
St. Kitts and Nevis,1991,34,28.5,24.5,60
St. Kitts and Nevis,1992,37,28.5,27.5,60
St. Kitts and Nevis,1993,35.5,28.5,26,60
St. Kitts and Nevis,1994,34,28.5,24.5,60
St. Kitts and Nevis,1995,37,28.5,27.5,60
St. Kitts and Nevis,1996,37,28.5,27.5,60
St. Kitts and Nevis,1997,37,28.5,27.5,60
St. Kitts and Nevis,1998,37,28.5,27.5,60
St. Kitts and Nevis,1999,35.5,28.5,26,60
St. Kitts and Nevis,2000,32,26.5,24.5,60
St. Kitts and Nevis,2001,34,27,26,60
St. Kitts and Nevis,2002,35.5,28.5,26,60
St. Lucia,1985,35.5,27,27.5,56
St. Lucia,1986,35.5,27,27.5,56
St. Lucia,1987,37,28.5,27.5,56
St. Lucia,1988,35.5,27,27.5,56
St. Lucia,1989,35.5,27,27.5,56
St. Lucia,1990,33.5,27,25.5,56
St. Lucia,1991,35,26.5,27.5,56
St. Lucia,1992,34,28.5,24.5,56
St. Lucia,1993,33.5,26.5,26,56
St. Lucia,1994,35.5,27,27.5,56
St. Lucia,1995,34,27,26,56
St. Lucia,1996,35.5,28.5,26,56
St. Lucia,1997,32,26.5,24.5,56
St. Lucia,1998,34,28.5,24.5,56
St. Lucia,1999,31,28.5,21.5,56
St. Lucia,2000,32.5,28.5,23,56
St. Lucia,2001,33.5,25,27.5,56
St. Lucia,2002,33.5,25,27.5,56
St. Vincent and the Grenadines,1985,37,28.5,27.5,57
St. Vincent and the Grenadines,1986,37,28.5,27.5,57
St. Vincent and the Grenadines,1987,37,28.5,27.5,57
St. Vincent and the Grenadines,1988,37,28.5,27.5,57
St. Vincent and the Grenadines,1989,34,27,26,57
St. Vincent and the Grenadines,1990,35.5,28.5,26,57
St. Vincent and the Grenadines,1991,34,28.5,24.5,57
St. Vincent and the Grenadines,1992,35.5,28.5,26,57
St. Vincent and the Grenadines,1993,35.5,28.5,26,57
St. Vincent and the Grenadines,1994,34,28.5,24.5,57
St. Vincent and the Grenadines,1995,35.5,28.5,26,57
St. Vincent and the Grenadines,1996,35.5,28.5,26,57
St. Vincent and the Grenadines,1997,34,28.5,24.5,57
St. Vincent and the Grenadines,1998,35.5,28.5,26,57
St. Vincent and the Grenadines,1999,34,28.5,24.5,57
St. Vincent and the Grenadines,2000,32.5,28.5,23,57
St. Vincent and the Grenadines,2001,34,28.5,24.5,57
St. Vincent and the Grenadines,2002,31,27,23,57
Sudan,1985,31.5,26.5,24,625
Sudan,1986,30.5,22,27.5,625
Sudan,1987,30.5,22,27.5,625
Sudan,1988,22,25,16,625
Sudan,1989,14,16.5,16.5,625
Sudan,1990,21.5,23.5,17,625
Sudan,1991,18.5,13.5,24,625
Sudan,1992,14.5,15,18.5,625
Sudan,1993,10,10,19,625
Sudan,1994,20,18.5,20.5,625
Sudan,1995,4.5,18,5.5,625
Sudan,1996,2.5,8,13.5,625
Sudan,1997,9.5,16.5,12,625
Sudan,1998,15,20,14,625
Sudan,1999,3,6.5,15.5,625
Sudan,2000,6,11.5,13.5,625
Sudan,2001,13.5,20,12.5,625
Sudan,2002,7,10.5,15.5,625
Suriname,1985,33.5,28.5,24,115
Suriname,1986,34,27,26,115
Suriname,1987,33.5,28.5,24,115
Suriname,1988,37,28.5,27.5,115
Suriname,1989,35.5,28.5,26,115
Suriname,1990,34,28.5,24.5,115
Suriname,1991,35.5,28.5,26,115
Suriname,1992,35.5,27,27.5,115
Suriname,1993,35.5,27,27.5,115
Suriname,1994,35.5,27,27.5,115
Suriname,1995,35.5,27,27.5,115
Suriname,1996,35.5,27,27.5,115
Suriname,1997,35.5,27,27.5,115
Suriname,1998,35.5,27,27.5,115
Suriname,1999,37,28.5,27.5,115
Suriname,2000,37,28.5,27.5,115
Suriname,2001,37,28.5,27.5,115
Suriname,2002,35.5,28.5,26,115
Swaziland,1985,32.5,27,24.5,572
Swaziland,1986,32.5,27,24.5,572
Swaziland,1987,31,27,23,572
Swaziland,1988,29.5,25.5,23,572
Swaziland,1989,23.5,23,19.5,572
Swaziland,1990,18.5,15,22.5,572
Swaziland,1991,20.5,15,24.5,572
Swaziland,1992,30,26,23,572
Swaziland,1993,23,17.5,24.5,572
Swaziland,1994,19.5,18,20.5,572
Swaziland,1995,9.5,15,13.5,572
Swaziland,1996,4.5,13.5,10,572
Swaziland,1997,10.5,17.5,12,572
Swaziland,1998,4.5,13.5,10,572
Swaziland,1999,10,15,14,572
Swaziland,2000,7.5,14.5,12,572
Swaziland,2001,19,22,16,572
Swaziland,2002,18,20.5,16.5,572
Sweden,1985,37,28.5,27.5,380
Sweden,1986,37,28.5,27.5,380
Sweden,1987,37,28.5,27.5,380
Sweden,1988,37,28.5,27.5,380
Sweden,1989,37,28.5,27.5,380
Sweden,1990,37,28.5,27.5,380
Sweden,1991,37,28.5,27.5,380
Sweden,1992,37,28.5,27.5,380
Sweden,1993,37,28.5,27.5,380
Sweden,1994,37,28.5,27.5,380
Sweden,1995,35.5,28.5,26,380
Sweden,1996,37,28.5,27.5,380
Sweden,1997,37,28.5,27.5,380
Sweden,1998,37,28.5,27.5,380
Sweden,1999,37,28.5,27.5,380
Sweden,2000,37,28.5,27.5,380
Sweden,2001,37,28.5,27.5,380
Sweden,2002,37,28.5,27.5,380
Switzerland,1985,37,28.5,27.5,225
Switzerland,1986,37,28.5,27.5,225
Switzerland,1987,37,28.5,27.5,225
Switzerland,1988,37,28.5,27.5,225
Switzerland,1989,37,28.5,27.5,225
Switzerland,1990,37,28.5,27.5,225
Switzerland,1991,35.5,27,27.5,225
Switzerland,1992,35.5,27,27.5,225
Switzerland,1993,35.5,27,27.5,225
Switzerland,1994,35.5,27,27.5,225
Switzerland,1995,35.5,27,27.5,225
Switzerland,1996,37,28.5,27.5,225
Switzerland,1997,35.5,27,27.5,225
Switzerland,1998,35.5,27,27.5,225
Switzerland,1999,35.5,27,27.5,225
Switzerland,2000,35.5,27,27.5,225
Switzerland,2001,34,27,26,225
Switzerland,2002,32.5,27,24.5,225
Syrian Arab Republic,1985,32,23.5,27.5,652
Syrian Arab Republic,1986,32,25,26,652
Syrian Arab Republic,1987,32,25,26,652
Syrian Arab Republic,1988,26.5,22.5,23,652
Syrian Arab Republic,1989,26.5,22.5,23,652
Syrian Arab Republic,1990,29.5,25.5,23,652
Syrian Arab Republic,1991,27.75,22.25,24.5,652
Syrian Arab Republic,1992,20.75,17.25,22.5,652
Syrian Arab Republic,1993,20,18.5,20.5,652
Syrian Arab Republic,1994,22.75,20.75,21,652
Syrian Arab Republic,1995,20.75,18.75,21,652
Syrian Arab Republic,1996,11.25,14.25,16,652
Syrian Arab Republic,1997,14.75,14.25,19.5,652
Syrian Arab Republic,1998,19.5,19,19.5,652
Syrian Arab Republic,1999,20,16,23,652
Syrian Arab Republic,2000,16.5,17.5,18,652
Syrian Arab Republic,2001,20.5,18,21.5,652
Syrian Arab Republic,2002,25,21,23,652
Taiwan,1985,31.5,24.5,26,713
Taiwan,1986,33,24.5,27.5,713
Taiwan,1987,20.5,15,24.5,713
Taiwan,1988,25,19.5,24.5,713
Taiwan,1989,23.5,19.5,23,713
Taiwan,1990,21.5,19.5,21,713
Taiwan,1991,29,24,24,713
Taiwan,1992,25.5,22,22.5,713
Taiwan,1993,29.5,24,24.5,713
Taiwan,1994,25.25,20.25,24,713
Taiwan,1995,25.5,22,22.5,713
Taiwan,1996,19.25,19.25,19,713
Taiwan,1997,18.75,18.75,19,713
Taiwan,1998,20.75,18.75,21,713
Taiwan,1999,16.75,16.25,19.5,713
Taiwan,2000,20.25,16.25,23,713
Taiwan,2001,24.25,21.75,21.5,713
Taiwan,2002,20.25,17.75,21.5,713
Tajikistan,1985,15.5,14,20.5,702
Tajikistan,1986,20.5,15,24.5,702
Tajikistan,1987,16.5,15,20.5,702
Tajikistan,1988,21,17,23,702
Tajikistan,1989,29.5,24,24.5,702
Tajikistan,1990,31,27,23,702
Tajikistan,1991,23.5,23.5,19,702
Tajikistan,1992,37,28.5,27.5,702
Tajikistan,1993,35.5,27,27.5,702
Tajikistan,1994,35.5,28.5,26,702
Tajikistan,1995,33.5,27,25.5,702
Tajikistan,1996,34,27,26,702
Tajikistan,1997,35.5,27,27.5,702
Tajikistan,1998,35.5,27,27.5,702
Tajikistan,1999,34,27,26,702
Tajikistan,2000,32.5,25.5,26,702
Tajikistan,2001,29.5,25.5,23,702
Tajikistan,2002,31,24,26,702
Tanzania,1985,30.5,25,24.5,510
Tanzania,1986,25,25,19,510
Tanzania,1987,31.75,23.25,27.5,510
Tanzania,1988,25.75,20.25,24.5,510
Tanzania,1989,26.25,19.25,26,510
Tanzania,1990,29.25,23.75,24.5,510
Tanzania,1991,29.25,22.75,25.5,510
Tanzania,1992,26.25,20.75,24.5,510
Tanzania,1993,16.25,10.75,24.5,510
Tanzania,1994,20.75,19.25,20.5,510
Tanzania,1995,17.75,10.75,26,510
Tanzania,1996,22.75,19.25,22.5,510
Tanzania,1997,26.25,22.25,23,510
Tanzania,1998,24.25,22.25,21,510
Tanzania,1999,18.25,16.25,21,510
Tanzania,2000,19.75,17.75,21,510
Tanzania,2001,21.75,17.75,23,510
Tanzania,2002,21.75,17.75,23,510
Thailand,1985,34,27,26,800
Thailand,1986,34,27,26,800
Thailand,1987,27.5,20.5,26,800
Thailand,1988,24.5,19.5,24,800
Thailand,1989,26,22,23,800
Thailand,1990,26,22,23,800
Thailand,1991,17.75,19.75,17,800
Thailand,1992,18.25,18.75,18.5,800
Thailand,1993,20.75,17.25,22.5,800
Thailand,1994,17.75,17.25,19.5,800
Thailand,1995,21.25,20.25,20,800
Thailand,1996,19.5,19,19.5,800
Thailand,1997,17.75,15.25,21.5,800
Thailand,1998,14.25,15.75,17.5,800
Thailand,1999,19.75,20.25,18.5,800
Thailand,2000,23.5,21,21.5,800
Thailand,2001,17.75,19.25,17.5,800
Thailand,2002,16.5,21,14.5,800
Togo,1985,30.5,25.5,24,461
Togo,1986,32.5,25.5,26,461
Togo,1987,32.5,24,27.5,461
Togo,1988,30,26,23,461
Togo,1989,26.5,24.5,21,461
Togo,1990,28.75,23.25,24.5,461
Togo,1991,28.5,25,22.5,461
Togo,1992,28,26.5,20.5,461
Togo,1993,23,25,17,461
Togo,1994,28.5,26.5,21,461
Togo,1995,28.5,21.5,26,461
Togo,1996,32,25,26,461
Togo,1997,32,25,26,461
Togo,1998,30,25,24,461
Togo,1999,23,22,20,461
Togo,2000,23.5,23.5,19,461
Togo,2001,22,20,21,461
Togo,2002,24,20,23,461
Tonga,1985,,,,955
Tonga,1986,37,28.5,27.5,955
Tonga,1987,37,28.5,27.5,955
Tonga,1988,27,18.5,27.5,955
Tonga,1989,37,28.5,27.5,955
Tonga,1990,37,28.5,27.5,955
Tonga,1991,35.5,28.5,26,955
Tonga,1992,37,28.5,27.5,955
Tonga,1993,19.75,17.75,21,955
Tonga,1994,34,28.5,24.5,955
Tonga,1995,37,28.5,27.5,955
Tonga,1996,34,28.5,24.5,955
Tonga,1997,31,27,23,955
Tonga,1998,34,28.5,24.5,955
Tonga,1999,35.5,28.5,26,955
Tonga,2000,35.5,28.5,26,955
Tonga,2001,32.5,28.5,23,955
Tonga,2002,32.5,28.5,23,955
Trinidad and Tobago,1985,34,27,26,52
Trinidad and Tobago,1986,37,28.5,27.5,52
Trinidad and Tobago,1987,37,28.5,27.5,52
Trinidad and Tobago,1988,34,27,26,52
Trinidad and Tobago,1989,29.5,25.5,23,52
Trinidad and Tobago,1990,32.5,25.5,26,52
Trinidad and Tobago,1991,31,25.5,24.5,52
Trinidad and Tobago,1992,31,27,23,52
Trinidad and Tobago,1993,32.5,28.5,23,52
Trinidad and Tobago,1994,30.5,25,24.5,52
Trinidad and Tobago,1995,32.5,27,24.5,52
Trinidad and Tobago,1996,31,25.5,24.5,52
Trinidad and Tobago,1997,32.5,25.5,26,52
Trinidad and Tobago,1998,32.5,27,24.5,52
Trinidad and Tobago,1999,29,25.5,22.5,52
Trinidad and Tobago,2000,29.5,25.5,23,52
Trinidad and Tobago,2001,31,25.5,24.5,52
Trinidad and Tobago,2002,31,27,23,52
Tunisia,1985,20.5,27,12.5,616
Tunisia,1986,24.5,26.5,17,616
Tunisia,1987,30.5,27,22.5,616
Tunisia,1988,34,28.5,24.5,616
Tunisia,1989,32,27,24,616
Tunisia,1990,28.5,27,20.5,616
Tunisia,1991,28,25.5,21.5,616
Tunisia,1992,25.5,27,17.5,616
Tunisia,1993,27,27,19,616
Tunisia,1994,27.5,25.5,21,616
Tunisia,1995,28.5,27,20.5,616
Tunisia,1996,27.5,24,22.5,616
Tunisia,1997,24,25.5,17.5,616
Tunisia,1998,31,25.5,24.5,616
Tunisia,1999,22.5,24,17.5,616
Tunisia,2000,21.5,21,19.5,616
Tunisia,2001,26.5,25.5,20,616
Tunisia,2002,29.5,24,24.5,616
Turkey,1985,3.25,5.25,17,640
Turkey,1986,13.5,19.5,13,640
Turkey,1987,9.25,14.75,13.5,640
Turkey,1988,7.5,13,13.5,640
Turkey,1989,6.75,14.25,11.5,640
Turkey,1990,17.75,14.25,22.5,640
Turkey,1991,12.25,15.75,15.5,640
Turkey,1992,14.5,14.5,19,640
Turkey,1993,19.25,15.25,23,640
Turkey,1994,9.75,12.75,16,640
Turkey,1995,10.25,17.25,12,640
Turkey,1996,9.25,16.25,12,640
Turkey,1997,12.25,12.25,19,640
Turkey,1998,9.75,15.25,13.5,640
Turkey,1999,11.25,14.25,16,640
Turkey,2000,7.25,14.25,12,640
Turkey,2001,10.25,17.25,12,640
Turkey,2002,6.25,12.75,12.5,640
Turkmenistan,1985,15.5,14,20.5,701
Turkmenistan,1986,20.5,15,24.5,701
Turkmenistan,1987,16.5,15,20.5,701
Turkmenistan,1988,21,17,23,701
Turkmenistan,1989,29.5,24,24.5,701
Turkmenistan,1990,31,27,23,701
Turkmenistan,1991,23.5,23.5,19,701
Turkmenistan,1992,31,27,23,701
Turkmenistan,1993,32.5,27,24.5,701
Turkmenistan,1994,34,28.5,24.5,701
Turkmenistan,1995,32.5,27,24.5,701
Turkmenistan,1996,22.5,18.5,23,701
Turkmenistan,1997,29.5,27,21.5,701
Turkmenistan,1998,29.5,25.5,23,701
Turkmenistan,1999,31,27,23,701
Turkmenistan,2000,30,27.5,21.5,701
Turkmenistan,2001,28.5,26,21.5,701
Turkmenistan,2002,31,28.5,21.5,701
Tuvalu,1985,,,,947
Tuvalu,1986,,,,947
Tuvalu,1987,,,,947
Tuvalu,1988,,,,947
Tuvalu,1989,,,,947
Tuvalu,1990,,,,947
Tuvalu,1991,37,28.5,27.5,947
Tuvalu,1992,35,26.5,27.5,947
Tuvalu,1993,37,28.5,27.5,947
Tuvalu,1994,35.5,28.5,26,947
Tuvalu,1995,37,28.5,27.5,947
Tuvalu,1996,33.5,26.5,26,947
Tuvalu,1997,35.5,28.5,26,947
Tuvalu,1998,34,28.5,24.5,947
Tuvalu,1999,35.5,28.5,26,947
Tuvalu,2000,37,28.5,27.5,947
Tuvalu,2001,,,,947
Tuvalu,2002,35.5,28.5,26,947
Uganda,1985,35.5,28.5,26,500
Uganda,1986,35.5,27,27.5,500
Uganda,1987,35.5,28.5,26,500
Uganda,1988,32.5,24,27.5,500
Uganda,1989,27.75,23.25,23.5,500
Uganda,1990,33.5,26.5,26,500
Uganda,1991,32,23.5,27.5,500
Uganda,1992,33.5,26.5,26,500
Uganda,1993,32,25,26,500
Uganda,1994,32,26.5,24.5,500
Uganda,1995,28,26.5,20.5,500
Uganda,1996,22,23.5,17.5,500
Uganda,1997,29,23.5,24.5,500
Uganda,1998,20.5,22,17.5,500
Uganda,1999,10.5,12,17.5,500
Uganda,2000,24.5,22,21.5,500
Uganda,2001,21,23.5,16.5,500
Uganda,2002,20.5,22,17.5,500
Ukraine,1985,15.5,14,20.5,369
Ukraine,1986,20.5,15,24.5,369
Ukraine,1987,16.5,15,20.5,369
Ukraine,1988,21,17,23,369
Ukraine,1989,29.5,24,24.5,369
Ukraine,1990,31,27,23,369
Ukraine,1991,23.5,23.5,19,369
Ukraine,1992,31,28.5,21.5,369
Ukraine,1993,26,27,18,369
Ukraine,1994,31,25.5,24.5,369
Ukraine,1995,34,27,26,369
Ukraine,1996,25,27,17,369
Ukraine,1997,31,27,23,369
Ukraine,1998,27,27,19,369
Ukraine,1999,24,23.5,19.5,369
Ukraine,2000,26,25.5,19.5,369
Ukraine,2001,21,22.5,17.5,369
Ukraine,2002,24.5,25.5,18,369
United Arab Emirates,1985,32.5,28.5,23,696
United Arab Emirates,1986,15,6.5,27.5,696
United Arab Emirates,1987,13,4.5,27.5,696
United Arab Emirates,1988,22.5,18.5,23,696
United Arab Emirates,1989,24,18.5,24.5,696
United Arab Emirates,1990,19.5,15.5,23,696
United Arab Emirates,1991,15,6.5,27.5,696
United Arab Emirates,1992,20.5,16.5,23,696
United Arab Emirates,1993,21.5,14.5,26,696
United Arab Emirates,1994,15,6.5,27.5,696
United Arab Emirates,1995,11,2.5,27.5,696
United Arab Emirates,1996,11.75,3.25,27.5,696
United Arab Emirates,1997,10.5,6.5,23,696
United Arab Emirates,1998,20.75,16.75,23,696
United Arab Emirates,1999,13.5,6.5,26,696
United Arab Emirates,2000,20,14.5,24.5,696
United Arab Emirates,2001,15,6.5,27.5,696
United Arab Emirates,2002,7.25,3.25,23,696
United Kingdom,1985,28.5,25,22.5,200
United Kingdom,1986,28.75,23.25,24.5,200
United Kingdom,1987,30,25,24,200
United Kingdom,1988,27.5,25,21.5,200
United Kingdom,1989,25.75,24.75,20,200
United Kingdom,1990,32,25,26,200
United Kingdom,1991,24.25,24.75,18.5,200
United Kingdom,1992,27.5,26.5,20,200
United Kingdom,1993,29,26.5,21.5,200
United Kingdom,1994,22.5,21.5,20,200
United Kingdom,1995,31,27,23,200
United Kingdom,1996,25.5,24.5,20,200
United Kingdom,1997,26,26.5,18.5,200
United Kingdom,1998,31,28.5,21.5,200
United Kingdom,1999,29.5,27,21.5,200
United Kingdom,2000,32,28.5,22.5,200
United Kingdom,2001,29.5,27,21.5,200
United Kingdom,2002,30.5,26.5,23,200
United States,1985,35.25,26.75,27.5,2
United States,1986,37,28.5,27.5,2
United States,1987,34,28.5,24.5,2
United States,1988,30.75,26.75,23,2
United States,1989,29,27,21,2
United States,1990,37,28.5,27.5,2
United States,1991,32.25,26.75,24.5,2
United States,1992,25.75,25.25,19.5,2
United States,1993,32.5,28.5,23,2
United States,1994,27,26.5,19.5,2
United States,1995,31,28.5,21.5,2
United States,1996,28.5,25,22.5,2
United States,1997,23.75,24.75,18,2
United States,1998,25.75,26.75,18,2
United States,1999,28.5,26.5,21,2
United States,2000,28.5,26.5,21,2
United States,2001,27.75,26.75,20,2
United States,2002,25.75,23.25,21.5,2
Uruguay,1985,35,28.5,25.5,165
Uruguay,1986,37,28.5,27.5,165
Uruguay,1987,37,28.5,27.5,165
Uruguay,1988,26.5,27,18.5,165
Uruguay,1989,31,25.5,24.5,165
Uruguay,1990,30.75,25.25,24.5,165
Uruguay,1991,32.25,23.75,27.5,165
Uruguay,1992,32.5,27,24.5,165
Uruguay,1993,37,28.5,27.5,165
Uruguay,1994,34,28.5,24.5,165
Uruguay,1995,35.5,28.5,26,165
Uruguay,1996,32.5,28.5,23,165
Uruguay,1997,34,28.5,24.5,165
Uruguay,1998,33.5,25,27.5,165
Uruguay,1999,23.5,24.5,18,165
Uruguay,2000,34,28.5,24.5,165
Uruguay,2001,29.5,28.5,20,165
Uruguay,2002,29.5,28.5,20,165
Uzbekistan,1985,15.5,14,20.5,704
Uzbekistan,1986,20.5,15,24.5,704
Uzbekistan,1987,16.5,15,20.5,704
Uzbekistan,1988,21,17,23,704
Uzbekistan,1989,29.5,24,24.5,704
Uzbekistan,1990,31,27,23,704
Uzbekistan,1991,23.5,23.5,19,704
Uzbekistan,1992,34,28.5,24.5,704
Uzbekistan,1993,32.5,27,24.5,704
Uzbekistan,1994,34,27,26,704
Uzbekistan,1995,32.5,27,24.5,704
Uzbekistan,1996,32.5,27,24.5,704
Uzbekistan,1997,34,27,26,704
Uzbekistan,1998,26.5,25.5,20,704
Uzbekistan,1999,32.5,28.5,23,704
Uzbekistan,2000,34,28.5,24.5,704
Uzbekistan,2001,34,28.5,24.5,704
Uzbekistan,2002,34,28.5,24.5,704
Vanuatu,1985,37,28.5,27.5,935
Vanuatu,1986,37,28.5,27.5,935
Vanuatu,1987,37,28.5,27.5,935
Vanuatu,1988,37,28.5,27.5,935
Vanuatu,1989,36,27.5,27.5,935
Vanuatu,1990,37,28.5,27.5,935
Vanuatu,1991,36,27.5,27.5,935
Vanuatu,1992,36,27.5,27.5,935
Vanuatu,1993,32.5,27.5,24,935
Vanuatu,1994,24,27.5,15.5,935
Vanuatu,1995,36,27.5,27.5,935
Vanuatu,1996,34.5,27.5,26,935
Vanuatu,1997,33,26,26,935
Vanuatu,1998,37,28.5,27.5,935
Vanuatu,1999,34.5,27.5,26,935
Vanuatu,2000,36,27.5,27.5,935
Vanuatu,2001,36,27.5,27.5,935
Vanuatu,2002,34.5,27.5,26,935
"Venezuela, RB",1985,37,28.5,27.5,101
"Venezuela, RB",1986,37,28.5,27.5,101
"Venezuela, RB",1987,33,28.5,23.5,101
"Venezuela, RB",1988,32,28.5,22.5,101
"Venezuela, RB",1989,35.5,27,27.5,101
"Venezuela, RB",1990,30.25,23.25,26,101
"Venezuela, RB",1991,29.5,25.5,23,101
"Venezuela, RB",1992,32,27,24,101
"Venezuela, RB",1993,31.5,27,23.5,101
"Venezuela, RB",1994,27.75,23.75,23,101
"Venezuela, RB",1995,30.5,25.5,24,101
"Venezuela, RB",1996,27.25,22.25,24,101
"Venezuela, RB",1997,31,25.5,24.5,101
"Venezuela, RB",1998,29.5,24,24.5,101
"Venezuela, RB",1999,31,27,23,101
"Venezuela, RB",2000,19.25,22.25,16,101
"Venezuela, RB",2001,17,24,12,101
"Venezuela, RB",2002,20.5,22,17.5,101
Vietnam,1985,20,15,24,816
Vietnam,1986,20.5,15,24.5,816
Vietnam,1987,20.5,15,24.5,816
Vietnam,1988,19,15,23,816
Vietnam,1989,22,15,26,816
Vietnam,1990,23.5,15,27.5,816
Vietnam,1991,23.5,15,27.5,816
Vietnam,1992,19,13.5,24.5,816
Vietnam,1993,12,5,26,816
Vietnam,1994,25,19.5,24.5,816
Vietnam,1995,26.5,22.5,23,816
Vietnam,1996,25,19.5,24.5,816
Vietnam,1997,25,18,26,816
Vietnam,1998,21.5,18,22.5,816
Vietnam,1999,26.5,21,24.5,816
Vietnam,2000,25.5,21.5,23,816
Vietnam,2001,28,22.5,24.5,816
Vietnam,2002,23.5,20,22.5,816
Western Samoa,1985,37,28.5,27.5,990
Western Samoa,1986,37,28.5,27.5,990
Western Samoa,1987,37,28.5,27.5,990
Western Samoa,1988,37,28.5,27.5,990
Western Samoa,1989,37,28.5,27.5,990
Western Samoa,1990,37,28.5,27.5,990
Western Samoa,1991,37,28.5,27.5,990
Western Samoa,1992,37,28.5,27.5,990
Western Samoa,1993,37,28.5,27.5,990
Western Samoa,1994,37,28.5,27.5,990
Western Samoa,1995,37,28.5,27.5,990
Western Samoa,1996,37,28.5,27.5,990
Western Samoa,1997,37,28.5,27.5,990
Western Samoa,1998,37,28.5,27.5,990
Western Samoa,1999,34,28.5,24.5,990
Western Samoa,2000,35.5,28.5,26,990
Western Samoa,2001,37,28.5,27.5,990
Western Samoa,2002,37,28.5,27.5,990
"Yemen, Rep.",1985,22,15,26,679
"Yemen, Rep.",1986,25.5,17,27.5,679
"Yemen, Rep.",1987,23.5,15,27.5,679
"Yemen, Rep.",1988,32.5,27,24.5,679
"Yemen, Rep.",1989,24.5,22,21.5,679
"Yemen, Rep.",1990,24.5,22,21.5,679
"Yemen, Rep.",1991,17.5,19,17.5,679
"Yemen, Rep.",1992,22.5,22,19.5,679
"Yemen, Rep.",1993,21.5,17.5,23,679
"Yemen, Rep.",1994,17.5,19,17.5,679
"Yemen, Rep.",1995,17.5,15.5,21,679
"Yemen, Rep.",1996,21.75,20.25,20.5,679
"Yemen, Rep.",1997,18,16,21,679
"Yemen, Rep.",1998,21,20.5,19.5,679
"Yemen, Rep.",1999,24.5,19,24.5,679
"Yemen, Rep.",2000,26,22,23,679
"Yemen, Rep.",2001,18,17.5,19.5,679
"Yemen, Rep.",2002,19.5,17.5,21,679
"Yemen, South",1985,,,,680
"Yemen, South",1986,23.5,15,27.5,680
"Yemen, South",1987,24,17,26,680
"Yemen, South",1988,24.5,22,21.5,680
"Yemen, South",1989,,,,680
"Yemen, South",1990,,,,680
"Yemen, South",1991,17.5,19,17.5,680
"Yemen, South",1992,22.5,22,19.5,680
"Yemen, South",1993,,,,680
"Yemen, South",1994,,,,680
"Yemen, South",1995,,,,680
"Yemen, South",1996,,,,680
"Yemen, South",1997,,,,680
"Yemen, South",1998,,,,680
"Yemen, South",1999,,,,680
"Yemen, South",2000,,,,680
"Yemen, South",2001,,,,680
"Yemen, South",2002,,,,680
Zambia,1985,34,27,26,551
Zambia,1986,32.5,24,27.5,551
Zambia,1987,31,25.5,24.5,551
Zambia,1988,26,24,21,551
Zambia,1989,30.5,25.5,24,551
Zambia,1990,32.5,25.5,26,551
Zambia,1991,21,17,23,551
Zambia,1992,19,20,18,551
Zambia,1993,34,27,26,551
Zambia,1994,32.5,25.5,26,551
Zambia,1995,32.5,24,27.5,551
Zambia,1996,31,25.5,24.5,551
Zambia,1997,32.5,25.5,26,551
Zambia,1998,25.5,25.5,19,551
Zambia,1999,29,23.5,24.5,551
Zambia,2000,31,25.5,24.5,551
Zambia,2001,26.5,24,21.5,551
Zambia,2002,23,24,18,551
Zimbabwe,1985,36,27.5,27.5,552
Zimbabwe,1986,32.5,27,24.5,552
Zimbabwe,1987,28.5,28.5,19,552
Zimbabwe,1988,32.5,25.5,26,552
Zimbabwe,1989,29,25.5,22.5,552
Zimbabwe,1990,31,27,23,552
Zimbabwe,1991,28,22.5,24.5,552
Zimbabwe,1992,19,22,16,552
Zimbabwe,1993,17,18.5,17.5,552
Zimbabwe,1994,19.5,17,21.5,552
Zimbabwe,1995,19,18,20,552
Zimbabwe,1996,14.25,14.75,18.5,552
Zimbabwe,1997,13.25,18.25,14,552
Zimbabwe,1998,12.25,18.25,13,552
Zimbabwe,1999,10.25,13.25,16,552
Zimbabwe,2000,13.25,18.25,14,552
Zimbabwe,2001,8.25,18.25,9,552
Zimbabwe,2002,11.75,18.25,12.5,552
