STRUCTURE,STRUCTURE_ID,ACTION,FREQ,REF_AREA,INDICATOR,SEX,AGE,URBANISATION,UNIT_MEASURE,COMP_BREAKDOWN_1,COMP_BREAKDOWN_2,COMP_BREAKDOWN_3,AGG_METHOD,UNIT_TYPE,DECIMALS,DATABASE_ID,TIME_FORMAT,UNIT_MULT,OBS_STATUS,OBS_CONF,FREQ_LABEL,REF_AREA_LABEL,INDICATOR_LABEL,SEX_LABEL,AGE_LABEL,URBANISATION_LABEL,UNIT_MEASURE_LABEL,COMP_BREAKDOWN_1_LABEL,COMP_BREAKDOWN_2_LABEL,COMP_BREAKDOWN_3_LABEL,AGG_METHOD_LABEL,UNIT_TYPE_LABEL,DECIMALS_LABEL,DATABASE_ID_LABEL,TIME_FORMAT_LABEL,UNIT_MULT_LABEL,OBS_STATUS_LABEL,OBS_CONF_LABEL,1961,1962,1963,1964,1965,1966,1967,1968,1969,1970,1971,1972,1973,1974,1975,1976,1977,1978,1979,1980,1981,1982,1983,1984,1985,1986,1987,1988,1989,1990,1991,1992,1993,1994,1995,1996,1997,1998,1999,2000,2001,2002,2003,2004,2005,2006,2007,2008,2009,2010,2011,2012,2013,2014,2015,2016,2017,2018,2019,2020,2021,2022,2023,2024,2025
datastructure,WB.DATA360:DS_DATA360(1.3),I,A,CUB,WB_WDI_NY_GDP_PCAP_KD_ZG,_T,_T,_T,PC_A,_Z,_Z,_Z,_Z,RATIO,2,WB_WDI,P1Y,0,A,PU,Annual,Cuba,GDP per capita growth (annual %),Total,All age ranges or no breakdown by age,Total,Percentage change per annum,Not Applicable,Not Applicable,Not Applicable,Not Applicable,Ratio,Two,World Development Indicators (WDI),Annual,Units,Normal value,Public,,,,,,,,,,,6.713039352319441,3.1629731716264615,1.9655920396998425,-0.2958876876862604,8.25756484504619,4.4199047403729,7.839708759902052,5.898601148149936,0.5562549413342879,-5.251606773026509,19.147281408479458,8.22203902302428,4.58488277642482,7.04820772969525,0.7571830259349781,-0.7549487807951039,-3.2623931374326958,2.7388918714523953,-0.28203791206993856,-3.848224657682451,-11.40798780564846,-12.139370530565131,-15.31183668930727,0.3006850455338821,2.0882643123745055,7.478225038278424,2.4476900063083633,-0.17467807226415744,5.828937116808802,5.563154078504965,2.8607471965775346,1.1227813269210287,3.4967618501721773,5.494101958003839,10.966685116153243,11.906923750545758,7.179252425500749,4.075427544726409,1.4247450966448696,2.3659723658808787,2.7644421019621603,3.0002817503856534,2.793146232942135,1.158528832290088,4.53753785531039,0.5971836451341517,1.9707547151640767,2.4365683745802187,0.053218663924866405,-10.7383538682124,1.747788271567586,2.3483909113422072,-1.5743835905819026,-0.6999611421594949,
datastructure,WB.DATA360:DS_DATA360(1.3),I,A,SSD,WB_WDI_NY_GDP_PCAP_KD_ZG,_T,_T,_T,PC_A,_Z,_Z,_Z,_Z,RATIO,2,WB_WDI,P1Y,0,A,PU,Annual,South Sudan,GDP per capita growth (annual %),Total,All age ranges or no breakdown by age,Total,Percentage change per annum,Not Applicable,Not Applicable,Not Applicable,Not Applicable,Ratio,Two,World Development Indicators (WDI),Annual,Units,Normal value,Public,,,,,,,,,,,,,,,,,,,,,,,,,,,,,,,,,,,,,,,,,,,,,,,,,0.2017100774623657,0.055305220666326704,-9.665518591828018,-48.42872583153075,8.975512360637921,2.740639660220296,-9.769294942539346,,,,,,,,,,
datastructure,WB.DATA360:DS_DATA360(1.3),I,A,MDG,WB_WDI_NY_GDP_PCAP_KD_ZG,_T,_T,_T,PC_A,_Z,_Z,_Z,_Z,RATIO,2,WB_WDI,P1Y,0,A,PU,Annual,Madagascar,GDP per capita growth (annual %),Total,All age ranges or no breakdown by age,Total,Percentage change per annum,Not Applicable,Not Applicable,Not Applicable,Not Applicable,Ratio,Two,World Development Indicators (WDI),Annual,Units,Normal value,Public,-0.5799060190847882,-0.3500663092506642,-3.4582620758122857,1.309705312629191,-3.0055282360215188,-0.5862515042167757,2.739107271167242,3.9489539256628348,0.8705950352378551,2.3212843119652575,0.9507003589941547,-4.140913376683557,-5.473229300686569,-1.0042399351434597,-1.745443111163027,-5.954799120939995,-0.691255504288236,-5.57446503036428,6.564170983153957,-2.05648173389217,-12.453591617440779,-4.760168130930694,-2.025328354294757,-1.16680579675797,-1.7387065668684016,-0.9239384913089026,-1.6681487188603938,0.47673657762594246,1.0914654391543053,0.12937741063889519,-9.065346049609843,-1.8184343355693215,-0.9673655078837271,-3.1002343507275896,-1.4867260037249395,-1.0801869433682612,0.37255508238106927,0.5723370456139634,1.3545720423914815,1.194501965492293,2.7659052436081737,-14.988200508686162,6.614147364382347,2.2319168510367575,1.7317720668287961,2.3472633780323946,2.653099507292268,3.625791508385362,-6.756948552062198,-2.265802527279419,-1.2654822696809163,0.20064094160323975,-0.4443418024216186,0.605710119846222,0.44574870805615774,1.3106359337680118,1.2623699429705795,0.5425190187085178,1.7301372288985846,-9.491825796218464,2.0511586990358524,1.58457442932567,1.6960181482162966,1.8130022722820343,0.562138075333138
datastructure,WB.DATA360:DS_DATA360(1.3),I,A,ARG,WB_WDI_NY_GDP_PCAP_KD_ZG,_T,_T,_T,PC_A,_Z,_Z,_Z,_Z,RATIO,2,WB_WDI,P1Y,0,A,PU,Annual,Argentina,GDP per capita growth (annual %),Total,All age ranges or no breakdown by age,Total,Percentage change per annum,Not Applicable,Not Applicable,Not Applicable,Not Applicable,Ratio,Two,World Development Indicators (WDI),Annual,Units,Normal value,Public,3.697198142470782,-2.4812119556224417,-6.851643196213217,8.371062335271603,8.853455746052362,-2.169542718170433,1.6297229915498264,3.2308508081787295,8.008685389568868,1.450585235702448,4.007823331574684,0.032008914751216366,1.1629035760346085,3.8122522471634426,-1.6232061862168479,-3.5399533480205463,5.25406554729264,-6.020787796128502,8.476652165358729,-0.08563970283850608,-6.696558857214811,-2.3153597537838664,2.690838015506557,-0.03382092168259021,-6.668386606260583,4.515050970923625,1.130142950144105,-2.611124782713219,-8.567869390271582,-3.911192292897141,7.575135073059187,6.453323571139109,6.752114947634169,4.427311622169626,-4.1099359865949765,4.208050172844935,6.805821142934249,2.6365406698450613,-4.493066551708409,-1.9068413922286709,-5.452639033040143,-11.842313817700756,7.718390380060882,7.929517130165323,7.73898107569444,6.941851600890246,7.932610112691634,3.00856892610517,-6.910312115305601,8.968196728992822,4.881272528041492,-2.0383253093713023,1.393512660566813,-3.513264210420033,1.6609125384392343,-3.024500955787616,1.9163960814885286,-3.4155368386781646,-2.695067235335742,-10.336109687851774,10.148559987734899,5.797479801693669,-2.137034735401244,-1.6835270052874591,4.014022369883108
datastructure,WB.DATA360:DS_DATA360(1.3),I,A,CHN,WB_WDI_NY_GDP_PCAP_KD_ZG,_T,_T,_T,PC_A,_Z,_Z,_Z,_Z,RATIO,2,WB_WDI,P1Y,0,A,PU,Annual,China,GDP per capita growth (annual %),Total,All age ranges or no breakdown by age,Total,Percentage change per annum,Not Applicable,Not Applicable,Not Applicable,Not Applicable,Ratio,Two,World Development Indicators (WDI),Annual,Units,Normal value,Public,-26.52764360636914,-6.351504864332412,7.622254460935579,15.468995418925019,14.197889011518043,7.6084039282950044,-8.16149758528853,-6.571451614306781,13.779340343518214,16.05039929290659,4.159176201309677,1.2901059710043796,5.32729301395436,0.21800566735092275,6.816440506256654,-3.0813219848982527,6.114001676060951,9.847120096435177,6.169094715559126,6.497294069654117,3.7769789108621126,7.43053410407046,9.182749382479315,13.690606974756676,11.894395885372262,7.335309860616633,9.879036233828458,9.444514841647234,2.6223585903087923,2.408793735058751,7.893409028814773,12.905412288049916,12.623885828096931,11.811778879951333,9.81575006667488,8.826631914146759,8.184693057322505,6.8929171395732,6.812386306677581,7.721422359033909,7.540052887970134,8.506613983112416,9.430087519397674,9.488207831194245,10.79995080649745,12.047887563832788,13.556147814696402,9.108284773286712,8.86328559816117,10.058864807030176,8.865520166201819,7.128647474083309,7.062932065540409,6.785782565584128,6.361376312928769,6.16357090866066,6.246239155635337,6.259695388380692,5.691780295526712,2.096183722043989,8.473525923849394,3.1473652895019626,5.525476195409325,5.08754856303446,5.138291641396748
datastructure,WB.DATA360:DS_DATA360(1.3),I,A,IND,WB_WDI_NY_GDP_PCAP_KD_ZG,_T,_T,_T,PC_A,_Z,_Z,_Z,_Z,RATIO,2,WB_WDI,P1Y,0,A,PU,Annual,India,GDP per capita growth (annual %),Total,All age ranges or no breakdown by age,Total,Percentage change per annum,Not Applicable,Not Applicable,Not Applicable,Not Applicable,Ratio,Two,World Development Indicators (WDI),Annual,Units,Normal value,Public,1.266648793299737,0.5185019270792708,3.5364910522906854,4.966118870257134,-4.803103498821656,-2.1710436854966275,5.535822686783959,1.1903852112334476,4.311912692334545,2.8486426172023442,-0.5848360896559797,-2.712391588517704,0.9969574182651115,-1.1154609714980666,6.602321026854824,-0.7007355794591774,4.75429678592927,3.306071277214002,-7.416424710848219,4.220470709082576,3.544378324881876,1.0886068032884566,4.806751119684449,1.4135191675274257,2.833253527944322,2.3857432330469948,1.6209507625229094,7.188122382758337,3.6060240771130054,3.223516344900503,-1.1102810549285351,3.259395441340658,2.5740895192208626,4.500575212064817,5.430702805214381,5.4222614102929185,2.0237448892742833,4.148494856436798,6.795041926394347,1.9076300584349468,2.881346581130913,1.940705485230481,6.005799642698477,6.099965225563238,6.177028924701048,6.3836772099083845,6.051600135532368,1.6141345173057715,6.313409858109466,6.930797803604463,3.7607415323124087,4.017267358345308,4.97769997299568,6.063980741707354,6.715667346367809,6.97394690926852,5.561185034649597,5.292119719122752,2.796757599660566,-6.690471028342444,8.79093447675136,6.762386017283177,6.267417915974221,6.1495744612828815,6.6165688365585
datastructure,WB.DATA360:DS_DATA360(1.3),I,A,XKX,WB_WDI_NY_GDP_PCAP_KD_ZG,_T,_T,_T,PC_A,_Z,_Z,_Z,_Z,RATIO,2,WB_WDI,P1Y,0,A,PU,Annual,Kosovo,GDP per capita growth (annual %),Total,All age ranges or no breakdown by age,Total,Percentage change per annum,Not Applicable,Not Applicable,Not Applicable,Not Applicable,Ratio,Two,World Development Indicators (WDI),Annual,Units,Normal value,Public,,,,,,,,,,,,,,,,,,,,,,,,,,,,,,,,,,,,,,,,,,,,,,,,,5.396367016739333,5.288314826753165,6.12959202990389,0.8579743949037208,4.703870840537377,3.652730272738026,7.368151119943917,6.207616502414865,4.0383887986432825,3.0575293127826058,5.236696763122978,-5.406901842684192,10.998140049109665,5.339097617379167,9.351075229094263,10.36564943000731,4.740315211007243
datastructure,WB.DATA360:DS_DATA360(1.3),I,A,SAU,WB_WDI_NY_GDP_PCAP_KD_ZG,_T,_T,_T,PC_A,_Z,_Z,_Z,_Z,RATIO,2,WB_WDI,P1Y,0,A,PU,Annual,Saudi Arabia,GDP per capita growth (annual %),Total,All age ranges or no breakdown by age,Total,Percentage change per annum,Not Applicable,Not Applicable,Not Applicable,Not Applicable,Ratio,Two,World Development Indicators (WDI),Annual,Units,Normal value,Public,7.84948336340932,7.884465787695461,4.761675588894903,4.820880168633494,8.047491443240574,4.226835238522568,4.861210691555627,3.545232337452944,1.8671711176970263,46.366027329873134,10.230080536471291,13.259330742445812,16.510407664509728,10.264982064408002,-10.314164071608786,9.192784454561746,0.16011579269815002,-5.390140133108275,4.703459701868468,-0.22521105502546845,-2.9928535429913268,-21.074515872039953,-16.251349976250324,-9.549157039571298,-12.38486385191311,-4.574042515066068,-8.454290654560637,1.0764480818844788,-4.534276014020961,4.157769444569254,3.178048101630111,-0.1258267309990373,-3.9685763136362056,-3.276577891683246,-3.758393360067984,-0.7417870994351716,-1.2367563168652964,-0.9663172395610786,-4.164962817698054,0.15049254358936537,-4.740970888078152,-5.509626786222839,3.6978316821685127,3.7559400924814383,1.3566229042051106,-1.0159081045281084,-1.9408607536137623,2.042988191132906,-4.865016112106218,6.087203608475193,6.799841915735968,1.4088975469781673,-2.477204660862114,1.5065962283723024,-0.6348103344719362,-2.0343952058834134,1.106468772261593,5.897077302069874,2.0995368308579287,-8.343472907023198,9.177456927108054,7.159129057327448,-4.014293877900229,-1.9965479523160496,-0.2268974017233205
datastructure,WB.DATA360:DS_DATA360(1.3),I,A,LCA,WB_WDI_NY_GDP_PCAP_KD_ZG,_T,_T,_T,PC_A,_Z,_Z,_Z,_Z,RATIO,2,WB_WDI,P1Y,0,A,PU,Annual,St. Lucia,GDP per capita growth (annual %),Total,All age ranges or no breakdown by age,Total,Percentage change per annum,Not Applicable,Not Applicable,Not Applicable,Not Applicable,Ratio,Two,World Development Indicators (WDI),Annual,Units,Normal value,Public,,,,,,,,,,,,,,,,,,8.693935794666345,2.296708842385442,-3.6648019761579604,4.664263068580482,0.4930961654601447,3.3226241848342255,5.557826907834325,6.533818365778998,12.588867698432267,2.372991830939114,12.403781579263807,7.773936130271906,8.818554341760915,-0.8207436433350495,6.354555415586944,-0.8927333943744742,0.09153922717615615,0.15686515876566887,1.398275120274576,-2.0824817757921608,4.8379566892261465,1.3438305785079763,-1.1585275392538819,-4.385213610962424,-0.45575826891837323,3.4105393765459127,6.442521130721076,-1.1392447140597142,5.437534543917494,1.0133026598391695,4.296528304686916,-3.435829226936576,-0.2787501878072334,3.78344996295867,-0.5636833308859934,-2.261633279074317,0.8806215389063112,-0.3370528675722255,2.991539673919803,2.9717988223679583,2.4944518676028196,-1.3881246679481904,-23.155277382825474,10.977353796833228,19.1727834727551,3.6156460407675155,4.50136097495573,-0.797598585137095
datastructure,WB.DATA360:DS_DATA360(1.3),I,A,DJI,WB_WDI_NY_GDP_PCAP_KD_ZG,_T,_T,_T,PC_A,_Z,_Z,_Z,_Z,RATIO,2,WB_WDI,P1Y,0,A,PU,Annual,Djibouti,GDP per capita growth (annual %),Total,All age ranges or no breakdown by age,Total,Percentage change per annum,Not Applicable,Not Applicable,Not Applicable,Not Applicable,Ratio,Two,World Development Indicators (WDI),Annual,Units,Normal value,Public,,,,,,,,,,,,,,,,,,,,,,,,,,,,,,,,,,,,,,,,,,,,,,,,,,,,,,5.280180259839341,5.458368312936273,5.333315297459308,3.7397153098045948,3.1086154014099634,3.913784409282556,-0.3068676028246671,2.911698992556282,3.700803898862233,5.339195774906528,5.5362249709977505,5.1145266284548825
datastructure,WB.DATA360:DS_DATA360(1.3),I,A,CHI,WB_WDI_NY_GDP_PCAP_KD_ZG,_T,_T,_T,PC_A,_Z,_Z,_Z,_Z,RATIO,2,WB_WDI,P1Y,0,A,PU,Annual,Channel Islands,GDP per capita growth (annual %),Total,All age ranges or no breakdown by age,Total,Percentage change per annum,Not Applicable,Not Applicable,Not Applicable,Not Applicable,Ratio,Two,World Development Indicators (WDI),Annual,Units,Normal value,Public,,,,,,,,,,,,,,,,,,,,,,,,,,,,,,,,,,,,,,,,,,,,,,,,,,-4.281175018960553,0.4380265173841167,-6.375650593862474,-0.13346875974922057,1.8297582773701038,-0.07268553792981436,0.9480765998425085,1.5363504960190966,0.7360210761944757,1.1502332935113628,-9.223410357792616,9.603182035115168,5.043351292791499,3.4206052333316705,,
datastructure,WB.DATA360:DS_DATA360(1.3),I,A,IDB,WB_WDI_NY_GDP_PCAP_KD_ZG,_T,_T,_T,PC_A,_Z,_Z,_Z,_Z,RATIO,2,WB_WDI,P1Y,0,A,PU,Annual,IDA blend,GDP per capita growth (annual %),Total,All age ranges or no breakdown by age,Total,Percentage change per annum,Not Applicable,Not Applicable,Not Applicable,Not Applicable,Ratio,Two,World Development Indicators (WDI),Annual,Units,Normal value,Public,-0.7447836066964157,1.5198504784633684,5.449316753949688,3.1113957776959893,2.456807511603685,-2.051308472240194,-9.296534555926911,0.35710230693078415,11.995204870092806,14.001914064966897,7.483207266817857,1.2249542866309469,2.7062176119032557,5.110550852265376,-4.151265658689141,3.6919571563917515,2.293651847624645,-2.5540857537394714,2.2895571760440845,0.47086489246626684,-6.871438506196554,-4.182029820754678,-5.884441787043556,-1.6047352173710863,2.7788448780741106,-0.18827333657225154,0.3623392898053339,2.915509882303539,0.07594918078201829,2.7694071774491533,-1.097451021921799,-0.07325924899454606,-2.913469158346885,-1.7997940869762203,-0.45401558130905073,1.93956226010161,-0.22823503838273496,0.11733501386066791,-0.5489515126105005,0.8696577786120798,1.2658974865490222,3.747531947680784,1.9743560214908769,4.713461824617227,3.369719860897618,3.1383667602269583,2.7388657567492913,1.510866706951333,3.196658893533666,3.2847529363213965,1.7512917603087033,2.187643198123908,3.5099723826609335,3.6495906438635046,1.8453985906416506,0.3867307299398277,0.8099831536759723,1.8395678282824122,1.0433913226707432,-5.144674128798812,2.277450336812791,2.780512106706695,0.9395914791849691,2.183641429334429,2.6322549899410603
datastructure,WB.DATA360:DS_DATA360(1.3),I,A,BGR,WB_WDI_NY_GDP_PCAP_KD_ZG,_T,_T,_T,PC_A,_Z,_Z,_Z,_Z,RATIO,2,WB_WDI,P1Y,0,A,PU,Annual,Bulgaria,GDP per capita growth (annual %),Total,All age ranges or no breakdown by age,Total,Percentage change per annum,Not Applicable,Not Applicable,Not Applicable,Not Applicable,Ratio,Two,World Development Indicators (WDI),Annual,Units,Normal value,Public,,,,,,,,,,,,,,,,,,,,,4.5511460746114665,2.032293050975113,3.1725224291091934,3.1548069358853184,2.6849512108283022,4.2352419340628416,5.8986130495541005,10.820090511396472,-2.151690945752037,-7.463206740463249,-7.534069294874939,-6.2712632979555,-0.6912133671984861,2.1643594306185463,3.3616630181428064,5.749456818897485,-13.590919024084926,4.484018034841526,-7.8810696615259985,5.105055811463231,5.911158131657103,8.195216605919867,6.0740609199580575,7.3174032688423125,7.865501871370071,7.616852896510423,7.441486083410197,6.87712697728189,-2.72241640378013,2.2260818478854247,2.7469110541154578,1.3340657523364143,1.4836588026280566,2.1829657088078704,4.720285994154466,4.372881420997032,4.1152402016822975,3.74323659397713,5.268980745615323,-2.156833463518012,8.547242898334133,4.763320978580481,1.973325171787124,3.4701502038968215,3.2264767765930173
datastructure,WB.DATA360:DS_DATA360(1.3),I,A,BOL,WB_WDI_NY_GDP_PCAP_KD_ZG,_T,_T,_T,PC_A,_Z,_Z,_Z,_Z,RATIO,2,WB_WDI,P1Y,0,A,PU,Annual,Bolivia,GDP per capita growth (annual %),Total,All age ranges or no breakdown by age,Total,Percentage change per annum,Not Applicable,Not Applicable,Not Applicable,Not Applicable,Ratio,Two,World Development Indicators (WDI),Annual,Units,Normal value,Public,0.02499474591724038,3.4232155112096763,4.590046497789203,1.7838420697169965,2.6976417642729587,4.880108753297591,4.013276707770075,6.146364268142307,2.162936904098032,2.897656675301022,2.728298212322187,5.569386165551208,3.3871101428565566,0.6384035465002853,4.907603383743336,2.2470901580418996,2.577383783317515,-0.26415019802421114,-2.1202234262669606,-3.5648033689546565,-1.9248374768232992,-6.013474416593695,-6.085977744272071,-2.31057153866044,-3.7347051763011336,-4.600383640971614,0.3248025432440471,0.7514045319351794,1.6158763430418759,2.458349784474052,3.095534085861118,-0.4061346797308687,2.2213975090694476,2.6608716595255544,2.7194959732953095,2.4481178325832786,3.0760604992419616,3.1912197004332086,-1.3111806177794563,0.7626474965397136,-0.017100440053425814,0.7857665183696554,1.0051583638616535,2.435011685487339,2.676006604860021,3.0257362336198383,2.7910034027216852,4.371629811761466,1.6500771197604251,2.428457129450919,3.510649726801944,3.454063631623285,5.128470911372233,3.844184153531714,3.278651563163379,2.72220716291487,2.6837284349173984,1.4041199419002197,0.08894402500614262,-13.78986199674263,8.913205288660635,2.5465333552263587,1.1180872866282527,-2.4707460439636293,-2.9006344844133736
datastructure,WB.DATA360:DS_DATA360(1.3),I,A,SAS,WB_WDI_NY_GDP_PCAP_KD_ZG,_T,_T,_T,PC_A,_Z,_Z,_Z,_Z,RATIO,2,WB_WDI,P1Y,0,A,PU,Annual,South Asia,GDP per capita growth (annual %),Total,All age ranges or no breakdown by age,Total,Percentage change per annum,Not Applicable,Not Applicable,Not Applicable,Not Applicable,Ratio,Two,World Development Indicators (WDI),Annual,Units,Normal value,Public,1.5089220278480298,0.8156640866926637,2.41022222755592,5.228793049696435,-4.107853326990551,-1.5853663122835826,3.860625287343481,1.9242128261142568,3.516218971642388,2.7715651906384977,-1.512119054553608,-4.244040219824711,1.0212409681420525,-0.06657401505739813,4.796231896939517,-0.18438821299473318,4.111968779393919,3.4207023055638217,-5.772494554302057,3.386755729110803,3.6961890212373447,0.9465613234537216,4.1721656380854455,1.692435267245699,2.6635156732226477,2.3287999765668275,1.516791397556176,6.144259720235581,3.179442571312336,3.323287312051008,-0.6191118623458749,3.216871599403831,2.668199618202948,4.237755826262912,5.07850992161903,4.9736393799069845,2.192863653371518,3.959069731219728,6.171586016130107,2.158410919191752,2.667613943943252,1.9567561760937622,5.672662977724954,5.793875332372053,5.971282610723776,6.2930802030643775,6.002067290420271,2.075104711218586,5.93398148923437,6.727058481460489,4.053674353247658,4.279301924433071,4.952171583086269,5.96282550719711,6.461739174379687,6.737337298935088,5.6019677194413475,5.279340855262248,3.041009510929854,-5.905372980103422,8.330281926782519,6.2417365556324285,5.848991357302509,5.8154102516988075,6.18260956067509
datastructure,WB.DATA360:DS_DATA360(1.3),I,A,LBN,WB_WDI_NY_GDP_PCAP_KD_ZG,_T,_T,_T,PC_A,_Z,_Z,_Z,_Z,RATIO,2,WB_WDI,P1Y,0,A,PU,Annual,Lebanon,GDP per capita growth (annual %),Total,All age ranges or no breakdown by age,Total,Percentage change per annum,Not Applicable,Not Applicable,Not Applicable,Not Applicable,Ratio,Two,World Development Indicators (WDI),Annual,Units,Normal value,Public,,,,,,,,,,,,,,,,,,,,,,,,,,,,,-43.60422294736197,24.07336257048121,46.443818074983426,14.000466944867654,8.641300490090174,6.183370514779128,4.542383970487791,9.243624523554558,-0.7559723383440087,1.8589226428805858,-2.255368345541413,-0.39180673260140964,2.127580247477539,1.9961502995174527,1.8127834557223537,4.968339613040413,1.1068797855130015,-0.16111039140596972,7.2124241952083565,7.270203824293375,8.754241974394006,6.925624080926212,-0.21599010175205535,-0.1722720584471915,-5.350045156363649,-7.261451454427444,-1.4852994355926654,3.9542045870091442,3.57185811074811,1.0011283697322142,-3.8703716690846903,-20.129098381518503,-7.256971630463227,-1.0778219262124367,-1.2591284206915816,-7.599534149660855,
datastructure,WB.DATA360:DS_DATA360(1.3),I,A,MKD,WB_WDI_NY_GDP_PCAP_KD_ZG,_T,_T,_T,PC_A,_Z,_Z,_Z,_Z,RATIO,2,WB_WDI,P1Y,0,A,PU,Annual,North Macedonia,GDP per capita growth (annual %),Total,All age ranges or no breakdown by age,Total,Percentage change per annum,Not Applicable,Not Applicable,Not Applicable,Not Applicable,Ratio,Two,World Development Indicators (WDI),Annual,Units,Normal value,Public,,,,,,,,,,,,,,,,,,,,,,,,,,,,,,,-5.8195915537051945,-5.486240051615198,-6.28574163754088,-1.0586735727636665,-1.4050699039292738,0.48027078798111233,2.2367209661228458,2.83010081232176,3.8414738938269153,4.074050806310709,-3.473683221478794,2.2334565991919817,2.092822453005155,5.0135740675289355,5.291020122772409,5.719202234774173,7.0831393116307595,6.08402471253315,0.287981674208055,4.0217174978456285,2.810014013644647,-0.06534723430388567,3.305596703502971,3.9079275578076675,4.1342905053065095,3.178225747009904,1.489367186251883,3.4037541108948375,4.618695011377568,-3.654368238247727,5.592130079247241,3.0619358842766076,2.773561733917049,3.188899444216233,3.6831388072964018
datastructure,WB.DATA360:DS_DATA360(1.3),I,A,BRN,WB_WDI_NY_GDP_PCAP_KD_ZG,_T,_T,_T,PC_A,_Z,_Z,_Z,_Z,RATIO,2,WB_WDI,P1Y,0,A,PU,Annual,Brunei Darussalam,GDP per capita growth (annual %),Total,All age ranges or no breakdown by age,Total,Percentage change per annum,Not Applicable,Not Applicable,Not Applicable,Not Applicable,Ratio,Two,World Development Indicators (WDI),Annual,Units,Normal value,Public,,,,,,,,,,,,,,,-4.048254768677708,16.783360630605145,6.251750911617819,3.587966825784733,20.521858578172257,-12.4679873180703,-24.756413420195173,-0.8929890763256765,-2.825312886656434,-5.568272689145829,-6.12623933511351,-8.57124115256731,-1.131393358814421,-4.418511929452194,-5.530349005417534,-0.2630266474511842,0.0482383620452822,-5.721048556073569,-3.1923320140905247,-1.53838455173792,-1.1251771745131833,-2.4006427841303832,3.88335184862585,-8.76195618128142,1.967326400110366,1.2515924816351998,-0.6406052676188096,1.896876645120301,1.6297182741873257,-1.6751054292325875,-1.6769530681531535,2.457846963036232,-5.3750317488466095,-5.660952947947408,-3.724626798965886,0.8087377690713282,1.9112954911983735,-0.6216237168513601,-3.4684184157217146,-3.805754681769784,-1.6809705257192462,-3.698643000094691,0.10933162155886578,-1.0989590906448825,2.7261650628599625,0.06573533175284751,-2.5312384209191947,-2.4166096886206674,0.3390253186902612,3.2043038188154895,-0.10953516445272271
datastructure,WB.DATA360:DS_DATA360(1.3),I,A,PAK,WB_WDI_NY_GDP_PCAP_KD_ZG,_T,_T,_T,PC_A,_Z,_Z,_Z,_Z,RATIO,2,WB_WDI,P1Y,0,A,PU,Annual,Pakistan,GDP per capita growth (annual %),Total,All age ranges or no breakdown by age,Total,Percentage change per annum,Not Applicable,Not Applicable,Not Applicable,Not Applicable,Ratio,Two,World Development Indicators (WDI),Annual,Units,Normal value,Public,3.24971491199571,1.8036406791866852,5.849720779427159,4.70640502795456,7.4393801633148655,2.893550830907671,2.468317628394118,4.221168370596033,2.5292678027195876,8.196492033180363,-2.262608152420583,-1.937965287545822,3.9915830641124757,0.5397901874639786,1.1423048307861166,1.9861293347902773,0.7385183327051124,4.642357577803807,0.2257093126525831,5.803954408204675,3.5046218338076898,2.606488136059255,3.144761071839568,1.8224130227099096,4.235683985809871,1.9947058418162698,2.8840894802864483,4.067600708828351,1.5850625048080929,1.0242118115141068,1.6445581443993404,4.66648101392903,-1.0247409262878477,0.7795935441272235,1.97228554754696,1.8388082865322417,-1.80254112696187,-0.2427322753300274,0.8766236626522925,1.3561979688156498,0.7932391998661643,0.11098103137902626,2.949225643276449,5.202455894756881,4.728634599893098,3.5553311677478234,1.7214837391026094,-0.5772120990088041,0.8761508100959503,-0.9754747176548904,0.40875453414446383,1.0822719691448128,2.6823250100095066,2.5660041310215718,2.7664864071032866,5.195068598589231,2.966236784030457,4.442019422371075,0.7780961070461814,-3.0388932826837447,4.523045651727813,2.962502872180025,-1.9454312506637592,1.5373286476300763,2.0933410998789697
datastructure,WB.DATA360:DS_DATA360(1.3),I,A,LSO,WB_WDI_NY_GDP_PCAP_KD_ZG,_T,_T,_T,PC_A,_Z,_Z,_Z,_Z,RATIO,2,WB_WDI,P1Y,0,A,PU,Annual,Lesotho,GDP per capita growth (annual %),Total,All age ranges or no breakdown by age,Total,Percentage change per annum,Not Applicable,Not Applicable,Not Applicable,Not Applicable,Ratio,Two,World Development Indicators (WDI),Annual,Units,Normal value,Public,-1.131986291682324,11.940370321104112,7.379326480095543,5.110487940581535,-0.7945358845956747,-3.542871125082911,7.015258177762803,-3.9529810564847025,-2.077368366618259,-1.4388679714186168,1.434300703743304,-3.652266719695419,22.0934666602339,7.219950028587078,-16.451126732527428,7.542684855290787,18.338521804260168,14.994171460823551,-0.0380445167258614,-5.534956319752965,-2.1944927210366245,1.4677613325180232,-0.917132307576523,2.5557662771063008,-0.25717695813087005,2.061102830000735,-1.4731635523587556,6.326625787049139,3.67419823598037,4.037888676743393,5.069066330656426,5.192385474623677,1.957549370049236,4.555195177711283,2.0348924693700354,4.473779520993503,2.8840438412854468,1.0335881718661994,0.21596148004951488,3.8403498903428925,3.719963504344406,1.0355999970418992,5.0664951285587705,2.4110357996074185,4.4224976602418735,4.659487876548525,3.7502568834664913,4.8111983892349315,-1.9687008855207182,4.459259514366522,3.6939859527410874,5.27066659627468,0.6961481886022653,0.5573091933890169,1.9225105947227235,2.3536398127132117,-4.336559992928741,-2.6759390752320655,-2.5692598609263655,-9.237270052980776,1.099357825265514,1.2874556400528547,0.5785182847258881,4.056783618336297,0.8648337536478721
datastructure,WB.DATA360:DS_DATA360(1.3),I,A,SVK,WB_WDI_NY_GDP_PCAP_KD_ZG,_T,_T,_T,PC_A,_Z,_Z,_Z,_Z,RATIO,2,WB_WDI,P1Y,0,A,PU,Annual,Slovak Republic,GDP per capita growth (annual %),Total,All age ranges or no breakdown by age,Total,Percentage change per annum,Not Applicable,Not Applicable,Not Applicable,Not Applicable,Ratio,Two,World Development Indicators (WDI),Annual,Units,Normal value,Public,,,,,,,,,,,,,,,,,,,,,,,,,,,,,,,-14.639958800032488,-6.751766650148198,1.5130925748336352,5.787846412893188,5.534214892975413,5.89518837997754,5.29126136870515,3.686947842863077,-0.5747795824778166,0.9257617889542757,3.1136989179886,4.45521871825531,4.925739494514232,5.410959869720415,6.474487485145559,8.920679719523307,10.786299120150034,5.273061263498164,-5.631175102680501,6.691108446136539,2.430269586016081,1.3964637175960064,0.5951678796430002,2.6083264985250025,5.07697290945579,1.8164695995740203,2.7152170964372715,3.9180850649215273,2.1375847071709586,-2.6690284917353893,5.880466731435689,0.8314122468010083,2.206944983991548,2.026492509521745,0.9611487965791525
datastructure,WB.DATA360:DS_DATA360(1.3),I,A,EAR,WB_WDI_NY_GDP_PCAP_KD_ZG,_T,_T,_T,PC_A,_Z,_Z,_Z,_Z,RATIO,2,WB_WDI,P1Y,0,A,PU,Annual,Early-demographic dividend,GDP per capita growth (annual %),Total,All age ranges or no breakdown by age,Total,Percentage change per annum,Not Applicable,Not Applicable,Not Applicable,Not Applicable,Ratio,Two,World Development Indicators (WDI),Annual,Units,Normal value,Public,2.081914915662807,1.5227695794179539,2.6029407453155784,5.692727003066736,3.4601252433396468,1.7285987449878917,2.984579635984815,4.597889781872183,3.9632112028314452,5.76147534658773,2.83663817517008,4.130707503456605,4.439700889430114,4.180592878144736,0.3791840958499364,4.406608789359183,1.512239367616047,-0.26462050985588803,1.533272492041334,0.6330860758737344,0.9586826496163781,-2.079087518057605,-2.2221339258774293,-0.4258271765893511,-1.4625544318824524,-0.9471446641749424,0.43337400906176526,0.7748831560827796,-0.4148306642922819,2.5389223611425535,2.0172177315016597,1.8479242403745673,1.3469121641248165,1.3053041829656138,0.49929672172439155,3.5353641591198794,2.853444406883881,0.4010301737544779,0.292040343829683,2.4217527989179928,-0.6434134088964356,-0.02795288609961233,3.1577964905255698,4.54613092177425,4.203291756257201,4.393897365125213,4.058750943436621,1.8562699381087668,-0.9158707222710376,4.747803882612359,3.343063987903335,2.6865048912386698,2.536477417731092,2.5691215536817396,2.8305637522775555,2.771109147866511,3.1806589861431434,2.3565176828321626,1.0298372377102396,-5.44002393656929,6.37999557233438,4.844532710538488,2.9087637635327894,2.6716174535862223,3.1972296499581887
datastructure,WB.DATA360:DS_DATA360(1.3),I,A,PYF,WB_WDI_NY_GDP_PCAP_KD_ZG,_T,_T,_T,PC_A,_Z,_Z,_Z,_Z,RATIO,2,WB_WDI,P1Y,0,A,PU,Annual,French Polynesia,GDP per capita growth (annual %),Total,All age ranges or no breakdown by age,Total,Percentage change per annum,Not Applicable,Not Applicable,Not Applicable,Not Applicable,Ratio,Two,World Development Indicators (WDI),Annual,Units,Normal value,Public,,,,,,5.932484015680828,-7.922747809275094,11.041528150138191,-6.007191695131169,-1.8487956126505054,8.265671371706645,-7.776619637111111,4.36803867101456,14.311927167312447,-7.800777376518852,5.015811216555207,-0.9328873807839813,6.518412159583903,0.6703752988211704,-2.663138861845667,-0.553998949711243,-1.43818390493972,-0.6240123040379046,-0.37694876562348156,-3.638406002923304,10.685080635389383,-1.2718989010100472,-5.941585471188205,-0.11919650834846607,-1.9009585370512383,1.6756615502038272,-3.2343869703125563,-2.9762076474208357,-3.2482917257156174,-1.9047640997783049,-2.1535152678158767,-1.7060564197623904,0.08653179338674022,0.2953911595908494,1.6379001928130918,-1.876704983884224,-0.6507905906200051,0.559535344536414,-0.6152662047428095,-1.1793671882480083,-0.5347051526447189,0.4777426732267145,-0.7165123475995472,-4.623022432490416,-2.8622124470994947,-3.371569435414969,-1.4198453223667542,-0.20199511722314867,-0.010253638022291511,1.2614712044825467,1.821427960799582,3.9541602139515675,1.90583847677253,2.976888449019711,-10.629863570005924,3.1505198503272993,2.722204352217801,2.5023070377805823,0.8791414568172939,
datastructure,WB.DATA360:DS_DATA360(1.3),I,A,NZL,WB_WDI_NY_GDP_PCAP_KD_ZG,_T,_T,_T,PC_A,_Z,_Z,_Z,_Z,RATIO,2,WB_WDI,P1Y,0,A,PU,Annual,New Zealand,GDP per capita growth (annual %),Total,All age ranges or no breakdown by age,Total,Percentage change per annum,Not Applicable,Not Applicable,Not Applicable,Not Applicable,Ratio,Two,World Development Indicators (WDI),Annual,Units,Normal value,Public,1.2704294011219446,0.49346883679352516,4.015110038372043,3.9035724832648953,4.375769388929939,4.362442061051524,-6.277610487099011,-0.9217526279936834,9.2130614239681,-2.727180819806435,2.2466824977153976,3.276564988539292,5.710744304773812,3.8060574797133597,-3.6249523710836087,0.03974365117123568,-4.234977995048425,0.28642234210320794,2.592784880187793,1.1573578446568717,4.253762308791977,-0.06806730844361653,2.094083306932177,3.8899575939130813,0.98945118644464,2.738581723891002,0.0960757282715008,-0.6078100258243495,-0.3149937209483511,-0.7833445359593867,-5.754462980174907,0.0531850637493676,5.177501092657977,3.7237348947250553,3.21420866400058,1.9642523997327288,0.7446711596597453,-0.03572093470192783,4.830833230516717,2.266143006864624,2.8079531508755906,2.9117699885167383,2.679309901136847,2.5549616303889024,2.192893219414671,1.5292427792522005,2.1066199243220893,-1.862053898812107,-1.0346067631192,0.34998377939481884,1.368630949890587,1.7432548876384288,1.7798009720044092,2.109127267407729,1.639066650133742,1.4393846057134425,1.1800889964097507,1.4879251247258622,0.8888010671167024,-2.248920701282742,4.048904426819718,3.404195027818787,-0.5023715665310391,-2.5552658476084105,-0.19182451888318042
datastructure,WB.DATA360:DS_DATA360(1.3),I,A,TCD,WB_WDI_NY_GDP_PCAP_KD_ZG,_T,_T,_T,PC_A,_Z,_Z,_Z,_Z,RATIO,2,WB_WDI,P1Y,0,A,PU,Annual,Chad,GDP per capita growth (annual %),Total,All age ranges or no breakdown by age,Total,Percentage change per annum,Not Applicable,Not Applicable,Not Applicable,Not Applicable,Ratio,Two,World Development Indicators (WDI),Annual,Units,Normal value,Public,-0.6259773185752948,3.2483007121383594,-3.5823089451201184,-4.473230734217765,-1.3837314483077847,-3.7100224246159286,-1.1745818347136208,-2.3967312003824475,4.747789937859565,-0.23651414593459208,-4.288471071157943,-1.0830658401476683,-10.510673859512067,2.582607517689567,6.685316381803162,0.9444756217198176,0.33775770789092974,-2.267823371348314,-23.080448910433233,-6.257174866462265,0.9198596304743205,0.510585365650229,10.087834151011464,0.7136036791434321,20.570990741067646,-6.909312301283379,-5.749544251206856,11.637608325595366,1.3886169157308927,-6.7930492664588655,4.6376898017869195,3.5146832443666085,-17.674190714876246,7.631589840122359,-3.127821887964373,-2.213983781178257,2.068538544916649,3.33471416685542,-4.11148626297242,-4.249502156018821,7.954457069271115,4.7773087888903945,10.227988102734372,27.807314812798893,12.696803884450205,-4.057339196315112,0.6718529248107075,-0.46346802774647244,-4.868746089077305,9.807131149902332,0.8708833860441985,5.297342550995438,-0.7678316693893521,-1.516527566948156,0.06740749446629479,-7.085061901572459,-4.817195820366308,2.2476897208278785,2.043636514474656,-3.513196443904988,-3.1020920861327568,0.5917590771209404,-0.6511253224863651,-0.11507243657963784,2.0478037609781694
datastructure,WB.DATA360:DS_DATA360(1.3),I,A,MIC,WB_WDI_NY_GDP_PCAP_KD_ZG,_T,_T,_T,PC_A,_Z,_Z,_Z,_Z,RATIO,2,WB_WDI,P1Y,0,A,PU,Annual,Middle income,GDP per capita growth (annual %),Total,All age ranges or no breakdown by age,Total,Percentage change per annum,Not Applicable,Not Applicable,Not Applicable,Not Applicable,Ratio,Two,World Development Indicators (WDI),Annual,Units,Normal value,Public,-0.17930259898434997,1.3924896877514499,2.309450657346474,5.590856609236013,3.5732206963438955,2.2963738273477787,0.7094025648239892,3.610039537749273,5.415221527886274,5.432992972769981,3.533608762753545,3.695862290342305,4.5366042852972726,3.569620409120546,2.0247537666104876,4.112965853728753,2.511585849295514,1.6577518980322594,2.485521959682657,2.4693433558477835,-0.27063885917478103,0.7218821854490471,-0.6802378460127159,2.6546515945264844,2.3576147358576236,1.6099053297430572,2.4920969204548697,2.0340226223635653,0.8318143708026895,1.2273151509556186,1.0496039929307273,2.495152425549236,3.237805184092309,3.3799746358603215,2.880288808362195,4.480678725078519,3.9866319090860145,1.6572378590870045,2.0511179555019083,4.038915096361251,2.152529398337009,3.226153042285148,4.414665731984414,6.352819608900035,6.001348313627531,6.897215506993291,7.532951091600609,4.621457675348054,2.670769627792666,6.771163312393938,5.127761952788276,4.3141629223936775,4.316439198155948,3.864001807415491,3.504124375150681,3.4989635182216574,4.11441470064922,3.8260322787082828,3.0453459796043916,-2.0997780246787414,6.550561713598626,3.228277198806296,3.9085489583141424,3.5961459854586764,3.6824452366544165
datastructure,WB.DATA360:DS_DATA360(1.3),I,A,OED,WB_WDI_NY_GDP_PCAP_KD_ZG,_T,_T,_T,PC_A,_Z,_Z,_Z,_Z,RATIO,2,WB_WDI,P1Y,0,A,PU,Annual,OECD members,GDP per capita growth (annual %),Total,All age ranges or no breakdown by age,Total,Percentage change per annum,Not Applicable,Not Applicable,Not Applicable,Not Applicable,Ratio,Two,World Development Indicators (WDI),Annual,Units,Normal value,Public,2.926873041172584,4.089479150013588,3.6740051634432547,5.061029333108678,4.143457207989769,4.256194840921125,2.597643192710052,4.747105152062531,4.312882427069127,1.613839313791516,2.2353527028454465,4.10320067202062,4.94581754857893,0.09779571469950099,-0.6291473285774885,3.7694221316616705,2.6915113648274342,3.3841963435796316,2.9033237891364934,0.2605436517442996,1.1717362959402777,-0.6338750820289221,1.9938211495981477,3.966439970054921,2.840231774642561,2.283066563182004,2.7096461436731545,3.6540197180646032,2.8564788898646896,1.997697792763418,0.1730602502912859,1.167186339798505,0.5267101521939708,2.4757029071452052,1.9508808524151533,2.311165814990318,2.8835508949076143,2.177504524509928,2.682672686078888,3.401863877541615,0.6505380321985257,0.7973335807343318,1.285825612227626,2.5134479280747115,2.1319570331706785,2.315147299354379,1.9198648291569214,-0.38769623791699814,-4.094485085069593,2.2780929025290675,1.305578597435499,0.7773786026932612,1.0293408990402924,1.6182733074803508,1.8982668090610275,1.2111317828526609,2.004327306612595,1.7798744841340124,1.259755893331132,-4.226836059048665,5.903387667274075,2.648859888749854,1.1106260005860946,1.1277953947520274,1.3769249252954125
datastructure,WB.DATA360:DS_DATA360(1.3),I,A,GUM,WB_WDI_NY_GDP_PCAP_KD_ZG,_T,_T,_T,PC_A,_Z,_Z,_Z,_Z,RATIO,2,WB_WDI,P1Y,0,A,PU,Annual,Guam,GDP per capita growth (annual %),Total,All age ranges or no breakdown by age,Total,Percentage change per annum,Not Applicable,Not Applicable,Not Applicable,Not Applicable,Ratio,Two,World Development Indicators (WDI),Annual,Units,Normal value,Public,,,,,,,,,,,,,,,,,,,,,,,,,,,,,,,,,,,,,,,,,,,0.3710125466229073,6.056268464138228,3.2923544623939307,-3.9295676507036177,0.4563808420492137,1.7722550398840013,0.14856119478938012,2.048926651776256,0.06503567639035168,2.2640270637945576,1.914050543127189,2.088307503865039,1.1809212365529334,0.5919030225300759,1.3486071220459195,-0.3338330954675115,3.075478685803219,-10.711994656679337,1.07830501841417,4.177265865387781,,,
datastructure,WB.DATA360:DS_DATA360(1.3),I,A,PER,WB_WDI_NY_GDP_PCAP_KD_ZG,_T,_T,_T,PC_A,_Z,_Z,_Z,_Z,RATIO,2,WB_WDI,P1Y,0,A,PU,Annual,Peru,GDP per capita growth (annual %),Total,All age ranges or no breakdown by age,Total,Percentage change per annum,Not Applicable,Not Applicable,Not Applicable,Not Applicable,Ratio,Two,World Development Indicators (WDI),Annual,Units,Normal value,Public,4.262545762705059,6.877580020222069,1.3447722751354974,3.509560037167276,2.630228944225067,5.195925996264222,0.9534503536455077,-2.625955907100604,0.6624031027978532,0.8052319028527961,2.0447196505462273,0.7680683407692186,3.5606280703768505,6.65383740719912,1.7337718880684179,-1.0240795205803437,-2.0989410120276375,-5.037249524431772,1.5268921985533694,3.332670605920015,2.9554295804304047,-2.6708685577724225,-12.608634176956727,1.0754032981078296,-0.3983660792096373,6.875309070555559,7.246135242883582,-11.473043469298418,-14.258158351555522,-7.063697950667304,0.08699966698684136,-2.54546849500791,3.142448225287737,10.108849347755907,5.349419370262481,0.8837458250890933,4.52636436123332,-2.187052994487928,-0.24305450821847785,1.1043349822596866,-0.7488371662048792,4.20293608263907,3.0611767652869446,3.9343288245660375,5.343323459585548,6.681138497385234,7.734062095718571,8.410906656389301,0.47389328180749146,7.6277436246787005,5.535956262547074,5.255130200057593,4.902714879340223,1.3693888242595875,2.0936199066413224,2.5762303972815914,1.0194314164824192,2.1018453903506042,0.5022862912275059,-11.989123385760962,12.33124417761087,1.836698860645754,-1.4405921420118517,2.3892077855188063,2.357220276679925
datastructure,WB.DATA360:DS_DATA360(1.3),I,A,PRY,WB_WDI_NY_GDP_PCAP_KD_ZG,_T,_T,_T,PC_A,_Z,_Z,_Z,_Z,RATIO,2,WB_WDI,P1Y,0,A,PU,Annual,Paraguay,GDP per capita growth (annual %),Total,All age ranges or no breakdown by age,Total,Percentage change per annum,Not Applicable,Not Applicable,Not Applicable,Not Applicable,Ratio,Two,World Development Indicators (WDI),Annual,Units,Normal value,Public,4.466541023811615,0.9058189081447381,2.1841324962694557,1.6382300704310637,3.5673008220350937,-0.4630833604834663,6.585081940965182,2.127438946679618,2.342520086830916,3.2091770529603707,3.182904458681506,4.185314997988627,4.737828963384175,5.718282097253137,4.231319527203212,4.907289525135681,8.772132743722992,9.270003117219744,9.052436000427548,8.811914984317994,6.234905974475026,-4.105051174180417,-5.727417385925307,-0.041351935506924065,1.613273527877098,2.0350706086729673,4.587430503081265,2.986287985344987,4.015137616786689,1.338274857254774,0.7812509064711861,-0.9152211824328305,2.312262510748525,2.757147925289871,4.2946644419498625,-0.7607544956707954,1.9189165761290354,-2.0887850505050096,-3.398833879708775,-4.185808703858555,-2.4936928591708494,-1.4207324357055313,3.0455747903135375,2.8651035348965053,1.0101547497611563,3.7209791192005923,4.3931175693770825,5.468280183394938,-1.275227078425388,9.803147314362178,2.9115498883560207,-2.095165190550645,6.746512237493448,3.785582223896114,1.4645236194643019,2.765972507676409,3.329629422970754,1.7796442571800242,-1.7421911271885904,-2.1516673160060833,2.7430575011523786,-1.156114865828684,3.9985369360627345,3.3850624185027556,5.366440487287065
datastructure,WB.DATA360:DS_DATA360(1.3),I,A,LTE,WB_WDI_NY_GDP_PCAP_KD_ZG,_T,_T,_T,PC_A,_Z,_Z,_Z,_Z,RATIO,2,WB_WDI,P1Y,0,A,PU,Annual,Late-demographic dividend,GDP per capita growth (annual %),Total,All age ranges or no breakdown by age,Total,Percentage change per annum,Not Applicable,Not Applicable,Not Applicable,Not Applicable,Ratio,Two,World Development Indicators (WDI),Annual,Units,Normal value,Public,-3.892862621065035,1.652437894198357,1.7802690382200126,4.8529139961859045,4.328335336772554,5.157114203143195,-0.5161350401794209,2.810764391504634,7.423785641509625,8.271777320431866,6.000968593183799,5.571046110131434,7.584254365070791,2.967695502573548,2.556278052835296,4.901116879667384,4.743559219506025,5.098195044846406,6.211667793600256,5.796316655688187,-1.264212719439712,0.39488245607476813,0.2589276852088318,6.30033464712416,5.70419131806436,4.216105215163907,4.808090485742909,3.5281442097640223,3.191288242412327,-1.1049486676927103,-0.7549136760439836,-0.37562233690829316,3.18572732579932,3.3518593270988504,4.599738588058159,4.072714963020601,4.6332658698298985,1.9222845199537062,3.7636306324048974,6.1896595421435165,4.431506730853641,5.333066204075848,6.1845680785110915,7.522744089075914,7.121303024299365,8.601200943546175,9.49603074797787,6.265340073500212,3.106372151881672,7.40838417839808,6.502147535021763,5.111751971491202,4.885077309592646,4.522812908304672,4.013164006311598,3.7729874940676495,4.570207413595284,4.866614054283673,4.271604064494511,-0.07940280188324778,7.409619720792733,3.1265394617308715,4.320546389517219,4.409651093912203,4.383878908236838
datastructure,WB.DATA360:DS_DATA360(1.3),I,A,CHE,WB_WDI_NY_GDP_PCAP_KD_ZG,_T,_T,_T,PC_A,_Z,_Z,_Z,_Z,RATIO,2,WB_WDI,P1Y,0,A,PU,Annual,Switzerland,GDP per capita growth (annual %),Total,All age ranges or no breakdown by age,Total,Percentage change per annum,Not Applicable,Not Applicable,Not Applicable,Not Applicable,Ratio,Two,World Development Indicators (WDI),Annual,Units,Normal value,Public,3.6108176950038597,1.6492860358773527,3.1002724529650862,5.068602547345378,2.629429143823117,1.029396471403814,2.092544384908777,2.341614111562265,3.8339068019653837,5.707275546518062,0.4162846111843237,1.5117735021454877,3.20328892545281,2.643945602521214,2.5977269963250507,1.6374026240570885,-1.2620929944618666,1.74241229423005,3.6316920229222376,1.2969475244859439,-0.09322225289277242,0.658802058071629,1.4646365873038292,3.8559062521491114,1.7103881437898991,2.1583141247014908,2.706695647158867,1.808051164548786,1.8281521245393009,-0.2746537799454529,-2.3737893945381217,-2.2423546856329466,-2.9534709400115133,3.1898916383934335,3.4011061623123737,0.11703585128761063,1.8519686097496049,2.471182398318007,1.1962976978107491,3.052478359440599,0.9513811955456362,-0.37607181323069483,-1.021295633298081,1.8841381247098639,2.294680153727711,3.4828650264363716,3.0580455670553164,1.237052928753556,-3.1525944484945825,2.1906930844720023,0.28637546840882067,0.056060679586749984,0.6718377284425543,1.2998887274364535,0.3061574844495567,0.8047391820188494,0.47833822683730887,2.5690841423309507,0.3966188111512281,-2.9668526122789984,5.366551226008596,2.678599314047105,-0.44183346587726646,0.0757783600805908,0.3324255701265173
datastructure,WB.DATA360:DS_DATA360(1.3),I,A,TEA,WB_WDI_NY_GDP_PCAP_KD_ZG,_T,_T,_T,PC_A,_Z,_Z,_Z,_Z,RATIO,2,WB_WDI,P1Y,0,A,PU,Annual,East Asia & Pacific (IDA & IBRD),GDP per capita growth (annual %),Total,All age ranges or no breakdown by age,Total,Percentage change per annum,Not Applicable,Not Applicable,Not Applicable,Not Applicable,Ratio,Two,World Development Indicators (WDI),Annual,Units,Normal value,Public,-13.366379373808712,-1.9663425709391618,3.7923146602083904,8.163384206133586,8.15030517755902,5.125635154858415,-3.954363432245785,-0.8822457751924304,8.451864689829463,10.459702993695302,3.9531004434223433,2.348175234561836,5.778520263657441,1.7196556604032196,4.714843629780901,0.9966017098320208,5.77022826697349,7.4779153687440925,5.339032970111319,5.8316557393398085,3.9409954355930807,4.625561777235433,5.892145127611045,8.253565084122243,6.201422604514349,5.369550810595399,7.302854962347112,7.879230624098625,3.934066386224245,3.4554149024261562,6.4525929095300825,9.669149416671402,9.796049792852358,9.473148664233605,8.491545660698563,7.7171236392924385,6.062810210866672,1.784502615504735,5.303142122559564,6.643923658125232,5.979049008929692,7.186937561644257,8.0975087625053,8.268921708747158,9.162568968697656,10.187249930836373,11.562224347462703,7.798024322007848,7.202895182870023,9.07737250130171,7.734200017649357,6.63859541906406,6.395237306657876,6.150515768333349,5.847247186222802,5.7112203298879365,5.857470046806796,5.852487961361803,5.3019314810635905,0.884981442616521,7.382215605417869,3.307816215625209,5.066708662694282,4.779734934230717,4.809981806482227
datastructure,WB.DATA360:DS_DATA360(1.3),I,A,KNA,WB_WDI_NY_GDP_PCAP_KD_ZG,_T,_T,_T,PC_A,_Z,_Z,_Z,_Z,RATIO,2,WB_WDI,P1Y,0,A,PU,Annual,St. Kitts and Nevis,GDP per capita growth (annual %),Total,All age ranges or no breakdown by age,Total,Percentage change per annum,Not Applicable,Not Applicable,Not Applicable,Not Applicable,Ratio,Two,World Development Indicators (WDI),Annual,Units,Normal value,Public,,,,,,,,,,,,,,,,,,4.248921154621058,8.057739913616246,8.903237540260236,1.9083987542285854,0.940170202068046,1.6599800399443865,9.437111887059586,9.169628527070643,11.53889568058058,7.246112695041447,9.986138144591465,6.266531831268509,5.7228684529764,-1.684749265581459,3.3547155998206506,5.437208924714355,3.955704162885155,4.0137543741318495,4.482682143866029,5.468619864090002,-1.775953354662775,1.8243663323018922,8.469309099300062,4.073514519192443,0.7972188056135394,-4.257944202017455,3.6842341235038276,9.444528950158812,2.8580010687290667,0.3055164164093753,11.01042970689356,-3.571510893969304,0.09515059143352289,1.5299148098426372,-1.0478777894671083,5.646416989294394,7.531275112026165,0.6984124678187698,3.959196924826557,0.27419350710195545,2.0946620720166322,3.0610217937283295,-15.153708139549693,0.5972613910328164,10.608220003753743,2.913314217454271,0.1302030896017925,2.515693427557082
datastructure,WB.DATA360:DS_DATA360(1.3),I,A,SWZ,WB_WDI_NY_GDP_PCAP_KD_ZG,_T,_T,_T,PC_A,_Z,_Z,_Z,_Z,RATIO,2,WB_WDI,P1Y,0,A,PU,Annual,Eswatini,GDP per capita growth (annual %),Total,All age ranges or no breakdown by age,Total,Percentage change per annum,Not Applicable,Not Applicable,Not Applicable,Not Applicable,Ratio,Two,World Development Indicators (WDI),Annual,Units,Normal value,Public,,,,,,,,,,,10.740056666082069,2.571337080155203,6.003260708648426,2.7512809234377897,10.613517053748495,-5.047830869239462,-2.1716555692318877,-1.9566594547283955,-0.24296466888216628,8.784267443293501,10.893710795097505,-2.1346294706591493,-2.0696585578558313,2.7581940894589394,0.05736669679447459,7.9042771158106575,10.243410029250313,1.7747005919101326,7.789538332811418,16.214611233451407,-2.24655656867003,-0.628243374154323,0.14429632725905606,2.4118678889842187,4.909798225881275,1.8060030153501856,1.3827095113350367,1.2940847172615833,1.8393500506002312,0.7212836949634749,0.4811308927777702,3.2656189993449942,3.827259270498047,2.993481094427409,5.416360662692796,6.195970483490811,3.7181387973540296,0.7582422589791094,0.7849471224097471,3.2176365534427873,1.2764364735135416,3.5319924716050224,3.5301664885926414,1.4907351424831745,1.1245468239479095,2.349657522972379,2.744408885210234,-0.8534813307299487,5.444562780528699,-3.9978006899121965,3.038523689467837,-0.6288940365143105,2.557498871288132,2.0106115682808223,3.0864299112525657
datastructure,WB.DATA360:DS_DATA360(1.3),I,A,NRU,WB_WDI_NY_GDP_PCAP_KD_ZG,_T,_T,_T,PC_A,_Z,_Z,_Z,_Z,RATIO,2,WB_WDI,P1Y,0,A,PU,Annual,Nauru,GDP per capita growth (annual %),Total,All age ranges or no breakdown by age,Total,Percentage change per annum,Not Applicable,Not Applicable,Not Applicable,Not Applicable,Ratio,Two,World Development Indicators (WDI),Annual,Units,Normal value,Public,,,,,,,,,,,2.107095158399602,2.143114570497076,2.08910826191115,2.0511810714158685,1.9558518921143957,-3.8760777913824285,-4.159919113799219,-4.614464540299849,-5.029006643246717,-5.116415957822426,-5.172254152960662,-5.246328334389389,-4.898569564921203,-4.684540612980584,-4.794280012236925,-4.940060225992298,-5.032864602524256,-5.138965266964107,-5.14541974597546,-5.1599723888407,-20.86887124154167,-17.689213290762325,-16.789953429388618,-4.198039803034064,-8.177078853117692,-12.015373297765436,-9.0785853489582,-11.796645568093595,-6.467311482301881,-6.682111835745246,-6.411378672451619,-9.54271126243978,0.5138806738706592,-4.324276852466539,0.10946362822170386,8.61282905726155,-21.96904891515659,20.13188130682377,-5.621561057863062,-0.268843970925019,14.081122645136475,22.31196289830764,1.6485827070358994,13.415187171296239,1.4172709809000992,2.301745543490739,-7.788206534232401,-2.169261145725585,7.516528617762617,1.086253035684976,7.144573742719089,-0.7795949495805559,-1.3380992048467277,0.8378793778804692,1.4803088803083
datastructure,WB.DATA360:DS_DATA360(1.3),I,A,DEU,WB_WDI_NY_GDP_PCAP_KD_ZG,_T,_T,_T,PC_A,_Z,_Z,_Z,_Z,RATIO,2,WB_WDI,P1Y,0,A,PU,Annual,Germany,GDP per capita growth (annual %),Total,All age ranges or no breakdown by age,Total,Percentage change per annum,Not Applicable,Not Applicable,Not Applicable,Not Applicable,Ratio,Two,World Development Indicators (WDI),Annual,Units,Normal value,Public,3.4985762835612206,3.7074130055825094,1.7884858502248449,5.784319130431186,4.3500505506938225,1.9577215946810327,-0.7849148582368173,5.199889138172381,6.569663085296725,4.754087901950953,2.9436502081690463,3.802475974286537,4.448017216172431,0.8507602828457692,-0.49643427699788845,5.400212169501415,3.581437071972587,3.0981816607631174,4.104331339109322,1.1986939162609929,0.37624251840099987,-0.3000577771605606,1.8390341560211851,3.1789872201283202,2.5568835452665724,2.2405350351696285,1.2464996467807197,3.3028637422370224,3.096180013257893,4.351639072387314,4.345220035538944,1.240897398493928,-1.621892557019038,2.2416081377153176,1.2071041245065715,0.7458191976087392,1.7054049520475445,2.0801524792763786,2.0635804747619204,2.7372901071027513,1.4653076736466488,-0.39585933864385936,-0.5848561408547965,1.1840512427310728,0.9427825822080393,3.9839075349550086,3.0267913002331994,1.0799159504174156,-5.304916617230958,4.294292696234848,5.699283115027569,0.27509100985049884,0.12338547838785985,1.7551066061302265,0.7867052445811566,1.40038690062336,2.4144426920241955,0.8322125270525476,0.7502664262532193,-4.210200118257788,3.866027203711269,1.831614399766707,-0.9999292889139753,-0.7690705526588175,0.270006343901656
datastructure,WB.DATA360:DS_DATA360(1.3),I,A,DNK,WB_WDI_NY_GDP_PCAP_KD_ZG,_T,_T,_T,PC_A,_Z,_Z,_Z,_Z,RATIO,2,WB_WDI,P1Y,0,A,PU,Annual,Denmark,GDP per capita growth (annual %),Total,All age ranges or no breakdown by age,Total,Percentage change per annum,Not Applicable,Not Applicable,Not Applicable,Not Applicable,Ratio,Two,World Development Indicators (WDI),Annual,Units,Normal value,Public,5.638743492963826,4.8474468815628455,-0.15261006838561286,8.400119260594607,3.7436849125328706,1.9191979782707165,5.054685534550728,5.2104879555037655,6.210158428192884,1.093500980283963,2.463328728651163,3.2055795796405135,4.088385150081919,-1.4243000503117713,-1.6936947852987885,5.727321234588061,1.6682953130403604,2.0993838595169763,3.7980268048251986,-0.8720465044423236,-0.7127876514369973,3.9684814750319646,2.7253173158965183,4.394008899720021,4.110882380080014,4.593442065183723,0.33578564637326735,0.2242369334295944,0.636785441701889,1.4952482901276767,1.1952189616913955,1.6860081442297599,-0.4112499928245086,4.93970794392429,2.5026281896740556,2.315081165083029,2.7406389670301223,1.9553659214786308,2.627163762281711,3.377907202328643,0.5889597285910071,0.13609648331195956,0.16825199252197365,2.5110874480582197,2.0780148532787592,3.4758598731146435,0.5403215322725714,-1.0005594097131194,-5.481582809981646,1.1326693825002252,0.8945264042933445,-0.38097712544552564,0.9708459096902118,0.7657661551240693,1.385666321888607,2.2718015178963498,2.3955906509763594,1.3561960019978727,1.3477924534065266,-2.066138376831887,6.039665773537962,-0.34405863927163693,-0.13832229460037127,2.957762591606226,2.3772870123953
datastructure,WB.DATA360:DS_DATA360(1.3),I,A,DOM,WB_WDI_NY_GDP_PCAP_KD_ZG,_T,_T,_T,PC_A,_Z,_Z,_Z,_Z,RATIO,2,WB_WDI,P1Y,0,A,PU,Annual,Dominican Republic,GDP per capita growth (annual %),Total,All age ranges or no breakdown by age,Total,Percentage change per annum,Not Applicable,Not Applicable,Not Applicable,Not Applicable,Ratio,Two,World Development Indicators (WDI),Annual,Units,Normal value,Public,-5.3510012994725145,13.458297990295762,3.2869681216860727,3.581686152352148,-15.018575703442266,10.19748662392115,0.33226928941500944,-2.6126692099559534,7.784177310171955,14.941197468265273,7.809572174890803,7.3649166407792706,9.818685738844636,3.155238203857749,2.429822537794095,3.9750814559170493,2.314718360492236,-0.41549186518410863,1.9542861634261897,5.342621796239683,1.8025055573087911,-0.6487821337182424,2.242824968351414,-1.029940615164648,-4.27424270185108,1.3037845027761534,7.799256366124368,0.021884775476181062,2.2153913212317207,-7.422538424186271,-1.1119410318675165,9.032557380169678,5.287127633714064,0.6441060833075767,3.7379611581118866,4.051426229448651,7.018621583526823,4.955955903271118,4.252340983571884,2.969556959616341,0.870183146599885,2.9290209406912027,-2.7596456845040365,1.1853838341311302,8.006607143484274,7.813763189485485,6.117943980011617,2.0008827072605726,-0.26892659978217637,7.0223118298609535,1.8903825242781949,1.5021007455516155,3.6642340086159066,5.847606956635175,5.7645249096661075,5.540409786608876,2.8093192177562685,5.953142054777729,3.8157268227303263,-8.884672216998311,12.831908041007097,4.232891967672202,1.2856482576487878,4.069152398402082,1.2936612740819982
datastructure,WB.DATA360:DS_DATA360(1.3),I,A,ISR,WB_WDI_NY_GDP_PCAP_KD_ZG,_T,_T,_T,PC_A,_Z,_Z,_Z,_Z,RATIO,2,WB_WDI,P1Y,0,A,PU,Annual,Israel,GDP per capita growth (annual %),Total,All age ranges or no breakdown by age,Total,Percentage change per annum,Not Applicable,Not Applicable,Not Applicable,Not Applicable,Ratio,Two,World Development Indicators (WDI),Annual,Units,Normal value,Public,7.591417538170248,4.967778127097503,6.694112391422436,3.7505324235404913,5.255529078271067,-2.588107883314038,-1.357404518978214,13.836659809014648,10.644651751515013,3.807398988768611,7.516612820187959,9.332203095449927,1.4000416380909542,3.3547104570575073,0.9120117802302445,-1.892371888352045,-1.2018510625553773,3.3524471237284814,3.514749168363764,-0.7415438639223026,3.262951407911686,0.18317332554262578,1.495867878939606,-0.37729177372433753,2.2181985163637847,2.590574765017635,5.423121837730264,1.2187891195351739,-1.1170815697203977,4.0450793278622825,1.4353801271529676,4.099279452615946,1.3856953357768163,4.681958580690136,3.796066722066044,3.1055561274452543,1.0537412465566405,1.7482648199242732,0.6913934660201448,5.759750721458971,-2.065383641982052,-2.1437438125472426,-0.3804275505748649,2.815889195844008,2.5290558815646733,3.740822976574947,4.441513562305133,1.3982955338840384,-1.1705122314347847,3.6341691278074535,3.581357536233014,0.5366403917918916,2.1657710982291576,1.7462155108315613,0.23034285153873668,2.506704435989235,2.3404858765307495,2.0679692715152527,1.6204364162776699,-3.518782786611837,7.511807759775536,4.292991640274749,-0.9580165864834811,-0.5926507864739392,1.7048588501261719
datastructure,WB.DATA360:DS_DATA360(1.3),I,A,PRI,WB_WDI_NY_GDP_PCAP_KD_ZG,_T,_T,_T,PC_A,_Z,_Z,_Z,_Z,RATIO,2,WB_WDI,P1Y,0,A,PU,Annual,Puerto Rico,GDP per capita growth (annual %),Total,All age ranges or no breakdown by age,Total,Percentage change per annum,Not Applicable,Not Applicable,Not Applicable,Not Applicable,Ratio,Two,World Development Indicators (WDI),Annual,Units,Normal value,Public,5.180691477426677,6.086398520792642,6.299405800043445,4.9844817196101445,7.5236604374588865,6.229836986345049,5.39296609738436,4.532851623537184,8.47526145119808,7.047929157617176,4.6637954768615515,5.078763543333224,4.071923337587606,0.7985605943488565,-2.4696290116559396,4.502977117000071,4.412682375976473,5.540172762212947,6.589805340324247,3.010752186645334,0.007746616623123259,-2.6049485836723676,-3.335473116871839,4.881749916495991,2.0957763452341425,3.975056526048519,4.776533924463962,4.911513148464763,3.3899512122126225,-3.701708114222697,1.5832278146652925,3.8913165235515237,3.7669363120261323,3.222679345134722,3.587663831110092,1.1723027078393216,3.909938799745774,4.9258868989182645,4.863317304615535,2.9867515005423684,6.086049176633111,0.78642430938811,-0.009183946230663764,8.726426331550343,-1.8454603531980922,-0.9910300233063651,-0.5822974034368826,-1.2665834218047394,-1.4162109210860478,0.01309185617436981,0.4778277738522121,0.9150465817733249,0.5062730890986273,0.08878115295669886,0.3460310067283814,0.28908177017434866,-0.9036803548832779,-0.869549149955759,1.3060053015888258,-3.564775730299914,0.9654928369524214,4.318592705527919,1.2456833492136639,3.2180883678031336,0.8747533212918484
datastructure,WB.DATA360:DS_DATA360(1.3),I,A,ETH,WB_WDI_NY_GDP_PCAP_KD_ZG,_T,_T,_T,PC_A,_Z,_Z,_Z,_Z,RATIO,2,WB_WDI,P1Y,0,A,PU,Annual,Ethiopia,GDP per capita growth (annual %),Total,All age ranges or no breakdown by age,Total,Percentage change per annum,Not Applicable,Not Applicable,Not Applicable,Not Applicable,Ratio,Two,World Development Indicators (WDI),Annual,Units,Normal value,Public,,1.7300324983901874,1.859329144252726,1.3859769269671318,2.969703358660823,4.496695298723921,1.3500572443538204,1.3045290879678362,-1.3626241261215881,0.6694683751683215,3.65482353629109,1.4790669667043943,2.3496939999939457,0.6365853618106598,-1.1985234146187338,-2.348154893772943,0.7656060875294628,1.0122113017091436,-2.5567541068524946,5.83727167777019,1.7930084257335324,-2.9260234670100544,5.2537981106687255,-5.343314794548206,-13.611869575035541,6.466920861052401,10.045118732446397,-3.3451819978833726,-4.115696910713893,-1.006468892951574,-11.073793028811963,-12.435481489834416,9.234798495415575,-0.3404374486841135,2.575326961598236,8.776856917785608,-0.11928061562910841,-6.442885647635052,1.9271724167863766,2.8680661890454076,5.065304324572722,-1.5288589401725545,-5.0728865238029215,10.22181510818399,8.550898628987497,7.62653694970021,8.237707080381256,7.627867428676652,5.756385598310601,9.4043448666486,8.061416763622262,5.643743769467008,7.616614547206908,7.338618593550251,7.4680767605293,6.509914563067397,6.618620700267513,3.9740754594213286,5.486641478243868,3.223115996813931,2.8556576314385183,2.595399677243293,3.8547502493549075,4.868199776186003,7.006581891996319
datastructure,WB.DATA360:DS_DATA360(1.3),I,A,EST,WB_WDI_NY_GDP_PCAP_KD_ZG,_T,_T,_T,PC_A,_Z,_Z,_Z,_Z,RATIO,2,WB_WDI,P1Y,0,A,PU,Annual,Estonia,GDP per capita growth (annual %),Total,All age ranges or no breakdown by age,Total,Percentage change per annum,Not Applicable,Not Applicable,Not Applicable,Not Applicable,Ratio,Two,World Development Indicators (WDI),Annual,Units,Normal value,Public,,,,,,,,,,,,,,,,,,,,,,,,,,,,,,,-7.536696311360203,-19.71743228716001,-3.2824454328590917,0.4836880453742225,6.409661632938523,6.502782208052338,14.347216046452658,5.346902251168473,-0.7178246909679871,9.556422588701864,6.557319677840411,7.612500410927666,8.273723956806478,7.44108988454812,10.151602327500058,10.411704360158367,8.062766014082683,-4.870579152927064,-14.465498147072111,2.683661650946334,7.934147249752371,4.043771860187164,2.119282000098096,3.5941159076930234,1.771417019572226,3.0630109034919855,5.506857313542056,3.339409363788917,3.3419636171696965,-3.0754800776694395,8.140194360088529,-2.5375496320885276,-4.266344801379134,-0.23965215431368847,1.0160964985656733
datastructure,WB.DATA360:DS_DATA360(1.3),I,A,BMU,WB_WDI_NY_GDP_PCAP_KD_ZG,_T,_T,_T,PC_A,_Z,_Z,_Z,_Z,RATIO,2,WB_WDI,P1Y,0,A,PU,Annual,Bermuda,GDP per capita growth (annual %),Total,All age ranges or no breakdown by age,Total,Percentage change per annum,Not Applicable,Not Applicable,Not Applicable,Not Applicable,Ratio,Two,World Development Indicators (WDI),Annual,Units,Normal value,Public,2.45886043672175,1.8345760996797367,-1.384302387502359,8.548317160879776,2.4401424479148375,11.835260723781161,11.033056923698268,0.302356940952734,1.6179320550961336,4.643896683025204,2.4878105786786904,1.4347692398888086,1.2095858042222147,0.6680462026434952,3.625537104167222,8.772713552636063,5.675004011391209,1.2458193962484216,1.9838230272711428,7.630187382777521,1.7666325289617646,-5.964594590575288,1.282647804162849,-0.23256408613058,-2.6703553191421747,6.013944307859049,3.056673772261348,3.2597311052716407,-0.3121791745866176,-0.727990781411421,-4.241437275204262,-0.7835338336644355,2.292256868656196,-0.042793868031282045,3.8168730679686718,2.1081687991862452,3.9672939894053627,3.1084006278220073,2.562337749965863,8.560550259260083,6.673039056924225,-1.913785698999149,3.0062535555154284,2.0448337780914585,1.4212811702547015,5.337260155072258,3.056475296956606,-2.315543074540784,-6.020136318346076,-2.747672945788864,-3.7548268813136474,-5.175857523971459,-0.16677148019620347,-3.6328554077387167,0.8787442689385756,-0.6337206400968682,3.4011918783493087,-0.8274449886884412,-0.12474593215323182,-7.368985270706048,4.333914084959801,6.091208212818771,4.4167173568936136,1.985961619493807,
datastructure,WB.DATA360:DS_DATA360(1.3),I,A,HPC,WB_WDI_NY_GDP_PCAP_KD_ZG,_T,_T,_T,PC_A,_Z,_Z,_Z,_Z,RATIO,2,WB_WDI,P1Y,0,A,PU,Annual,Heavily indebted poor countries (HIPC),GDP per capita growth (annual %),Total,All age ranges or no breakdown by age,Total,Percentage change per annum,Not Applicable,Not Applicable,Not Applicable,Not Applicable,Ratio,Two,World Development Indicators (WDI),Annual,Units,Normal value,Public,-2.6022451541530103,4.7259401308837,0.8332891813636536,0.7442149890897838,1.1815362092930428,1.185273868569638,-0.3526074448223966,1.7056368860550748,1.8697318144561166,-2.658421038383878,1.7445932443114884,-0.6174439756405405,0.29985189760377295,2.458126656168645,-0.6746716617080182,0.9543756875932274,0.7065897289660512,-0.44095390180439153,-2.292935164148304,-1.7366792731930047,0.7693344119071668,-1.884303377519032,-2.4147262321895226,-1.647423835996264,-1.31109249567983,0.21789429199698418,0.33186938897384266,-1.3610902776350713,-1.2891938257892548,-3.7445928952986236,-1.7452713796938326,-4.26707693483948,-2.81629384900684,-2.6249846899167153,2.2086611983739886,2.5980043048675583,3.0437888114526856,0.8541257874197754,0.5769203762981476,0.12309819841303238,0.9041996924323001,0.9592551546479484,1.0328616330713913,2.823097424368612,2.576085025870583,2.746013879998088,2.6087875667040805,2.720090482260346,0.5830314107670347,3.3006176883739755,1.3008591492140766,1.1783971704455922,3.2300144703657736,2.486770158915405,1.9651426585456164,1.3485923744853636,2.0387183370595494,1.249002680577533,1.3467650534818318,-2.719497071829224,1.5828022658310914,2.209548475554726,0.8464523360741651,2.4289135093066534,3.101658423345583
datastructure,WB.DATA360:DS_DATA360(1.3),I,A,ESP,WB_WDI_NY_GDP_PCAP_KD_ZG,_T,_T,_T,PC_A,_Z,_Z,_Z,_Z,RATIO,2,WB_WDI,P1Y,0,A,PU,Annual,Spain,GDP per capita growth (annual %),Total,All age ranges or no breakdown by age,Total,Percentage change per annum,Not Applicable,Not Applicable,Not Applicable,Not Applicable,Ratio,Two,World Development Indicators (WDI),Annual,Units,Normal value,Public,10.804487109693085,8.9464704174558,8.639493132813442,4.267245615006885,5.105632255002405,6.153434616754765,3.064126496780986,5.212172343834354,7.839082903034495,3.093599040296425,3.395927031464268,6.962193114819513,6.604025765445698,4.47106819908592,-0.5390965213123025,2.21777242101939,1.7856571268631143,0.4907282828501991,-0.8365280806159063,1.3913154137247545,-0.8398874957609763,0.6404091818942135,1.2755146780102535,1.3628971550260474,1.9513290918068265,2.945279390632777,5.273762975018599,4.871691997133439,4.66281523950552,3.6757679472208196,2.2853246888711425,0.43611515574855275,-1.543358351454259,1.896906947016717,2.304957025566253,2.18092390343854,3.1540536766529783,3.8712183046362583,3.986528772798522,4.731300329426119,3.2003168479779447,1.3141412054032457,1.0944115829831986,1.3505868838275887,1.8165773278941941,2.2995150134976114,1.6346398071037385,-0.8276484768022527,-4.616729629159835,-0.3656600899836775,-0.9923586047117112,-2.928158977704058,-1.0701701820676846,1.8339664619386298,4.147011936195156,2.8357712406947684,2.646170611071085,1.9340629203919093,1.2330374124960457,-11.393129045595316,6.493367388030393,5.608410688446682,1.2605795889106162,2.404132186239252,1.7701382454905286
datastructure,WB.DATA360:DS_DATA360(1.3),I,A,NAC,WB_WDI_NY_GDP_PCAP_KD_ZG,_T,_T,_T,PC_A,_Z,_Z,_Z,_Z,RATIO,2,WB_WDI,P1Y,0,A,PU,Annual,North America,GDP per capita growth (annual %),Total,All age ranges or no breakdown by age,Total,Percentage change per annum,Not Applicable,Not Applicable,Not Applicable,Not Applicable,Ratio,Two,World Development Indicators (WDI),Annual,Units,Normal value,Public,0.6513059153110135,4.54739730743637,2.9340969941253263,4.3599664762300705,5.0168633353689955,5.231462762053752,1.3712946283061598,3.7136191284522795,2.212186729739173,-0.7514014537036218,1.890349713149206,4.145322476237396,4.700908202803362,-1.1710414699945062,-1.0793841385220873,4.399618243959154,3.4673879160478975,4.273339307782692,2.0917541594732256,-1.0303010951926552,1.5873086423971188,-2.8780792980191734,3.4486632953451704,6.18682001868325,3.2922301602980895,2.3926493004982916,2.5428448585069106,3.2153171513233048,2.4980203911353414,0.563733103963088,-1.5875513466152427,1.9061015395940473,1.420806525913349,2.8092920235430796,1.4853359713083165,2.421045064959415,3.205993234525792,3.261013248997301,3.6525456498004587,3.027748343622733,0.025843987757937725,0.845649662027796,1.834101004346806,2.830723371441522,2.5096227062162484,1.7832837684221232,1.0407081574940236,-0.7748866111620458,-3.4801399536295747,1.8318475584756015,0.8654907235770253,1.401769368272582,1.3339195459587216,1.7156774948484639,1.9484233123885417,0.9263381177601246,1.7437984048149389,2.2584790621474866,1.90533268356306,-2.7780586720124774,5.926215381032847,1.9712488503808459,1.8065755512045598,1.5339605263010583,1.551752973741614
datastructure,WB.DATA360:DS_DATA360(1.3),I,A,YEM,WB_WDI_NY_GDP_PCAP_KD_ZG,_T,_T,_T,PC_A,_Z,_Z,_Z,_Z,RATIO,2,WB_WDI,P1Y,0,A,PU,Annual,"Yemen, Rep.",GDP per capita growth (annual %),Total,All age ranges or no breakdown by age,Total,Percentage change per annum,Not Applicable,Not Applicable,Not Applicable,Not Applicable,Ratio,Two,World Development Indicators (WDI),Annual,Units,Normal value,Public,,,,,,,,,,,,,,,,,,,,,,,,,,,,,,,2.29860098445927,4.170120141974735,0.1635482604307299,2.8544255651469825,1.9393248745705591,1.1712305436192878,1.929696327789344,2.719046919735163,0.5939636948179441,2.9640109201048546,0.7140600186415185,0.8975566937798902,0.7432784189005162,0.9667670597700777,2.372031853019948,-0.12937563098674332,0.04510990870203102,0.3709786302551521,0.5982101435194664,4.373507784158704,-15.336687528568802,-0.670663085005188,1.6791123240989805,-3.204717056431889,-30.150755099290436,-12.055374350504536,-7.888612052442824,-2.1864901922670015,,,,,,,
datastructure,WB.DATA360:DS_DATA360(1.3),I,A,HND,WB_WDI_NY_GDP_PCAP_KD_ZG,_T,_T,_T,PC_A,_Z,_Z,_Z,_Z,RATIO,2,WB_WDI,P1Y,0,A,PU,Annual,Honduras,GDP per capita growth (annual %),Total,All age ranges or no breakdown by age,Total,Percentage change per annum,Not Applicable,Not Applicable,Not Applicable,Not Applicable,Ratio,Two,World Development Indicators (WDI),Annual,Units,Normal value,Public,-1.1728175979206554,-0.6630348573772693,-1.5653117228136608,-1.3093996837549895,-0.3210006056320651,-3.931834004656892,0.8023257524535552,-4.013894632890114,-2.0363949967059227,1.8735733113537378,1.5572851947016204,0.7958222957962278,1.340954226529604,6.291839745570812,2.2395457547548716,12.532858367599715,5.346326250782866,9.497193496895264,8.151385802713506,9.64336022608687,4.054801095997476,1.3073448057888868,3.8620556772942507,-0.6070165671757621,1.678481390126322,2.5572117962795176,-1.1054612255072982,4.586283989567107,4.1598852000684445,17.79812165904491,22.521576920717862,5.981443242233226,10.456024340144083,25.411708779437106,21.190416679310715,19.535279465822654,19.050193990875556,8.659404391445037,8.681512781001572,6.6575193055289645,-0.01619605312886563,1.0499116620787987,1.8985042178203884,3.615702692410764,3.5070797546985517,4.0832133513757185,3.7762787856267863,1.918834962960105,-4.543991316518671,1.549121631332497,1.7116419481737069,2.043826169570309,0.7771672170535453,1.0812751128464981,1.8820222203750063,1.9605106830205443,2.9210727832683574,1.9619687252863827,0.7193615161734499,-10.548417486839497,10.70299036559507,2.4118455105240173,1.8148973269289002,1.9011454613649477,2.053196993803155
datastructure,WB.DATA360:DS_DATA360(1.3),I,A,NER,WB_WDI_NY_GDP_PCAP_KD_ZG,_T,_T,_T,PC_A,_Z,_Z,_Z,_Z,RATIO,2,WB_WDI,P1Y,0,A,PU,Annual,Niger,GDP per capita growth (annual %),Total,All age ranges or no breakdown by age,Total,Percentage change per annum,Not Applicable,Not Applicable,Not Applicable,Not Applicable,Ratio,Two,World Development Indicators (WDI),Annual,Units,Normal value,Public,1.5587257204473701,7.121098676441889,6.2988614877526885,-2.7168509737899456,3.913083686158217,-3.1529848190767495,-2.636289920680497,-2.353047287095805,-8.035599592002342,0.29559866069548946,2.89253600729144,-7.6531019694391915,-19.237862674926532,5.893708529440687,-5.390472509344562,-2.0472749168364146,4.796993435828341,10.269990218368633,4.041300640694615,-5.32313551445273,-3.1150957244784365,-0.8177289414158224,-6.671090775860776,-19.243349344920475,4.563269379202268,3.20101161942344,-2.8945708827687042,3.6816685446094226,-2.0715221655779317,-4.30134942960251,-3.4779548861283303,-1.1310370529264162,-2.7996869363756076,-1.3690781399412089,-0.8784044774065052,-3.1912559289846882,-1.7881825874447088,6.31303577624729,-3.5942011754591334,-4.5750422673111615,3.5695917774957593,1.2779550967857887,-1.4049263328982278,-3.183337787224133,3.5058953552876204,2.127034369928424,-0.5850388417884886,3.816082889171568,-1.7578564345149772,4.607665895525727,-1.3813622828285474,6.455376385409849,1.4304537380573237,2.7794986618560102,0.6043201401594729,0.5193419794772751,1.8410618458062515,3.268702089256408,2.567064532002817,1.0642926767500285,-2.1223779977598127,8.631125788207356,-0.691442852917362,4.826840884611073,3.614057159858646
datastructure,WB.DATA360:DS_DATA360(1.3),I,A,BGD,WB_WDI_NY_GDP_PCAP_KD_ZG,_T,_T,_T,PC_A,_Z,_Z,_Z,_Z,RATIO,2,WB_WDI,P1Y,0,A,PU,Annual,Bangladesh,GDP per capita growth (annual %),Total,All age ranges or no breakdown by age,Total,Percentage change per annum,Not Applicable,Not Applicable,Not Applicable,Not Applicable,Ratio,Two,World Development Indicators (WDI),Annual,Units,Normal value,Public,3.1104197190557272,2.434773841256572,-3.315593023856792,7.7603331957589745,-1.3182251654015857,-0.3724706921219081,-4.720391729882152,6.313411168743002,-1.6157647640085173,2.9207966700637797,-7.11748025644755,-15.612517238112332,0.40936437967167194,6.532698862507601,-6.570574215016833,3.0137617396393352,0.14979297351305831,4.492528204433583,2.307157781587293,-1.5649689652999683,4.518544664813163,-0.6292525945491008,1.134446241183369,2.1463300903981803,0.8280297511726644,1.755949338190348,1.4749596769563027,0.26056656058044325,0.752490665566441,3.5408054143984344,1.5267962884061745,3.4738381995634455,2.779078566649403,1.981565712117316,3.1858938329199162,2.629544607460474,2.571023780071016,3.209952444195835,2.7006924924019273,3.3867135898368588,3.340278822449477,2.2428605848182883,3.226324776393625,3.816356850424569,5.201313686724134,5.440428814558814,5.913202755895071,4.960571702425327,4.070764216406687,4.650462973555136,5.501503282369001,5.50548020192592,5.0234183969507455,5.099054601979418,5.604495397324342,6.161815600147818,5.687103070102651,6.441974947024846,6.972643997791522,2.586478165645815,6.070694170209691,6.008474628872776,4.490704093943904,2.964998379549172,2.2384307675638695
datastructure,WB.DATA360:DS_DATA360(1.3),I,A,SDN,WB_WDI_NY_GDP_PCAP_KD_ZG,_T,_T,_T,PC_A,_Z,_Z,_Z,_Z,RATIO,2,WB_WDI,P1Y,0,A,PU,Annual,Sudan,GDP per capita growth (annual %),Total,All age ranges or no breakdown by age,Total,Percentage change per annum,Not Applicable,Not Applicable,Not Applicable,Not Applicable,Ratio,Two,World Development Indicators (WDI),Annual,Units,Normal value,Public,-2.696324812297547,3.946745345766132,-5.593092424669592,-4.012257927974019,3.6113949470524034,-6.346708930708189,-1.4675267177695872,-0.981796867696076,-1.5486749749274225,2.8331951437319702,-0.8304433520114856,-8.001897072660569,-3.0266722962571606,7.405310166362966,11.946272681276909,12.846117895224836,2.783118363423995,-9.309871280991544,-8.549250975265807,-2.3186996127283805,3.4262257716872995,2.2044259804736726,-1.0589317242850456,-7.064597549636815,-7.959232437788842,3.451381159339448,12.183555768914658,-1.5552090949145736,7.668564257363002,-7.122836775450011,5.352459704156857,4.54963665240291,2.4904169735087294,-1.46917150041169,3.2216662371642713,3.5282098891249944,15.589960214383296,1.8044093130266958,0.5245557714462166,3.371329754409416,3.515158586335218,3.0464085245175454,3.4766260125849158,2.385010784521384,2.753372180407581,3.5558775259001436,2.693292112510477,0.6935307438187692,-5.8104218539472186,0.7588860487514069,5.872001185509774,-7.200563692227391,-0.3725462635869974,1.8645292409050143,-1.1481029314782205,0.3694731615278215,-2.7198745238733153,-6.017167559981061,-5.007959437998878,-6.185958079479661,-4.477007795637931,-3.598008465578033,-30.36317357110299,-14.657023640740277,
datastructure,WB.DATA360:DS_DATA360(1.3),I,A,TGO,WB_WDI_NY_GDP_PCAP_KD_ZG,_T,_T,_T,PC_A,_Z,_Z,_Z,_Z,RATIO,2,WB_WDI,P1Y,0,A,PU,Annual,Togo,GDP per capita growth (annual %),Total,All age ranges or no breakdown by age,Total,Percentage change per annum,Not Applicable,Not Applicable,Not Applicable,Not Applicable,Ratio,Two,World Development Indicators (WDI),Annual,Units,Normal value,Public,10.218906951512935,1.9626908824581903,3.0893726623446156,12.1051002674144,13.184092313139104,7.195362170072173,3.3341204712741757,2.832440120966865,5.955248671957335,-2.5345686654245014,-3.1690772159619627,4.607466812438773,1.1514507194710006,2.226211744164573,-0.03353620055978013,-4.36845078873084,4.454968927688,8.42226246650506,-7.538174375878057,11.413969666640298,-6.271093316208109,-6.258842425748114,-7.641384304953931,3.085840076827637,2.621510409827451,-1.5507957594123525,-2.485783257686208,3.477067558671436,1.0199978557545961,-3.1203775361655772,-3.5214427886498214,-6.665143507323819,-14.121715920637257,14.505041753356252,2.4340072686618726,4.253467168998554,10.572575002726921,-4.721990739649513,-0.02483484810979064,-3.230188360548553,-1.6522960838568252,1.2865607513710557,4.0909036061920006,-3.363733069659247,-6.98809238817357,-0.23438161178420103,-4.248631792141069,0.7461066750391865,2.103064443742369,2.5938911584403286,2.9777771168734546,3.8561464321063,3.565298366929113,3.519916094339834,3.4716138773312792,2.3424208994098166,2.254156687475799,2.9148797520469003,2.692767876681529,-0.04641363958538136,3.1733618608666774,4.5496971499895125,4.193035392099716,4.211268185003902,4.020348131908719
datastructure,WB.DATA360:DS_DATA360(1.3),I,A,COD,WB_WDI_NY_GDP_PCAP_KD_ZG,_T,_T,_T,PC_A,_Z,_Z,_Z,_Z,RATIO,2,WB_WDI,P1Y,0,A,PU,Annual,"Congo, Dem. Rep.",GDP per capita growth (annual %),Total,All age ranges or no breakdown by age,Total,Percentage change per annum,Not Applicable,Not Applicable,Not Applicable,Not Applicable,Ratio,Two,World Development Indicators (WDI),Annual,Units,Normal value,Public,-13.114064624223204,18.084302364103706,2.461361360820291,-5.016419445816354,-1.7407315663035092,3.773666307306982,-3.83265618856133,1.3177318620660543,6.210181757853775,-3.0537634594898577,3.1461984452139546,-2.4672189445671364,5.281190262326234,0.41090726421278134,-7.467274382220239,-7.725695632352199,-1.7553296172873445,-8.237376717811088,-3.038625574355507,-0.9588698554029804,-0.5874987699141343,-3.4001419974392206,-1.7528370829467264,2.072070866561887,-2.809014135656824,1.4704603637690923,-0.5117487315460494,-2.6967479806216232,-4.337990991472935,-9.61748597659816,-11.41949779835464,-13.472989774905002,-16.507113954434175,-8.34247342999042,-3.3948112154557464,-2.9076516644345247,-7.1216366973293646,-4.260881133371697,-7.431658832316657,-9.849659134320675,-5.152141466489937,-0.15093808663047525,2.5382500298266564,3.641201688251556,2.924531504411945,1.91803613632446,5.347527810538736,4.241715957794568,-2.5186084527893087,5.211037582303419,-3.6171058067633624,5.100472769032024,13.585591715383487,3.7249798229858726,2.904838657778413,-3.098916861520692,0.49812625077663597,2.579952943103052,-2.5817682293870234,-2.418809839494358,3.038710053494853,5.843814689038467,5.052732247138138,2.717255648613431,2.4259678490710286
datastructure,WB.DATA360:DS_DATA360(1.3),I,A,AGO,WB_WDI_NY_GDP_PCAP_KD_ZG,_T,_T,_T,PC_A,_Z,_Z,_Z,_Z,RATIO,2,WB_WDI,P1Y,0,A,PU,Annual,Angola,GDP per capita growth (annual %),Total,All age ranges or no breakdown by age,Total,Percentage change per annum,Not Applicable,Not Applicable,Not Applicable,Not Applicable,Ratio,Two,World Development Indicators (WDI),Annual,Units,Normal value,Public,,,,,,,,,,,,,,,,,,,,,-7.819537670773997,-3.611216995930377,0.39892556245635546,2.143506850896415,-0.23822136413154738,-0.7567999211191392,0.529253267498845,2.577679019182085,-3.3167087738750496,-6.670526972974983,-2.3446527119201335,-8.871345189359715,-26.37419588135377,-1.8930680113733018,11.222449033507644,9.768938152976318,3.692910150655976,1.2453317276613518,-1.1307987800008448,-0.30292830901770174,0.7691846691085544,9.857802362832828,-0.06543798724221972,7.48604694407922,10.067359326411292,7.795575328871919,8.85163544291423,6.678885924197786,-1.8090600933088865,1.3157907662097585,-0.3565121416692989,4.370087786132885,0.9218263583204731,0.8212209889411355,-2.804708183782509,-3.7381308344825186,-3.637625475839343,-3.883788115978277,-4.351220899582287,-8.31907910122797,-2.074816130446891,0.3532715579756598,-1.753570496448745,1.805850336223159,0.08446840764581509
datastructure,WB.DATA360:DS_DATA360(1.3),I,A,LAC,WB_WDI_NY_GDP_PCAP_KD_ZG,_T,_T,_T,PC_A,_Z,_Z,_Z,_Z,RATIO,2,WB_WDI,P1Y,0,A,PU,Annual,Latin America & Caribbean (excluding high income),GDP per capita growth (annual %),Total,All age ranges or no breakdown by age,Total,Percentage change per annum,Not Applicable,Not Applicable,Not Applicable,Not Applicable,Ratio,Two,World Development Indicators (WDI),Annual,Units,Normal value,Public,3.109109571469787,1.6371953900158047,-0.9964235410104436,4.866655285767436,2.8631335172968733,1.638655055879724,1.5917489725105725,4.643103361960527,3.8867792026639876,4.183128134557506,4.080590893135593,4.8025906901230115,5.9939341385604905,3.929169150327553,1.7423104882138745,3.1196186418727763,2.3455006092947315,1.8011911225517991,4.669738581526772,3.8802242259459803,-1.2216838943576676,-1.778468471165624,-4.486304499501003,1.7007819424154462,0.9196281823228958,1.3282349207350421,1.1364721729676859,-1.4360641722914949,-1.1206989724680199,-2.1657506126509247,1.1702072683131632,0.3680023837344919,2.359201435104822,3.268156553442509,-1.170276451317875,2.1058685378458506,3.6714644376554304,1.0720906412518616,-1.215489458071687,2.0949953440209725,-1.1731811340416272,-1.2925972356520674,0.7748548026640663,4.268444978170493,2.8762435729269953,4.098744754109632,4.163533591831168,2.5697645912840414,-3.5500139695250823,5.253857946420368,3.285605549555058,1.3419963986118262,1.6481792836257227,0.0831961992979302,-0.9164733268744953,-1.9145539923702586,0.6759533265451125,0.30649636905360467,-0.6042007064195332,-7.454980635705539,6.226391398545488,3.3425150665886747,1.4117198685944743,1.273490966650371,1.5228011858625194
datastructure,WB.DATA360:DS_DATA360(1.3),I,A,AZE,WB_WDI_NY_GDP_PCAP_KD_ZG,_T,_T,_T,PC_A,_Z,_Z,_Z,_Z,RATIO,2,WB_WDI,P1Y,0,A,PU,Annual,Azerbaijan,GDP per capita growth (annual %),Total,All age ranges or no breakdown by age,Total,Percentage change per annum,Not Applicable,Not Applicable,Not Applicable,Not Applicable,Ratio,Two,World Development Indicators (WDI),Annual,Units,Normal value,Public,,,,,,,,,,,,,,,,,,,,,,,,,,,,,,,-2.0123831035275117,-23.76120215572577,-24.25686416480805,-20.775558548680806,-12.813429438630592,0.28021388957033366,4.784282352386882,8.960886762938088,6.461584076116765,10.191029267481639,9.051822038187524,8.625351065736425,9.376460364306155,8.301538479390587,26.66009477002956,32.99706657655156,24.04867875895947,8.293390955193843,7.12223856098808,3.5494554377938528,-2.8471826864820855,0.8538859473716798,4.483203167779635,1.5224313553514435,-0.14702476013390253,-4.141174872597375,-0.8243484683117828,0.6248843746925701,1.615829432871351,-4.85235140794201,5.151489359037086,4.673317967871,1.2326799286360313,3.6591463227956638,1.0125927039245255
datastructure,WB.DATA360:DS_DATA360(1.3),I,A,GUY,WB_WDI_NY_GDP_PCAP_KD_ZG,_T,_T,_T,PC_A,_Z,_Z,_Z,_Z,RATIO,2,WB_WDI,P1Y,0,A,PU,Annual,Guyana,GDP per capita growth (annual %),Total,All age ranges or no breakdown by age,Total,Percentage change per annum,Not Applicable,Not Applicable,Not Applicable,Not Applicable,Ratio,Two,World Development Indicators (WDI),Annual,Units,Normal value,Public,2.277004461805234,-1.0842113605752246,-14.163578436718453,8.991276688004874,8.215077888960721,3.0401772026123552,2.161391770708974,-1.0443466612549201,4.814421545443054,2.403589305724168,1.6722034461264457,-4.5174628698687656,0.06315332835826837,6.547239786282006,7.415354597323187,0.6109705105570526,-3.4601474335907483,-2.5680202577091507,-2.5337539848280244,1.1683124295353053,1.22348875608769,-13.219081839829755,-6.693760141895339,-4.810359818914407,2.749283485626435,-0.46464632404550343,1.4246777012612881,-3.1284958105788547,-4.312307165948425,-2.424925137340935,6.346175967410588,7.463312598936952,7.736351006210526,8.12217163524447,4.676073461674008,7.652031668968945,5.941209052027247,-1.8517743953218684,2.839344334316479,-1.4088125220776249,2.3270171760090506,1.2418840807394815,-0.560476505993833,1.6543360187625211,-1.7571567715638992,5.399440247940788,7.489359082531564,2.059300098787517,3.9575717425777555,4.532892759942314,5.633727478447412,5.257286625879189,3.1374813337109515,1.1191644103188025,0.0833711927134857,3.159363224438323,3.0688718244037148,1.3960456275579247,3.251561782455312,43.51234630150907,18.8820438552858,62.111071314503675,33.03144243224449,43.00005583436874,18.636683271220832
datastructure,WB.DATA360:DS_DATA360(1.3),I,A,TKM,WB_WDI_NY_GDP_PCAP_KD_ZG,_T,_T,_T,PC_A,_Z,_Z,_Z,_Z,RATIO,2,WB_WDI,P1Y,0,A,PU,Annual,Turkmenistan,GDP per capita growth (annual %),Total,All age ranges or no breakdown by age,Total,Percentage change per annum,Not Applicable,Not Applicable,Not Applicable,Not Applicable,Ratio,Two,World Development Indicators (WDI),Annual,Units,Normal value,Public,,,,,,,,,,,,,,,,,,,,,,,,,,,,7.6975576855700325,-6.950474204906314,31.8527372518528,-6.963774887519548,-16.880103387464814,-0.707955622795879,-18.99246977918878,-8.850498265254245,4.882811985015167,-12.889582047936727,5.308479153830774,14.382150150154999,3.386070273413779,2.2742910073974656,-1.7199367906722784,1.2645424818496451,3.004886422652092,10.927305696837507,8.928353637242225,9.006266573290304,12.532986495638141,4.026049086823065,6.987016430935881,12.31509634983243,8.65854927877794,7.736860517931348,7.880523058673347,4.04654007021054,3.819401907067885,4.046229799857585,3.836914175658009,4.012195358001904,3.6470700983041553,4.023791987095876,4.205043449347727,4.380732474431028,4.437925634326163,4.565052648667006
datastructure,WB.DATA360:DS_DATA360(1.3),I,A,BRA,WB_WDI_NY_GDP_PCAP_KD_ZG,_T,_T,_T,PC_A,_Z,_Z,_Z,_Z,RATIO,2,WB_WDI,P1Y,0,A,PU,Annual,Brazil,GDP per capita growth (annual %),Total,All age ranges or no breakdown by age,Total,Percentage change per annum,Not Applicable,Not Applicable,Not Applicable,Not Applicable,Ratio,Two,World Development Indicators (WDI),Annual,Units,Normal value,Public,5.372339416450529,3.4659107618658425,-2.3214019083238213,0.45064464542538474,-0.4453262747984468,3.824038278483215,1.482357867937779,7.022831241891765,6.787928483847196,7.703105279983873,8.650323901455593,9.249307736215215,11.242630327599556,5.592672803310549,2.6944215309107733,7.66231519452694,2.4596571731236025,2.494907462639233,4.252577515183404,6.653382114818584,-6.453945219524897,-1.4420711455688036,-5.074170994982879,3.120693961317073,5.576472452488275,5.29820398316059,1.4986716985619921,-1.9510165069395953,1.2752627852494811,-6.043271763008846,-0.6865034057081658,-2.188501403799961,3.2386779510392216,4.21094030332965,2.632056303475977,0.6729687761238097,1.8692443497996294,-1.1436039100480002,-0.9848002979860695,2.9622204508798404,0.07700051741797154,1.7820430836673893,-0.04583283116872394,4.571693672999714,2.0773083383625703,2.8675208397539507,5.0014701583848336,4.0922162672005555,-1.016323621462405,6.627829949323271,3.1316985440910514,1.097332938211963,2.173330805323161,-0.30316357249998305,-4.306397559120768,-4.010127193547248,0.5876689287363348,1.0904086044715768,0.5629708375785469,-3.8355054665921386,4.317931617184897,2.6463153241150508,2.833700128610971,3.000832918921944,1.8945878374535141
datastructure,WB.DATA360:DS_DATA360(1.3),I,A,ZAF,WB_WDI_NY_GDP_PCAP_KD_ZG,_T,_T,_T,PC_A,_Z,_Z,_Z,_Z,RATIO,2,WB_WDI,P1Y,0,A,PU,Annual,South Africa,GDP per capita growth (annual %),Total,All age ranges or no breakdown by age,Total,Percentage change per annum,Not Applicable,Not Applicable,Not Applicable,Not Applicable,Ratio,Two,World Development Indicators (WDI),Annual,Units,Normal value,Public,0.9712418139951069,3.0661597491800734,4.168016375743932,4.692929468996709,2.909441054944466,1.2521701223862323,3.903810554230475,0.9566979207722426,1.5310722146611369,2.105805653572972,1.2692227589731857,-1.218408428342613,1.624269413890758,3.160605317041828,-1.08270939801929,-0.47924825204016486,-2.7593551941364325,0.2401919931765093,1.0188670149765073,3.4251108838716533,1.8344403909835023,-3.7684087416976553,-5.2162394509457215,1.5222788800127347,-4.451589072623236,-3.129218179071003,-1.033109518049784,1.0739993173279174,-0.571288009674646,-3.052100204494508,-3.2540062906798397,-3.8792623688401306,-0.76236352634794,1.541959480872194,1.856049542500088,2.9559698794594738,1.37819585551415,-0.711121199354281,1.2902071402387492,3.2512705818220695,1.8210840609208248,2.722929240253322,1.928224901442448,3.5065412878493305,4.216385849771058,4.530319446397883,4.254696046900634,2.007986584381726,-2.7066407506231087,1.8280467246410694,1.9009204972938676,0.8971796837544161,0.8056588098467046,-0.25718896613767583,-0.6942652939249854,-0.2777814757362762,0.4986959617269804,-0.1374850396531997,-1.380361054476296,-7.678733095988392,3.2556204283396397,0.6252172710127297,-0.5238511462797248,-0.713538079423742,-0.04122363731882217
datastructure,WB.DATA360:DS_DATA360(1.3),I,A,FIN,WB_WDI_NY_GDP_PCAP_KD_ZG,_T,_T,_T,PC_A,_Z,_Z,_Z,_Z,RATIO,2,WB_WDI,P1Y,0,A,PU,Annual,Finland,GDP per capita growth (annual %),Total,All age ranges or no breakdown by age,Total,Percentage change per annum,Not Applicable,Not Applicable,Not Applicable,Not Applicable,Ratio,Two,World Development Indicators (WDI),Annual,Units,Normal value,Public,6.847964966093528,2.2840492219395685,2.5574723015414804,4.654852723860813,4.9523896986162015,1.9898463319430988,1.6170289613788071,1.845006040225968,9.656904841860666,7.878214484991773,2.2278244834421486,7.096152837793952,6.377979318626359,2.697458172468515,1.3540249702234348,0.0423518733126258,-0.04050584665029078,2.624625886734492,6.848494326511428,5.061714301683452,0.8582891958723451,2.5107501756654926,2.491186337165985,2.676420287557434,3.1091202873685546,2.4218973982000875,3.2677223490076983,4.925661655626314,4.705240792244808,0.24618946779946782,-6.393248775573923,-3.8531529520134598,-1.2587364087441273,3.517200007990411,3.837309258713219,3.32316149378687,6.081768030983497,5.1746889130757125,4.1472572174784545,5.534413799353487,2.4068290221923547,1.4411540918774364,1.7688352033485444,3.7038375033467332,2.426156539510856,3.6211349722530883,4.865721372201065,0.3163205257052084,-8.514604664331387,2.697376650626836,1.9168533830168144,-1.990290829992972,-1.434901576361753,-0.8888016315779765,0.1361276937417415,2.277543731316726,3.0612316929677235,1.0588431570541843,1.2381209751921745,-2.6309985525885082,2.4637305001189276,0.489394588644501,-1.7812611103801999,-0.268412367688029,-0.29713562549838457
datastructure,WB.DATA360:DS_DATA360(1.3),I,A,RWA,WB_WDI_NY_GDP_PCAP_KD_ZG,_T,_T,_T,PC_A,_Z,_Z,_Z,_Z,RATIO,2,WB_WDI,P1Y,0,A,PU,Annual,Rwanda,GDP per capita growth (annual %),Total,All age ranges or no breakdown by age,Total,Percentage change per annum,Not Applicable,Not Applicable,Not Applicable,Not Applicable,Ratio,Two,World Development Indicators (WDI),Annual,Units,Normal value,Public,-6.9000360783201415,8.564592795497063,-11.836754665452204,-14.458422819111988,4.2468958911476875,4.018420359734947,3.7361177568626687,3.7429809049069434,7.636243069259635,2.821970192168834,-1.740045415649135,-2.594701257441983,0.46919716016226687,-1.518105539177995,-4.949887862563912,16.02400410238718,-0.9747164891558526,5.965717174092262,8.542184506366908,5.619559823375141,2.117567712133578,-1.4747199387772838,2.50297769042767,-7.412811077841624,0.9387415795317509,2.006074537652651,-3.2473848039764874,1.2208526291178003,-3.0506569662709495,-4.921598673072154,-4.478593614653207,3.7189657655241035,-11.538192406785967,-41.54061160230259,61.87353501606424,-4.642288541035725,-1.5128715737917418,4.461545846084846,3.5036550634796697,7.499871066057025,7.52679928636239,11.668244515849139,-0.019686846451890005,4.645118905466504,6.506697421783073,6.352667293359104,4.8079099260856,8.277574201722288,3.5429191689099895,4.659797963745845,5.342776973607215,6.071726784049147,2.23301483077023,3.1448435210128025,6.295784618334736,3.184096266800495,2.2766118920840768,5.596358695140964,6.821681281122068,-4.933015594118643,6.062011519148513,7.445451482339436,6.199005495442918,4.95503220363311,7.027723301878197
datastructure,WB.DATA360:DS_DATA360(1.3),I,A,IMN,WB_WDI_NY_GDP_PCAP_KD_ZG,_T,_T,_T,PC_A,_Z,_Z,_Z,_Z,RATIO,2,WB_WDI,P1Y,0,A,PU,Annual,Isle of Man,GDP per capita growth (annual %),Total,All age ranges or no breakdown by age,Total,Percentage change per annum,Not Applicable,Not Applicable,Not Applicable,Not Applicable,Ratio,Two,World Development Indicators (WDI),Annual,Units,Normal value,Public,,,,,,,,,,,,,,,,,,,,,,,,,0.6169511210083272,18.564275012237744,8.385202880559177,10.013051913000368,5.095719276241411,2.484693886357462,0.30669388521071994,0.01914024712479545,1.9925605899214105,3.421314146651767,3.7968239666261496,6.901752243771767,7.316021227993772,12.037095821825801,12.287678562103736,4.090552532999965,4.274001342985883,5.10192250991517,4.948813897679244,4.207978503731908,4.935770758887955,6.656451261935899,6.369983098064495,3.7720852529370177,0.9797673265485258,2.2485480343469533,1.3847259862613583,7.363691676579805,4.381976646162485,5.46721088334894,-0.02956161976914018,7.115039082452256,2.661870314784508,1.9743446674669798,0.07337134486952834,-8.952853097019002,3.78598283934312,-4.198092823870667,-2.073655673720296,,
datastructure,WB.DATA360:DS_DATA360(1.3),I,A,ECA,WB_WDI_NY_GDP_PCAP_KD_ZG,_T,_T,_T,PC_A,_Z,_Z,_Z,_Z,RATIO,2,WB_WDI,P1Y,0,A,PU,Annual,Europe & Central Asia (excluding high income),GDP per capita growth (annual %),Total,All age ranges or no breakdown by age,Total,Percentage change per annum,Not Applicable,Not Applicable,Not Applicable,Not Applicable,Ratio,Two,World Development Indicators (WDI),Annual,Units,Normal value,Public,,,,,,,,,,,,,,,,,,,,,,,,,,,,1.8991827909702295,-0.09577742394787947,1.5417205490272323,-5.5468469573145,-5.572319787670864,-2.6535205981779484,-10.359571733483136,0.5793289163189712,3.3854973054894657,5.143345067962898,1.857273384762692,-1.3263288522266663,6.352946268722363,-0.34581771390442384,5.920180102912795,6.125087157440618,9.097932520631957,8.068225828900921,7.732009777629429,6.903605396964821,2.4334523787872655,-4.173971896739474,6.2645480697262315,7.479288014975467,3.2508336805000795,5.640304897802608,2.3470875756265173,2.5872162450097704,1.9489034264435645,5.104487978550736,2.9064216911646668,1.720835393017623,-0.4200945640831577,8.621900252608967,3.6689326636246733,5.808946933289391,3.3606472177404783,3.01362639255278
datastructure,WB.DATA360:DS_DATA360(1.3),I,A,VIR,WB_WDI_NY_GDP_PCAP_KD_ZG,_T,_T,_T,PC_A,_Z,_Z,_Z,_Z,RATIO,2,WB_WDI,P1Y,0,A,PU,Annual,Virgin Islands (U.S.),GDP per capita growth (annual %),Total,All age ranges or no breakdown by age,Total,Percentage change per annum,Not Applicable,Not Applicable,Not Applicable,Not Applicable,Ratio,Two,World Development Indicators (WDI),Annual,Units,Normal value,Public,,,,,,,,,,,,,,,,,,,,,,,,,,,,,,,,,,,,,,,,,,,-0.39240901921164095,3.3230311220047213,3.49771355206596,3.5852229118555385,4.041316111431286,1.1625983348136941,-6.600820338202439,0.6400170459579471,-8.147450692179433,-14.732184946574492,-6.157647384069506,-1.6297623797500194,-0.26792231561096,1.7860705689114695,-0.5178538823551406,2.144901825325391,3.2286306850514848,-1.264124946136576,4.078869900813061,-0.8833838193133232,,,
datastructure,WB.DATA360:DS_DATA360(1.3),I,A,BEN,WB_WDI_NY_GDP_PCAP_KD_ZG,_T,_T,_T,PC_A,_Z,_Z,_Z,_Z,RATIO,2,WB_WDI,P1Y,0,A,PU,Annual,Benin,GDP per capita growth (annual %),Total,All age ranges or no breakdown by age,Total,Percentage change per annum,Not Applicable,Not Applicable,Not Applicable,Not Applicable,Ratio,Two,World Development Indicators (WDI),Annual,Units,Normal value,Public,1.4511440835753149,-5.11105170438546,2.8252807578345767,4.635480100207872,3.2347817246030957,1.5008616872173945,-0.9860937201402606,1.6743655212152078,0.6826774577746448,-0.1285317276143445,-3.687325251938418,4.011657804558084,1.30726050101147,0.9073003541187177,-7.180182238293369,-1.594456394922389,2.3467300725369142,-1.3347207342317375,3.7395567852372977,3.87849215726132,6.875964567036789,-0.6743537109364866,-7.083547190404616,4.820793288169128,4.399750497000937,-0.8316115717759942,-4.424573154993055,0.3065275334497102,-5.781173642333059,5.678424808236926,1.0598940649024513,-0.17457769360564157,1.2431244354412598,-1.7247226803154518,3.826683555583415,1.6298602144386223,2.658915883991341,0.8048306251079396,2.132400378754795,2.650431499731539,2.1645243905675784,1.5096402569830332,0.33697651086950486,1.2807799435256442,-1.510433394922046,0.7500896977733191,2.900175704286596,1.7764706960941226,-0.7037431556033056,-0.8882448051443532,-0.05712301675350773,1.7464775302132693,4.0766680269640005,3.260772170607339,-1.1843204375033594,0.3611661399031192,2.6704172004729827,3.7370155427916387,3.982113265617926,1.1202026480680445,4.413354351197569,3.5804340804717896,3.7033251275418166,4.840178690826974,5.508108713352499
datastructure,WB.DATA360:DS_DATA360(1.3),I,A,EMU,WB_WDI_NY_GDP_PCAP_KD_ZG,_T,_T,_T,PC_A,_Z,_Z,_Z,_Z,RATIO,2,WB_WDI,P1Y,0,A,PU,Annual,Euro area,GDP per capita growth (annual %),Total,All age ranges or no breakdown by age,Total,Percentage change per annum,Not Applicable,Not Applicable,Not Applicable,Not Applicable,Ratio,Two,World Development Indicators (WDI),Annual,Units,Normal value,Public,4.83780470074899,4.858387988507644,3.9723399544083264,4.953691320076388,4.151939482429981,3.5590534440286206,2.720855232813875,4.9778018076300725,6.3996294173155945,5.007872214155569,3.1639445916951985,4.185315620277578,5.448754854786458,2.65744867011351,-1.2482896288130405,4.577319933135755,2.684116102753208,2.6960394310590914,3.480195116700969,1.7325743523084896,0.16608290066216114,0.44365582559034067,1.194398104413935,2.2415903090219302,2.123950902902294,2.2874795072446545,2.2759288936197635,4.012369621427297,3.662600653962599,3.1083161443456504,1.9244585986632359,0.7024935213165122,-1.0613613313088877,2.219431136902756,2.239357447054033,1.5357317200837173,2.483663299697696,2.8124914247439534,2.736722553510873,3.6025436696751143,1.9121736610373148,0.5305908613854058,0.24451714216738196,1.7854024587284698,1.2835598283044618,2.8723027813090596,2.5088357755931554,-0.04321050235483881,-4.783168454511298,1.8763720800434953,1.9786778771131708,-1.1103360441005634,-0.28080141863617314,1.307736751129184,1.8973179849102877,1.5566937355230976,2.451969776840855,1.5828493957671128,1.399148625698416,-6.15630180121201,6.389758338569635,3.3867891881492085,0.024864865633020372,0.5452196419501973,1.1110773158210492
datastructure,WB.DATA360:DS_DATA360(1.3),I,A,SUR,WB_WDI_NY_GDP_PCAP_KD_ZG,_T,_T,_T,PC_A,_Z,_Z,_Z,_Z,RATIO,2,WB_WDI,P1Y,0,A,PU,Annual,Suriname,GDP per capita growth (annual %),Total,All age ranges or no breakdown by age,Total,Percentage change per annum,Not Applicable,Not Applicable,Not Applicable,Not Applicable,Ratio,Two,World Development Indicators (WDI),Annual,Units,Normal value,Public,1.3911983773410697,-0.16982409436126034,0.9349340483494331,2.362214081507446,8.164350000887893,15.191689176089255,8.323630868256203,3.977994225926153,0.9996347790128084,-0.6930013002212263,0.5889383871553946,-1.9708947647001196,-1.3928307129594657,0.9345471833393333,3.4585801553349995,9.607266758792804,11.122084725921994,7.596138943782165,0.42663651820843995,-8.259423463317418,7.076609430583858,-4.478835229933708,-4.455926932530332,-2.784764235966975,0.7403274691360764,-0.576612551612655,-7.282604909862499,6.375270174995578,2.6227468025150387,-5.4455239216591735,2.0763945788646794,-0.21934197609940043,-7.092241189600685,2.6599498966699286,-1.6831701605657372,-1.1229712523563364,3.520968925094465,0.21131082623043085,-3.408254621832185,0.01641285242817503,2.076210129456271,0.731583130433549,4.2296836551236225,6.9146916825717994,3.4153845722528757,4.648145607625452,3.9200621993448834,2.9359329756413928,1.8154025070282103,3.953477032898519,4.641822244527077,1.5288085896857098,1.7780589028709528,-0.8514714192933894,-4.451603186077534,-5.903382464015195,0.5471493703416144,3.9329470261760378,0.12296002295290975,-16.873874046823204,-3.31629942420831,1.5405176950056756,1.4847416393525776,0.8319046087836881,0.9296001414535056
datastructure,WB.DATA360:DS_DATA360(1.3),I,A,ARB,WB_WDI_NY_GDP_PCAP_KD_ZG,_T,_T,_T,PC_A,_Z,_Z,_Z,_Z,RATIO,2,WB_WDI,P1Y,0,A,PU,Annual,Arab World,GDP per capita growth (annual %),Total,All age ranges or no breakdown by age,Total,Percentage change per annum,Not Applicable,Not Applicable,Not Applicable,Not Applicable,Ratio,Two,World Development Indicators (WDI),Annual,Units,Normal value,Public,,,,,,,3.8012570925048124,7.643204359888628,4.387580977866008,19.455068444057815,4.465528690584605,10.736607708896003,10.01349805461092,7.288911060576282,-3.0579383894265675,10.724330347103162,3.3002494448258517,-0.37723794279325773,6.831722466342342,2.6625090451643416,-2.313056359667655,-8.844717311276767,-6.739763525855466,-1.8780354260703973,-3.8481844543648975,-3.743449358445446,-2.6942597542361426,0.4573483735247379,1.0542159521738057,4.346099629790174,-2.962568682063065,3.8840524060356643,0.4250710543966676,0.5588610303568657,0.2402905551968928,2.2869123493334484,2.959453329720631,2.265667376592816,0.3476442188489415,3.7984813181521275,-0.3027831655207933,-1.1020939291332894,1.7807386657946296,6.57881858398423,3.102412219940149,3.767998259449712,2.029738185469256,2.9438827560745153,-1.7774240848260519,2.667561499951617,1.4798683462921502,2.9967444001119077,-0.018419233108105004,0.20994989882179027,0.8405844017355264,1.199647654717225,-0.6814509951635443,0.8613575875211552,-0.14754213781506564,-7.257392076030726,2.861834978764449,4.566541752705902,-0.6186590942545394,-0.17039305135084248,1.464712923017487
datastructure,WB.DATA360:DS_DATA360(1.3),I,A,HKG,WB_WDI_NY_GDP_PCAP_KD_ZG,_T,_T,_T,PC_A,_Z,_Z,_Z,_Z,RATIO,2,WB_WDI,P1Y,0,A,PU,Annual,"Hong Kong SAR, China",GDP per capita growth (annual %),Total,All age ranges or no breakdown by age,Total,Percentage change per annum,Not Applicable,Not Applicable,Not Applicable,Not Applicable,Ratio,Two,World Development Indicators (WDI),Annual,Units,Normal value,Public,,9.550060270741128,11.848069851464956,6.033547045426019,11.66950119389574,0.8973816212003385,-0.9319395728768143,1.224936636652501,9.579912168318643,6.583387480543095,5.003881656812453,8.511717890715502,9.15604523115907,-0.7709608172508382,-1.395463291497947,14.714176304490763,10.124403272408927,6.317177462750337,5.623324417080539,7.207100720492448,6.725077627362722,1.3639297936418444,4.379016400445778,8.89814584062583,-0.31953586375324505,9.681119931505108,12.262542573801,7.603347052876458,1.2230667649464948,3.4974630873173282,4.8290494789208225,5.346755850765518,4.392471481441461,3.6747548197507314,0.36662921229475387,-0.2679508297957369,4.228363461038498,-6.665067109322848,1.5323087574700764,6.71846101727634,-0.17750480708232885,1.2075135373651733,3.259997300837881,7.8555909575012635,6.920029109706277,6.347411450524689,5.553543470147275,1.5187918086637495,-2.6689230827345227,5.986427806964258,4.112109146778039,0.5837677905722103,2.6879342857615285,2.043169279884367,1.5199770256586191,1.5445636240960567,3.001479200053467,2.0271810232853795,-2.3966677538506502,-6.208752430330733,7.4294955818431845,-2.806846599132058,0.5497202260246468,2.793049640149377,3.8354183699353257
datastructure,WB.DATA360:DS_DATA360(1.3),I,A,SVN,WB_WDI_NY_GDP_PCAP_KD_ZG,_T,_T,_T,PC_A,_Z,_Z,_Z,_Z,RATIO,2,WB_WDI,P1Y,0,A,PU,Annual,Slovenia,GDP per capita growth (annual %),Total,All age ranges or no breakdown by age,Total,Percentage change per annum,Not Applicable,Not Applicable,Not Applicable,Not Applicable,Ratio,Two,World Development Indicators (WDI),Annual,Units,Normal value,Public,,,,,,,,,,,,,,,,,,,,,,,,,,,,,,,-8.957881217551915,-5.3249110594739335,3.088788657659137,5.449415142972683,4.084714181632677,2.9779960780256687,5.312840811865442,3.2888717031724184,5.192840027265987,3.1919411832727036,2.666858380024877,3.1546799061381137,3.1328266477569855,4.47906492828298,3.674398812137497,5.5713496665250375,6.541772411902286,3.2088941220965665,-8.422088689438283,0.6721679114033918,0.4465608949883517,-3.119224817261511,-0.958293257973466,2.661813740295571,2.316344918428044,2.959024147772965,5.105893847920484,4.001306498909841,2.787045413919614,-4.725249680379207,8.125775176188426,2.474210455861666,1.971004961384068,1.3995770850267348,0.8898674145837475
datastructure,WB.DATA360:DS_DATA360(1.3),I,A,BRB,WB_WDI_NY_GDP_PCAP_KD_ZG,_T,_T,_T,PC_A,_Z,_Z,_Z,_Z,RATIO,2,WB_WDI,P1Y,0,A,PU,Annual,Barbados,GDP per capita growth (annual %),Total,All age ranges or no breakdown by age,Total,Percentage change per annum,Not Applicable,Not Applicable,Not Applicable,Not Applicable,Ratio,Two,World Development Indicators (WDI),Annual,Units,Normal value,Public,6.654892408504892,8.098228702337323,-6.010627007906734,3.954205609836123,10.30448431742687,2.9085586967719763,9.698090223665346,6.298462034108113,7.128751654253108,9.53443250762993,4.004053935409772,1.0750321075801281,1.071885757023793,-4.823839032304306,-2.0554446130740303,4.249393500189896,3.566418017996625,4.908208399545728,8.01409681058935,4.267249337271608,-2.189848630956064,-5.2109277138603005,0.1463221741401668,3.2232316392446734,0.7425662251215641,4.777326285243561,2.327390779956204,3.3110308600729326,3.461122239053722,-3.48446373308893,-4.192980022924402,-6.016460782132555,0.49960214258068447,1.7795597228497826,1.8508780802512206,3.879351308120931,4.69699278396935,3.711073091370551,0.3036977640452392,4.628134623457882,-2.5001453099647932,0.12997969625774886,1.549609296773724,0.8341582575253312,3.4107380205350637,5.561411940356194,1.5952925737081642,0.1072559970966438,-5.505489349894617,-8.454752856992599,-0.3984446373849977,-3.1382371495795525,-0.06701569855567868,0.5599680738403094,-1.0009579324905502,1.1957895385067587,0.44879875950243786,-0.44396905651188945,0.06429200877542485,-17.549893039806364,7.8479775218726076,15.87509254702097,1.8077071334486448,3.3190106658337726,2.6433126867812433
datastructure,WB.DATA360:DS_DATA360(1.3),I,A,ZWE,WB_WDI_NY_GDP_PCAP_KD_ZG,_T,_T,_T,PC_A,_Z,_Z,_Z,_Z,RATIO,2,WB_WDI,P1Y,0,A,PU,Annual,Zimbabwe,GDP per capita growth (annual %),Total,All age ranges or no breakdown by age,Total,Percentage change per annum,Not Applicable,Not Applicable,Not Applicable,Not Applicable,Ratio,Two,World Development Indicators (WDI),Annual,Units,Normal value,Public,3.042819298503545,-1.7055779364952883,2.946815040053025,-4.176660714095277,1.6526089940827688,-1.626674562505471,5.0100854314198955,-1.1955037383311833,8.922125171471777,18.858601158490956,5.699654360078313,5.051351917588718,-0.5872683205565608,3.2337668556050403,-4.991803170123532,-2.546451266169285,-9.206070374883694,-4.105497231326822,1.6812642742828103,8.022322550079593,5.662645480131559,-1.286791812179061,-2.201788439863037,-5.333377435034365,3.3086065763390735,-1.2627362105335607,-2.1400942587675615,4.20282934553336,2.1956304236636015,4.112775703298951,2.818292361845252,-11.54789903334283,-0.41493376147469974,9.10603987351351,-0.7678425357773904,8.543267105191774,0.7707945656655966,0.8933967156774116,-2.4100752634685847,-3.94437178277245,0.7629714474038423,-9.766448575900995,-17.976761175289354,-6.824980635110009,-6.5988890629487145,-4.630375692595294,-4.91448916093475,-18.654310200768705,11.68933181730985,17.76012421704158,12.187491621401009,14.787157685886925,0.5636145709528648,0.9822740489821484,0.42514153921979414,-0.6332346133292646,3.2340964268935153,3.4595456273859924,-7.78558358121073,-9.333971448705114,6.611911086837495,4.3436671831596385,3.598766956213268,-0.11781634253996742,6.088675782278386
datastructure,WB.DATA360:DS_DATA360(1.3),I,A,BEL,WB_WDI_NY_GDP_PCAP_KD_ZG,_T,_T,_T,PC_A,_Z,_Z,_Z,_Z,RATIO,2,WB_WDI,P1Y,0,A,PU,Annual,Belgium,GDP per capita growth (annual %),Total,All age ranges or no breakdown by age,Total,Percentage change per annum,Not Applicable,Not Applicable,Not Applicable,Not Applicable,Ratio,Two,World Development Indicators (WDI),Annual,Units,Normal value,Public,4.6302569734896935,4.794034171718778,3.574353651023415,5.949139625163994,2.6244450049777583,2.4614623612653475,3.2915760169441626,3.7850441725034756,6.328283942050533,6.247845690240197,3.7964886562384237,4.884088167824331,6.047488541542251,4.236778029826027,-2.248829961955863,5.464140148771364,0.5019784351242436,2.7459901159859754,2.24912760560818,4.329008291076548,-0.27665376151692556,0.6223290651472269,0.3198125710059685,2.467921208665345,1.6215190469375074,1.7864698579214178,2.219478239087948,4.390794858474891,3.0939991180345885,2.8302678771237026,1.455371861568878,1.1195656684973159,-1.3479994777752893,2.90931869867012,2.170550242994082,1.1236502689184817,3.5428030561324135,1.7443479765697276,3.3056810967503623,3.4654782315150214,0.752467698420773,1.2519942818429683,0.6158525272696949,3.1239312841995,1.760456464573366,1.878174189162138,2.9183815198370553,-0.34347613690825085,-2.6925347172256835,1.7761834163912056,0.6136169278573078,-0.403775116080638,-0.16617306072862448,1.3147746230646362,0.887876358046185,0.6824548327146545,1.084311512625419,1.4152893745753943,1.8907193204418746,-5.202440110032015,5.818010226520599,3.187305639901055,0.7013776533561327,0.4271226506575658,0.2798001869351907
datastructure,WB.DATA360:DS_DATA360(1.3),I,A,LMC,WB_WDI_NY_GDP_PCAP_KD_ZG,_T,_T,_T,PC_A,_Z,_Z,_Z,_Z,RATIO,2,WB_WDI,P1Y,0,A,PU,Annual,Lower middle income,GDP per capita growth (annual %),Total,All age ranges or no breakdown by age,Total,Percentage change per annum,Not Applicable,Not Applicable,Not Applicable,Not Applicable,Ratio,Two,World Development Indicators (WDI),Annual,Units,Normal value,Public,0.5770315801172359,1.5755233163723688,3.3304541772989182,4.678361788600057,-0.45673688746857977,-1.2690857432913702,-1.0301098185050535,1.630969774573245,5.02448026966735,5.088332921762984,2.1073693904851893,-0.9554188355726012,1.831661313577726,2.2359556675334744,0.7041291969123904,2.8089558085290207,3.1501896810241163,0.9099974708080367,-1.6961406516838053,1.6694942988222436,-1.2523738368704613,-0.5985401045837762,-1.1742632543157896,1.204538467339944,2.1847282373937276,1.4419310371930294,1.130777466963636,4.321371725457766,-0.07344284144183177,2.749113853060294,0.23371487245917422,1.3979473720496145,-0.45141190584827484,1.1401323400793757,2.660681622061418,3.790417248071293,1.693341685590326,2.4889542923224752,2.902320768494704,1.9003307260405649,2.3002644329335453,1.8776414082658306,3.43957738789112,5.509895834460437,4.949677959629611,5.277334896828094,5.0715447644115415,2.729980351099499,4.155317278381972,4.729547576789585,2.905281361230209,3.305672588135451,3.8198280827890443,4.122206078056138,3.9508474257806228,3.451602260529114,3.2977416295908597,3.454193081203627,2.009456092507776,-5.501062831688003,5.444559621623426,4.950535967026283,3.9241089972279752,4.0136407064040185,4.598189224000876
datastructure,WB.DATA360:DS_DATA360(1.3),I,A,SEN,WB_WDI_NY_GDP_PCAP_KD_ZG,_T,_T,_T,PC_A,_Z,_Z,_Z,_Z,RATIO,2,WB_WDI,P1Y,0,A,PU,Annual,Senegal,GDP per capita growth (annual %),Total,All age ranges or no breakdown by age,Total,Percentage change per annum,Not Applicable,Not Applicable,Not Applicable,Not Applicable,Ratio,Two,World Development Indicators (WDI),Annual,Units,Normal value,Public,0.13212534531572828,-2.9137682349021787,-0.9705099139313518,0.9772872957011174,-1.543513196194425,-0.09489196413848333,-4.1119633181409085,3.165472585894392,-9.300131109634549,5.369252928227979,-3.0815541845241654,3.247397216920092,-8.357656425898057,1.2120539106376498,4.595574057613035,6.094083024557733,-5.026312754396841,-6.171284193403139,4.472492945470336,1.4485138849711774,2.5227853530354736,5.207026118315298,-8.146961832903557,1.1395347720983438,0.6157967631448003,0.20471104450598432,3.204848335960847,-3.6478459937490726,1.0274926271563345,-3.5529152269556477,-0.21652759909407848,-1.4744973486676543,-1.3909173766622303,-2.687591597733359,2.798250423079878,-0.4431820267541866,0.642689765162558,3.4529063446177304,3.793742204991048,1.413357053196222,1.811768659442123,-2.352866649445744,3.0828043202799904,2.2166023716128507,1.8985497213755025,-0.023903098417591195,0.466183194352098,1.305181117507658,0.34991148435582886,0.9522696072259436,-1.1954418828608055,1.2557464643975038,-0.5780355282875576,2.912079405797229,3.1510387301385805,3.2350357241897285,4.350235729795898,3.2761584699632067,1.8089229027295772,-1.291475933112352,3.8734325972453973,1.319134350341102,1.7978823898968415,4.020103823608139,4.259314137557553
datastructure,WB.DATA360:DS_DATA360(1.3),I,A,TTO,WB_WDI_NY_GDP_PCAP_KD_ZG,_T,_T,_T,PC_A,_Z,_Z,_Z,_Z,RATIO,2,WB_WDI,P1Y,0,A,PU,Annual,Trinidad and Tobago,GDP per capita growth (annual %),Total,All age ranges or no breakdown by age,Total,Percentage change per annum,Not Applicable,Not Applicable,Not Applicable,Not Applicable,Ratio,Two,World Development Indicators (WDI),Annual,Units,Normal value,Public,11.632386678776413,0.7522666708308776,3.648659984487452,5.725492399605045,-0.9831061913776296,2.455365053520282,0.6041976692673074,3.848330467551037,1.5050889575791757,2.4095084084168263,-0.07973109158410807,4.494624720216493,0.37761914973688704,2.5199345361826886,0.2538363423436891,5.123666638454367,7.783182156755444,8.625300981755018,2.265698885482621,9.002737299820637,3.3438016346710953,2.6423522759507705,-11.27474522589634,-6.751261859635477,-5.280775453032973,-4.545970915419247,-5.678158087383707,-4.912107328139882,-1.7509276297725762,0.6492394185382437,2.2984857271815144,9.270273706047007,-1.3511454825996339,2.934124957298792,3.2626377788537013,6.660210283442922,7.1187287096166045,7.762367647536394,7.656465691967782,6.491014874370052,3.7132861406686146,7.414533701201236,13.868403750775983,7.414786534538422,10.383965352004637,12.907145929289271,4.332681052971864,2.9651609402362453,-4.502582081715346,2.7266740979285657,-1.0680381272848365,6.137309282499686,2.9546606175450165,3.3020638436402976,-0.7253569795442445,-7.825112371140023,-5.064738320964665,-1.13201603020309,0.1147677558618625,-8.971657709670382,-0.777215541824603,0.9907154633292521,1.3399519421719361,2.4475527691373458,-0.7464955463268126
datastructure,WB.DATA360:DS_DATA360(1.3),I,A,TLS,WB_WDI_NY_GDP_PCAP_KD_ZG,_T,_T,_T,PC_A,_Z,_Z,_Z,_Z,RATIO,2,WB_WDI,P1Y,0,A,PU,Annual,Timor-Leste,GDP per capita growth (annual %),Total,All age ranges or no breakdown by age,Total,Percentage change per annum,Not Applicable,Not Applicable,Not Applicable,Not Applicable,Ratio,Two,World Development Indicators (WDI),Annual,Units,Normal value,Public,,,,,,,,,,,,,,,,,,,,,,,,,,,,,,,8.163213681331811,7.551955537368286,7.237259541447557,4.19821471942177,3.774689137044291,5.0612945008091685,1.1763426433297042,-4.635358530176532,-27.11364723082123,77.08956853602501,6.727457542980858,-13.801409240961021,-6.206340595309584,-0.9179517990702095,0.8954819069532505,-6.893258912732307,7.160937743597586,8.423353109457366,7.405405459462045,6.721176343731855,3.522154539096121,2.5804345131987816,0.9856772940772629,2.4210629888493855,0.5048141583466474,1.0659023966873633,-4.99167838514208,-2.358635478506841,21.827246552776458,29.23159556945606,3.4900413828576404,-21.634345365499613,-19.022444724904176,-10.161913191806008,5.627070698557986
datastructure,WB.DATA360:DS_DATA360(1.3),I,A,SYC,WB_WDI_NY_GDP_PCAP_KD_ZG,_T,_T,_T,PC_A,_Z,_Z,_Z,_Z,RATIO,2,WB_WDI,P1Y,0,A,PU,Annual,Seychelles,GDP per capita growth (annual %),Total,All age ranges or no breakdown by age,Total,Percentage change per annum,Not Applicable,Not Applicable,Not Applicable,Not Applicable,Ratio,Two,World Development Indicators (WDI),Annual,Units,Normal value,Public,-7.519198954189832,5.5704927646236655,7.370998430453952,3.298818637930154,-3.514268906113699,11.09230390688893,-1.9358396496772485,4.9808257672228535,-2.3508068366275126,6.363348234060595,13.532410277442011,3.77720293642696,7.399933300554309,-0.5243329313833414,0.8194919860434311,13.948404881131822,-8.136689270057985,20.44213152479486,14.804234899125674,-5.963248101855527,-5.038637872292838,-2.6457586354987797,-0.4957419905122009,3.6899461962155726,9.40285816904985,0.1357528418519678,0.5156880065132725,4.934241659195266,9.628727318762273,6.929141274544762,1.4007715619719647,6.682334596714881,5.090562684550591,-5.003024139516768,-0.9814598392103449,8.395845453031697,10.884795738661609,0.4829676289563025,-0.1094376965627788,3.3267145637140345,-2.356613335458732,-1.8348069544047831,-4.816178330427064,-2.4900082529000827,8.501897213232596,7.153345153701025,8.321654206636993,-4.877126230027443,-2.8614242579447335,1.6273701359067303,12.42658765900093,2.1041282650332818,-0.5991333045680278,2.4576124391604566,6.512325509964882,10.62779004126888,5.652986795779086,3.9428069298557205,4.5815511358634495,-12.49013744744579,-0.254097866449726,-9.019861463512186,5.272016724895877,2.0002737424775034,4.611792042206659
datastructure,WB.DATA360:DS_DATA360(1.3),I,A,ZMB,WB_WDI_NY_GDP_PCAP_KD_ZG,_T,_T,_T,PC_A,_Z,_Z,_Z,_Z,RATIO,2,WB_WDI,P1Y,0,A,PU,Annual,Zambia,GDP per capita growth (annual %),Total,All age ranges or no breakdown by age,Total,Percentage change per annum,Not Applicable,Not Applicable,Not Applicable,Not Applicable,Ratio,Two,World Development Indicators (WDI),Annual,Units,Normal value,Public,-1.7646337968350707,-5.511066190239262,0.06007642463220009,8.728433363243056,13.011975611392245,-8.540854469425113,4.510762111642379,-1.9704739290840791,-3.5568761768644634,1.775645546465725,-2.803031761373475,6.178661503600026,-3.7710941456687834,3.350238936937984,-5.154978004447827,3.0458947974220507,-7.41945461965345,-2.443214003497218,-5.888479350531881,-0.002533350581728655,2.965931744407939,-5.885519955554187,-5.076221025762123,-3.357585269771519,-1.3887083834908367,-2.2390573306460055,-0.24858808671963573,3.402697890366909,-3.6028427786294515,-2.998427022376873,-2.484378622646915,-4.074834158401842,4.281749824432211,-10.781328045884862,0.44410347773735737,3.643434313007134,1.195241999219661,-2.9631356772111843,1.8824730020709382,1.0179397659501888,2.179818031965894,1.3381949009154965,3.6768588762534193,3.6849488626684774,3.752643861546872,4.249832176826814,4.596715271442193,3.9977318513802658,5.4227230946170835,6.545123583806685,2.1165082957179067,4.164388005093571,1.7461805943035813,1.4243224094017108,-0.24130106701321097,0.5939797236337938,0.39837778087272113,0.9537337347912,-1.5189495107358937,-5.56773502453288,3.2857546110275564,2.343364501660375,2.464640311009944,0.9414725669048636,0.9219736691092493
datastructure,WB.DATA360:DS_DATA360(1.3),I,A,STP,WB_WDI_NY_GDP_PCAP_KD_ZG,_T,_T,_T,PC_A,_Z,_Z,_Z,_Z,RATIO,2,WB_WDI,P1Y,0,A,PU,Annual,São Tomé and Príncipe,GDP per capita growth (annual %),Total,All age ranges or no breakdown by age,Total,Percentage change per annum,Not Applicable,Not Applicable,Not Applicable,Not Applicable,Ratio,Two,World Development Indicators (WDI),Annual,Units,Normal value,Public,,,,,,,,,,,3.111879064414211,0.1313856411784684,-0.5635200350386924,3.344733036988387,2.903701906438826,-0.8912950967577729,20.201679139295692,0.16233858427823122,13.372087846571361,-3.3820730458540567,-12.159948120236123,1.1889844896256392,-5.597940909998243,-7.809269460017688,7.022511697591355,-7.9433771599274365,-5.2895663966934166,-0.63543114584715,0.522097002820658,-4.540350358084268,-0.9865028551298849,-1.1967253038736914,-0.7264609436352032,0.4560136699977875,0.3644629270569908,-0.031814334578669445,-0.4285994494123031,1.1680437048316605,1.2831775781198047,-0.6508459225092196,1.404889541444902,0.9147926463326996,5.5513879143755105,0.9833516046037261,4.019818213746291,6.237753720466117,1.1606724488231919,3.7269903063578624,0.9442289150672281,-0.7551506153580192,-0.11418992157203434,0.8834209591481965,3.101075643125583,2.976742762125852,-0.2468259053636217,3.4222338631546165,2.462524590713855,2.780577149233835,0.482132360625684,0.7166464343391254,-0.17852659147141026,-1.7540731047441227,-1.6128371937284953,-0.5309911474975877,-0.955477215252273
datastructure,WB.DATA360:DS_DATA360(1.3),I,A,PLW,WB_WDI_NY_GDP_PCAP_KD_ZG,_T,_T,_T,PC_A,_Z,_Z,_Z,_Z,RATIO,2,WB_WDI,P1Y,0,A,PU,Annual,Palau,GDP per capita growth (annual %),Total,All age ranges or no breakdown by age,Total,Percentage change per annum,Not Applicable,Not Applicable,Not Applicable,Not Applicable,Ratio,Two,World Development Indicators (WDI),Annual,Units,Normal value,Public,,,,,,,,,,,-3.202974002513187,-3.2382021938344536,-2.6558725775211514,-0.9596696596791219,0.2781950108621629,0.410740823976937,2.0212737629692583,0.19134638476350574,0.45761629663863346,0.16169634817011058,-1.4264761514818787,-2.665842189614054,-0.5132310548711274,2.025469945451917,2.7328085888681244,2.9103608703804156,3.1562408694599355,3.197465506064148,3.3200157833194908,3.2668322006399677,2.5201087451531095,-8.595295609853494,-14.351658914654593,4.7535051730171745,8.158931911522686,7.529623982611255,-0.264842825860498,-0.29066677357452875,-7.286878654861155,-4.010678375283874,6.38070713234859,3.904230588790057,-2.9044043388441736,2.6319942858955585,2.8900114866086852,1.384207237953845,2.205034962850334,-4.097722769580585,-4.6909265601605625,-1.3765201785568024,6.384340923486121,3.859538937839474,-0.7399582918816208,3.8197756211545624,8.233970211686241,1.5122676462024458,-3.502763305413481,-0.42880609661757774,0.3908523934453427,-5.975710094297682,-11.870059901125813,-0.328362347418647,1.4055714739106548,12.2085259096757,6.4789352268116005
datastructure,WB.DATA360:DS_DATA360(1.3),I,A,AFG,WB_WDI_NY_GDP_PCAP_KD_ZG,_T,_T,_T,PC_A,_Z,_Z,_Z,_Z,RATIO,2,WB_WDI,P1Y,0,A,PU,Annual,Afghanistan,GDP per capita growth (annual %),Total,All age ranges or no breakdown by age,Total,Percentage change per annum,Not Applicable,Not Applicable,Not Applicable,Not Applicable,Ratio,Two,World Development Indicators (WDI),Annual,Units,Normal value,Public,,,,,,,,,,,,,,,,,,,,,,,,,,,,,,,,,,,,,,,,,-10.119484105932557,22.02019026962985,2.345671636326884,-2.148212284955534,7.383377281979776,1.1324850552899761,11.692303292208067,1.677279156061502,17.043896321607406,11.055030552728766,-3.213295005799253,8.279368993105194,2.052068260611705,-0.9399847557360062,-1.6650574474901276,-0.30012102740674607,-0.19556954834278883,-1.713742692542624,0.8562947290877645,-5.382514642210765,-22.584481873298685,-7.576668911522134,0.10609280092081974,-0.975915304703463,
datastructure,WB.DATA360:DS_DATA360(1.3),I,A,ARM,WB_WDI_NY_GDP_PCAP_KD_ZG,_T,_T,_T,PC_A,_Z,_Z,_Z,_Z,RATIO,2,WB_WDI,P1Y,0,A,PU,Annual,Armenia,GDP per capita growth (annual %),Total,All age ranges or no breakdown by age,Total,Percentage change per annum,Not Applicable,Not Applicable,Not Applicable,Not Applicable,Ratio,Two,World Development Indicators (WDI),Annual,Units,Normal value,Public,,,,,,,,,,,,,,,,,,,,,,,,,,,,,,,-13.2111499901537,-41.11376353197949,-5.669733605055072,8.179314213956232,8.743158121609085,6.7967945186845355,4.353752931953679,8.567105439782324,4.640952317493969,4.130758874261858,9.917354753617232,13.62452653083615,14.619701494095878,11.114490188077113,14.569701880623427,13.898653704173313,14.420824485047532,7.602947750748257,-13.508842140300175,2.9115869681619415,5.284375308287252,7.334704541159837,3.371783587028432,3.8818767011025415,3.515995472570225,0.6118771511804084,7.965446064614241,5.568501178500114,7.836084386721637,-7.168664527316793,5.771427607583334,12.338333557637853,8.479020341665347,3.484216252306055,5.352382803641433
datastructure,WB.DATA360:DS_DATA360(1.3),I,A,SLV,WB_WDI_NY_GDP_PCAP_KD_ZG,_T,_T,_T,PC_A,_Z,_Z,_Z,_Z,RATIO,2,WB_WDI,P1Y,0,A,PU,Annual,El Salvador,GDP per capita growth (annual %),Total,All age ranges or no breakdown by age,Total,Percentage change per annum,Not Applicable,Not Applicable,Not Applicable,Not Applicable,Ratio,Two,World Development Indicators (WDI),Annual,Units,Normal value,Public,,,,,,4.181853485115994,2.5021261831015664,0.40160598877665166,0.7159967679673258,0.386271474352867,1.4058356349311794,3.653936756447223,2.432215869742606,2.9414895673908603,0.6560138637185844,2.8071849896342655,4.522298067137214,3.0970472052428164,-6.025362728416283,-16.948947631354713,-6.344284866884166,-7.359970198224346,-0.29207219712260724,-0.5790013918316959,-1.3734857294415548,-1.77325101840664,0.5018240749280096,-0.14909921711290508,-1.0012323906666012,2.8769494362455674,-0.26704566892564685,5.287342725069635,4.428308508541903,3.699543292485558,3.8615838184220053,0.06205547244991294,2.444592868191762,2.020333958778849,1.5899063094167616,0.6265353790709582,0.46220479004610127,1.2578312694353428,1.3627566119054393,0.7873838314319954,2.66532259162382,4.393649087189331,1.7204160762090481,1.8244718665989126,-2.415991531602785,1.8180161360778868,3.4339682302671406,2.4215566658309484,1.821541767421948,1.3107142228247852,2.0568659395401596,2.255892674432431,2.0380895055327954,2.309139462866213,2.396133219464943,-8.075625885643873,11.527159410665618,2.5523638531403208,2.87505531109322,2.1280437501134344,3.460152883594631
datastructure,WB.DATA360:DS_DATA360(1.3),I,A,JPN,WB_WDI_NY_GDP_PCAP_KD_ZG,_T,_T,_T,PC_A,_Z,_Z,_Z,_Z,RATIO,2,WB_WDI,P1Y,0,A,PU,Annual,Japan,GDP per capita growth (annual %),Total,All age ranges or no breakdown by age,Total,Percentage change per annum,Not Applicable,Not Applicable,Not Applicable,Not Applicable,Ratio,Two,World Development Indicators (WDI),Annual,Units,Normal value,Public,11.044072989805585,7.901714460883596,7.379857115854122,10.520792145111301,4.686449983537983,9.632359661344566,9.938834507075356,11.617428185276594,11.148657349242399,-0.7505531327672799,2.426652356581684,6.905499722069891,6.523023596231553,-2.5298391998060765,1.7878356419905685,2.866778097986227,3.384680714501968,4.318280114949474,4.594768306927662,2.0104158571284074,3.452970521194956,2.5983032763271723,2.8054545821711656,3.826682340874882,4.576744575287421,2.777920810398655,4.227041673587337,6.341599795669623,4.439692721102588,4.545273686715461,3.0120491849033186,0.4744231269130381,-0.8398863803895864,0.7114946800169832,2.1022524437188395,2.841869914469484,1.1217398151433429,-2.0391914180357418,-0.5293860933942938,2.8062132881945416,0.04326108043939314,-0.14746563951850078,1.1634071718125654,2.0785804976691082,1.838716097753192,1.4819752774805295,1.6115513559671797,-1.214470960360714,-5.924187446847313,4.117754100346673,-0.015331176425092963,1.8114084396923005,2.144536127403569,1.039900681366973,1.9080699239094798,0.7564975917949965,1.7066881777007268,0.9621634748558279,-0.16836687962140218,-4.001271363670156,4.041638497015114,1.7824095867540564,1.21286714128739,0.19546959218439497,1.6923550273615433
datastructure,WB.DATA360:DS_DATA360(1.3),I,A,CUW,WB_WDI_NY_GDP_PCAP_KD_ZG,_T,_T,_T,PC_A,_Z,_Z,_Z,_Z,RATIO,2,WB_WDI,P1Y,0,A,PU,Annual,Curaçao,GDP per capita growth (annual %),Total,All age ranges or no breakdown by age,Total,Percentage change per annum,Not Applicable,Not Applicable,Not Applicable,Not Applicable,Ratio,Two,World Development Indicators (WDI),Annual,Units,Normal value,Public,,,,,,,,,,,,,,,,,,,,,,,,,,,,,,,,,,,,,,,,,3.0079460132311056,0.27429337121394326,-1.7586816970604673,-1.5053401830220565,-1.8584399749865383,-0.9409617914444652,0.4661738241478872,0.9103422947634527,-1.1768965177602695,-1.176268627452984,-0.9095666477621904,-1.1725619495315982,-1.755807825159721,-1.9674665270120926,-0.8587799145559387,-2.1111621073354456,-1.5911627296022175,-1.5886305194342327,-2.0410966438700626,-17.4108327282771,5.221838719319621,7.343188300240982,3.3038572187532367,4.142736710545478,
datastructure,WB.DATA360:DS_DATA360(1.3),I,A,MWI,WB_WDI_NY_GDP_PCAP_KD_ZG,_T,_T,_T,PC_A,_Z,_Z,_Z,_Z,RATIO,2,WB_WDI,P1Y,0,A,PU,Annual,Malawi,GDP per capita growth (annual %),Total,All age ranges or no breakdown by age,Total,Percentage change per annum,Not Applicable,Not Applicable,Not Applicable,Not Applicable,Ratio,Two,World Development Indicators (WDI),Annual,Units,Normal value,Public,5.107606262526488,-1.7323794614803774,-3.772528974533003,0.17505525934171828,10.874602031002851,10.503575545362253,4.661573759975866,-4.325322867448762,3.3032071098516553,-1.9657133648662892,13.344795622212047,3.549868150880627,-0.34608396233710437,4.311753350449706,3.1568477179176426,1.9883108091854922,1.711640669742593,6.0589830533437095,0.6104970529958109,-3.387715222776393,-8.937053149153712,-1.464675619396985,-0.29415856924973127,1.321349406714262,0.62310053551127,-3.8239650789144832,-3.1133409276272204,-2.245902107164511,-3.326574604467723,1.5997050726010968,5.4346573203747965,-9.992295406896417,8.103157877405522,-9.1882192265535,16.898756398901213,5.221492044176529,1.7306595867154755,1.673113249476856,0.6645782896867303,-0.8308281623659752,-7.246405544064615,-0.7600729470565852,3.092548352853825,2.7289504627920707,0.5398806545492221,1.8548145510952168,6.551346557344488,4.558556158453399,5.1723487536079205,3.7696175233800915,1.9179893234737762,-0.983601161818072,2.460763684800483,2.703864029147752,0.00792518281976129,-0.25636743516010085,1.2213804938523936,1.6029974563561922,2.9515101541934996,-1.8283524067907848,1.880764329291523,-1.637493993986908,-0.642220906290575,-0.912638164593119,-0.686849668516146
datastructure,WB.DATA360:DS_DATA360(1.3),I,A,UKR,WB_WDI_NY_GDP_PCAP_KD_ZG,_T,_T,_T,PC_A,_Z,_Z,_Z,_Z,RATIO,2,WB_WDI,P1Y,0,A,PU,Annual,Ukraine,GDP per capita growth (annual %),Total,All age ranges or no breakdown by age,Total,Percentage change per annum,Not Applicable,Not Applicable,Not Applicable,Not Applicable,Ratio,Two,World Development Indicators (WDI),Annual,Units,Normal value,Public,,,,,,,,,,,,,,,,,,,,,,,,,,,,2.1517886837003175,3.487032108933576,-6.590415636319818,-8.904518692904972,-10.162969160726547,-14.243354605516856,-22.494146686446925,-11.502473835657455,-9.227956037699215,-2.1611109527703576,-1.1071809361952916,0.605336123329252,6.79706549402465,9.796575500114216,6.269264830718214,10.337484498259045,12.577393155842827,3.924534288991481,8.269613045026645,8.71227296398449,2.775509046461707,-14.780720123391134,4.467825135156758,5.782622065214426,0.36427555757867935,0.2260829360049854,-5.088468795971551,-9.276866638179314,2.94151228987063,2.860278696509539,4.099379754474313,3.8728469833325505,-3.0845857635287075,4.410508832890912,-22.74568130211584,15.448021987689756,2.5311816605188824,
datastructure,WB.DATA360:DS_DATA360(1.3),I,A,EGY,WB_WDI_NY_GDP_PCAP_KD_ZG,_T,_T,_T,PC_A,_Z,_Z,_Z,_Z,RATIO,2,WB_WDI,P1Y,0,A,PU,Annual,"Egypt, Arab Rep.",GDP per capita growth (annual %),Total,All age ranges or no breakdown by age,Total,Percentage change per annum,Not Applicable,Not Applicable,Not Applicable,Not Applicable,Ratio,Two,World Development Indicators (WDI),Annual,Units,Normal value,Public,2.4772345513982827,1.1772236501369093,7.65044443289365,8.643032604522787,2.2756998118393454,2.4463208916851755,-1.6676214074607714,-3.9980450195597683,2.747150737369381,3.1208804951144486,1.6804419674796236,0.7109278751396886,1.1530442749804166,-0.7617289368969153,6.401243670252981,10.660216907077142,6.452936272612845,5.994919834608538,1.96639478092861,7.178382461692024,4.502843379615129,6.922195895670029,2.0620960525288297,6.4901327397439985,2.6895221471938413,1.7925166270003956,0.9926478701878665,2.5695714945986197,2.1032247660866688,2.6163032546706546,-1.6245161943689652,2.0060772044846686,0.5537638999885104,1.75753283456244,2.46357101461021,2.8343454377756245,3.328464501250508,3.293891085839533,3.7140367091239312,4.096090576599764,1.3595521164092759,0.25869626936261625,1.0535824679528218,1.9652468376979897,2.3803246173056465,4.777512979259853,5.08546727843067,5.1738106998202085,2.7155259211155,3.1497785115988535,-0.35464626862101056,-0.042967018335914986,-0.14323388106546986,0.5995585646622459,2.204158580073397,2.2449737569522767,2.1201547714017437,3.3516675323985936,3.715840885020725,1.8811197601244203,1.7622048427486448,5.015558649755334,2.023158424129477,0.639636335125445,2.780051605438544
datastructure,WB.DATA360:DS_DATA360(1.3),I,A,TON,WB_WDI_NY_GDP_PCAP_KD_ZG,_T,_T,_T,PC_A,_Z,_Z,_Z,_Z,RATIO,2,WB_WDI,P1Y,0,A,PU,Annual,Tonga,GDP per capita growth (annual %),Total,All age ranges or no breakdown by age,Total,Percentage change per annum,Not Applicable,Not Applicable,Not Applicable,Not Applicable,Ratio,Two,World Development Indicators (WDI),Annual,Units,Normal value,Public,,,,,,,,,,,,,,,,,,,,,,4.665365952647747,1.9636708689888707,1.7466980435321773,6.564988598228425,2.09157092326771,2.6024879052426684,-2.4697737216857263,-0.04840209668269324,-2.335895975387686,6.207226292181176,0.12468139386653831,3.65411673840201,4.88651073265973,6.165626314402829,0.043008968112516754,-0.9944864836536453,1.5722062469428693,1.6428089082943558,3.116478163457103,0.8921026437351998,3.84009133315611,-0.5132750153019003,-2.5342830803431866,-1.2217166210875376,-2.701550261863545,-2.896577176295935,4.574767362368476,-5.291126648087257,0.6394583089414709,6.535066537700445,1.0230661962681467,0.7520771315168133,2.4392199131751227,1.603611260215402,7.175514087491791,3.3668855175867662,0.32690003061127015,-0.3814633134237937,1.772477770654163,-0.7339536664515549,-1.7111308734144615,3.227460036615227,2.1285791524476423,3.229068265504793
datastructure,WB.DATA360:DS_DATA360(1.3),I,A,MYS,WB_WDI_NY_GDP_PCAP_KD_ZG,_T,_T,_T,PC_A,_Z,_Z,_Z,_Z,RATIO,2,WB_WDI,P1Y,0,A,PU,Annual,Malaysia,GDP per capita growth (annual %),Total,All age ranges or no breakdown by age,Total,Percentage change per annum,Not Applicable,Not Applicable,Not Applicable,Not Applicable,Ratio,Two,World Development Indicators (WDI),Annual,Units,Normal value,Public,4.853550581597304,3.681455493317401,4.568810139428507,2.6589235229321986,4.9738146524522335,5.165852021226655,1.4274913667128715,5.555560284898206,2.544409815668473,3.579121955545844,7.4520145276737395,6.792445055736621,9.057731398408905,5.753216263989543,-1.5802168321479968,8.922229345386995,5.1960019332180565,4.123887863589843,6.753848890262603,4.49993284463055,3.6231900380767,2.62231879948132,2.88220732900794,4.307471581534244,-4.226035103621285,-2.023691507958887,1.8551154028066463,6.535061671953301,5.794476153379094,5.84109356459912,6.503850991691593,6.040177427611098,7.118988492260854,6.469228206410406,7.073158660138091,7.261940756786302,4.686113828571536,-9.607037075793329,3.6358891983016406,6.336036105743787,-1.8694772907529682,2.872625550498256,3.314667347659011,4.343213107865736,2.970371271704849,3.2594065393694933,4.013304402747281,2.6580647877918864,-3.456026426162694,5.434240703797229,3.465974390152951,3.6927656914312053,2.9192325989428696,4.204477578638247,3.2857855627230066,2.620045575660157,3.9618656454818506,3.074017790719367,2.7595012238144108,-6.709335130852196,2.1314619977843137,7.733575637540426,2.267237852844687,3.8303513743924924,3.9430345185264457
datastructure,WB.DATA360:DS_DATA360(1.3),I,A,COL,WB_WDI_NY_GDP_PCAP_KD_ZG,_T,_T,_T,PC_A,_Z,_Z,_Z,_Z,RATIO,2,WB_WDI,P1Y,0,A,PU,Annual,Colombia,GDP per capita growth (annual %),Total,All age ranges or no breakdown by age,Total,Percentage change per annum,Not Applicable,Not Applicable,Not Applicable,Not Applicable,Ratio,Two,World Development Indicators (WDI),Annual,Units,Normal value,Public,1.8964646736519626,2.21235000803928,0.17978180588545456,3.0152465269357407,0.5686032284158529,2.2340486949695304,1.2497687579006111,3.0864582896242894,3.3566336197984725,3.5549217210717075,3.439262648824794,5.199581345293154,4.305004677477456,3.3926810753251715,0.0826946618422113,2.4714344432331217,1.8754423412310643,6.049063596386262,3.0444846432041714,1.739324300125574,-0.05391627982881175,-1.3596653833434118,-0.7844337978675497,0.9890068344422787,0.9026054167287327,3.6613403272133525,3.225742435986305,1.9546544659905294,1.3125231207928039,2.148175875596152,-0.027131590886909862,2.0041331438641805,3.301958502473525,3.7484067593497485,3.212513452053443,0.21394119163238656,1.5957890649286526,-1.2158752999568492,-5.854880765149645,1.2527022321234114,0.09207257776728284,0.9396086067134775,2.3628293963097917,3.797158677361651,3.371110777669358,5.311743944210164,5.3944678623106626,2.0479905181086053,-0.03170510226770773,3.3143493674279796,5.808235033637615,2.875696275409041,4.14129387844136,3.570306654207698,2.069232271137267,1.0811492571219787,-0.10122155413303346,0.6952649472388117,1.3601406798428854,-8.509494776210587,9.592978283886097,6.187799537058638,-0.2822335977311212,0.4086206038221576,1.605959203822664
datastructure,WB.DATA360:DS_DATA360(1.3),I,A,GMB,WB_WDI_NY_GDP_PCAP_KD_ZG,_T,_T,_T,PC_A,_Z,_Z,_Z,_Z,RATIO,2,WB_WDI,P1Y,0,A,PU,Annual,"Gambia, The",GDP per capita growth (annual %),Total,All age ranges or no breakdown by age,Total,Percentage change per annum,Not Applicable,Not Applicable,Not Applicable,Not Applicable,Ratio,Two,World Development Indicators (WDI),Annual,Units,Normal value,Public,,,,,,,-2.7143533476747734,6.5492808605658155,-0.4139074634773863,3.1835521469113672,-2.8974068494986938,-2.642971963596068,6.075716851299333,2.8064150945073436,9.108424355601556,4.117650683520708,0.21947324043436822,2.916598386538311,-4.572226506218698,2.6778918165171604,-0.20247817510603738,-4.215356833970645,6.867832116914812,-0.3654776678289693,-4.65135850423313,-8.78849775020285E-4,-1.6249539799586756,0.2694743696716557,1.5821253345431643,-0.6965063292670948,-1.1357861145335164,-0.7383852538713995,-0.6964955071385788,-3.0171139329093677,-2.0773913666090635,-0.690360718985545,1.9635741586800464,0.6363965398316225,3.4846649738344837,2.650214562372227,2.974417950052242,-5.812879006132235,4.0302689250437,4.164563977210861,-5.0301145295360215,-3.352217018009412,0.09633724380631747,3.2118760703800007,3.6123868718277237,2.8735095050052877,-10.777260908274371,2.1864589714015494,-0.09661630799956811,-4.172586097690285,1.2513724814662766,-0.7010078911197581,2.2080754670725327,4.667874304555369,3.748482959566715,-1.7631871131438004,2.7930458838913097,3.0738139901925052,3.5072268910548416,3.1747025023371975,3.5627328476169424
datastructure,WB.DATA360:DS_DATA360(1.3),I,A,FSM,WB_WDI_NY_GDP_PCAP_KD_ZG,_T,_T,_T,PC_A,_Z,_Z,_Z,_Z,RATIO,2,WB_WDI,P1Y,0,A,PU,Annual,"Micronesia, Fed. Sts.",GDP per capita growth (annual %),Total,All age ranges or no breakdown by age,Total,Percentage change per annum,Not Applicable,Not Applicable,Not Applicable,Not Applicable,Ratio,Two,World Development Indicators (WDI),Annual,Units,Normal value,Public,,,,,,,,,,,-0.5901877640016977,-1.5977795324068893,30.354968717088468,12.234880754538466,-2.4176252031985115,-1.9996501113823513,-0.04059653584710077,2.7347186468033016,-1.0101793134463861,-10.017433117419827,6.44139123488597,-5.493197320424514,-1.0323286495939215,-6.702504951478687,13.262306588429112,4.984537189852631,-1.5509988972641935,0.16939959068662347,1.5329348050932623,1.8026225276993557,5.476452040825251,1.9716832582615353,5.857961637523616,-2.3665204068722403,5.893155732850033,-3.758141756305079,-6.515927616627096,2.554281547940178,0.8544421088893159,4.2846492226230595,1.5292875980458263,0.3690809087244702,1.910481545467178,-2.8789960113259667,3.2165481869465253,0.20104925964359666,-0.8999142028950615,-1.687020041032099,2.2173210136936348,2.1037928244548993,3.629258347845081,-1.7945103030789653,-3.909440280728006,-2.81129684982227,4.078710149670499,0.9272241557636249,1.696154405768354,0.015508025227362054,3.293176925081383,-2.6168769186817116,2.4457665525579984,-3.5375697075071884,0.6676593056368745,1.822187273101349,0.5976674107069755
datastructure,WB.DATA360:DS_DATA360(1.3),I,A,MEA,WB_WDI_NY_GDP_PCAP_KD_ZG,_T,_T,_T,PC_A,_Z,_Z,_Z,_Z,RATIO,2,WB_WDI,P1Y,0,A,PU,Annual,"Middle East, North Africa, Afghanistan & Pakistan",GDP per capita growth (annual %),Total,All age ranges or no breakdown by age,Total,Percentage change per annum,Not Applicable,Not Applicable,Not Applicable,Not Applicable,Ratio,Two,World Development Indicators (WDI),Annual,Units,Normal value,Public,3.431194331480029,2.7020535729166113,7.648755055955434,6.652989305052998,8.820177942291835,3.7650999833778798,4.753483226119926,9.164552563121916,7.324855732755182,14.125190506765577,5.957795196331219,10.442127203356932,8.0125724289625,5.608620360951107,-2.813654333054359,10.42584755687497,0.668694871609901,-3.249725210380845,2.384797097086235,-1.7017088470624486,-2.605132520809903,-4.345851542470001,-3.524747305842098,-3.049993862616148,-2.570833770151708,-4.570072621979122,-2.10852375238035,-0.7640185963465456,0.7835260248223506,4.994791034366671,-0.6301082309919934,3.248920167858273,-0.31520697163011846,0.44618640121385056,0.6579839211533454,2.5524230094261497,1.6609851673789535,1.7048177001495475,0.36874451814993847,3.911028012035601,-0.3463268273659139,-0.17450089839962857,2.228203165257554,5.4181925442502035,2.8060498417546142,3.4642880147609247,2.7545191813495222,1.9430022316474123,-1.2285305931236934,2.6072861837607775,1.5269714030984147,1.9700221941784548,0.19668763546899015,1.057659594616453,0.769254744026199,2.613132748732653,0.3921867758795514,0.7939737360566141,-0.10843042779103484,-5.302505171077584,3.501549833130582,4.439755633405156,0.30953178171948537,0.39412050490706463,0.9021492089586332
datastructure,WB.DATA360:DS_DATA360(1.3),I,A,AFE,WB_WDI_NY_GDP_PCAP_KD_ZG,_T,_T,_T,PC_A,_Z,_Z,_Z,_Z,RATIO,2,WB_WDI,P1Y,0,A,PU,Annual,Africa Eastern and Southern,GDP per capita growth (annual %),Total,All age ranges or no breakdown by age,Total,Percentage change per annum,Not Applicable,Not Applicable,Not Applicable,Not Applicable,Ratio,Two,World Development Indicators (WDI),Annual,Units,Normal value,Public,-2.182718992022359,5.075429126796749,2.796180860723169,1.7914619235174882,2.225014502026724,1.922584547722181,2.3843370282715597,1.1889180797767835,2.127390932312238,-1.7665194635508215,2.4808789294432643,-0.1162866682490602,1.6097061948965603,2.3809591958869163,-1.5444838536416654,-0.5940054591101642,-1.7108328470304457,-1.5084326795772682,-0.243309867774272,2.336989896136558,0.7630722937656031,-2.8654850658591755,-3.0227345292124284,0.3157579161731974,-3.0498222206220476,-0.7393053920230273,0.8700233982720533,1.3006670844902146,-0.19436535509106534,-2.708031358359179,-2.816412071189319,-4.958495294958297,-3.547573547439441,-0.7527461670215843,1.6795082177793574,2.7448180065038628,1.2277140389365968,-0.8282076294960206,-0.022863210029882453,0.5374529221471107,0.8583976302846281,1.2419321509555772,0.3464089291457526,2.881005454864379,3.3883126463677655,3.8281575798728653,3.8688304721226814,1.6331710932286256,-1.8060096170163291,2.493821163514909,1.041908278350931,-0.8273971520648615,1.7975555542618196,1.1440071468876312,0.1950478094920669,-0.37342665926641416,0.001542071800542999,-0.06400519412558481,-0.8013541222446889,-5.516110835213354,1.7215725054565496,1.0147172667712283,-0.5946146048931951,0.27735864788797926,1.1701814825751882
datastructure,WB.DATA360:DS_DATA360(1.3),I,A,TUR,WB_WDI_NY_GDP_PCAP_KD_ZG,_T,_T,_T,PC_A,_Z,_Z,_Z,_Z,RATIO,2,WB_WDI,P1Y,0,A,PU,Annual,Türkiye,GDP per capita growth (annual %),Total,All age ranges or no breakdown by age,Total,Percentage change per annum,Not Applicable,Not Applicable,Not Applicable,Not Applicable,Ratio,Two,World Development Indicators (WDI),Annual,Units,Normal value,Public,-1.5859849159095631,2.7592074231209267,6.188710699313177,2.7301231235120156,0.2735487865846977,8.422404354885018,2.0481030942317773,4.113985960407732,1.5623066617911547,0.8365794896230625,3.090214124011254,4.877522394631015,0.901130367305143,3.28170101269221,4.973641958423983,8.228602722960133,1.2953878445723461,-0.5250369521273512,-2.5556241606011554,-4.377370723410451,2.7913178689687754,1.3727699741243242,2.532861132633755,4.28679512122811,1.9522845097210535,4.757908997778415,7.277130212235733,0.2975470335533572,-1.6563873915033724,7.239620322315247,-1.0362942359285512,3.2601740607158547,5.810130713180854,-6.311169356348273,6.126979546743215,5.554991047846741,5.817461628363716,0.499222307705665,-4.339868437247816,5.621458408947163,-6.628468438031277,5.159740853118677,4.5779270534455065,8.70602046453412,7.951773626430423,5.973504178090749,4.939247949266274,-0.34908173135856657,-6.186581277327292,6.90544093016851,9.36292358017863,3.4801043202305806,7.103728301734094,3.199112988857138,4.403379266697101,1.9428315705164039,6.436646140923813,2.0770413561878485,-0.1363784692059511,0.8199574445769855,10.797736075362991,4.408159371874689,4.619097749913806,3.094798821249327,3.170444731864947
datastructure,WB.DATA360:DS_DATA360(1.3),I,A,KHM,WB_WDI_NY_GDP_PCAP_KD_ZG,_T,_T,_T,PC_A,_Z,_Z,_Z,_Z,RATIO,2,WB_WDI,P1Y,0,A,PU,Annual,Cambodia,GDP per capita growth (annual %),Total,All age ranges or no breakdown by age,Total,Percentage change per annum,Not Applicable,Not Applicable,Not Applicable,Not Applicable,Ratio,Two,World Development Indicators (WDI),Annual,Units,Normal value,Public,,,,,,,,,,,,,,,,7.275968294004002,-7.655506104897086,8.76685381778104,-10.724225178267304,-7.68323347866135,-1.560910977080212,-2.794792613979169,0.7318423301805694,1.1816358722954448,1.2295564095696534,-0.19404077451575574,16.48571431917108,7.800895469744432,-0.34555769635056777,-2.970448161895817,3.222924820289947,1.3952112752501904,-1.9821985005088294,-39.202970330744535,1.3541206370464067,-1.776935283475055,-2.9119917342245714,0.4521398730188366,10.798205487593094,8.258328773019727,5.725666444091274,4.6386235670064195,8.629743140191152,7.856390011442272,11.663786142880483,9.317924012976732,8.781439165591308,5.857285553681706,2.446745047639581,3.454351171337052,5.66993084409259,6.047569826569514,6.256914983124091,6.411092519026184,5.652931676093004,6.343006276170286,6.591964955903791,7.431770302427168,6.582723648527306,-4.963681993993191,1.578620515500944,3.7400092003925067,3.668477754284453,4.7240586948776695,4.1146111578867135
datastructure,WB.DATA360:DS_DATA360(1.3),I,A,CYM,WB_WDI_NY_GDP_PCAP_KD_ZG,_T,_T,_T,PC_A,_Z,_Z,_Z,_Z,RATIO,2,WB_WDI,P1Y,0,A,PU,Annual,Cayman Islands,GDP per capita growth (annual %),Total,All age ranges or no breakdown by age,Total,Percentage change per annum,Not Applicable,Not Applicable,Not Applicable,Not Applicable,Ratio,Two,World Development Indicators (WDI),Annual,Units,Normal value,Public,,,,,,,,,,,,,,,,,,,,,,,,,,,,,,,,,,,,,,,,,,,,,,,0.14168172612349395,-3.209286103472195,-9.787750914676423,-5.3788664527101275,-1.5727602080574314,-1.4809982873883314,-1.3435196119996675,0.08645842638952672,0.3608032369808427,0.85449283996779,0.8896458939038325,2.044071291713152,1.7764182292305861,-6.8326289753627805,2.7393593678768298,3.472041493665216,3.70821524263701,1.77902437118955,
datastructure,WB.DATA360:DS_DATA360(1.3),I,A,MCO,WB_WDI_NY_GDP_PCAP_KD_ZG,_T,_T,_T,PC_A,_Z,_Z,_Z,_Z,RATIO,2,WB_WDI,P1Y,0,A,PU,Annual,Monaco,GDP per capita growth (annual %),Total,All age ranges or no breakdown by age,Total,Percentage change per annum,Not Applicable,Not Applicable,Not Applicable,Not Applicable,Ratio,Two,World Development Indicators (WDI),Annual,Units,Normal value,Public,,,,,,,,,,,3.7422959919759506,3.444487863262637,5.661276288544244,3.7997799989677503,-2.001745379604685,2.818943193997555,2.0633748823542817,2.6563297649769595,2.4292548768078746,0.8231443591458714,0.2900650731285026,1.4363486791816342,-0.2491180088428422,0.06725409225313683,0.3811871576533008,1.1775646965941178,1.2559843897119691,3.4219945281629123,3.114543874576526,1.7170325866826772,0.13444210975632132,0.5067936513064382,-1.7063283157576734,1.4369936548082478,1.3611843481961898,0.3866294368416163,1.5166174483178736,2.848892603699767,2.8447544517336496,3.7661547358773078,2.2129286812945423,1.1043972228752352,1.2374161346144348,2.682991421492062,2.2022708353393483,6.322689524244623,15.228300415346922,0.7500357732653384,-12.783472519723489,-0.3938495313037862,4.553774329995903,-1.2140022982889462,7.301905941509304,5.166590277731501,3.115104908970025,1.5742397506906656,-4.238910939662745,4.379239971249959,7.247380375677466,-13.104574137618812,20.718867366102927,10.111647979595901,5.376282268105939,9.423429429773606,
datastructure,WB.DATA360:DS_DATA360(1.3),I,A,SSF,WB_WDI_NY_GDP_PCAP_KD_ZG,_T,_T,_T,PC_A,_Z,_Z,_Z,_Z,RATIO,2,WB_WDI,P1Y,0,A,PU,Annual,Sub-Saharan Africa,GDP per capita growth (annual %),Total,All age ranges or no breakdown by age,Total,Percentage change per annum,Not Applicable,Not Applicable,Not Applicable,Not Applicable,Ratio,Two,World Development Indicators (WDI),Annual,Units,Normal value,Public,-1.323110009811927,3.4796222698345787,3.6401637940855807,2.354110130564564,2.0403300683968837,-0.5560767246021499,-3.3028786287279956,0.45317066348351887,6.132806607539962,4.945935394138971,4.850710620945307,0.22791609497659238,1.4608882306262956,4.540670773869792,-3.0046801536453387,2.2478965809982014,-0.05652103871834413,-3.0384277143916023,0.856586180203081,0.7209310695092626,-3.73822068138729,-4.203706319803501,-5.3853221267255265,-0.6336209593694804,-0.9045162051589983,-1.0306498320215525,-5.67696520064942E-4,1.5454672357520138,-0.5322009851531391,-0.5467814899125472,-2.2938192705753124,-3.1426533529433556,-3.716465027213502,-1.6228801679095142,0.6230891249417567,2.3645811413732076,1.371388263154799,-0.17029074633458663,-0.5076491763894353,0.7252397015727468,1.4641796588972227,3.5701581871699233,1.3492173320710918,3.8254696112501705,3.153207981219836,3.189787932453214,3.2840297838693004,2.3285328594121495,0.33689846710021243,3.180351502268536,1.4721287146276012,0.5483633950852607,2.4307031068175604,1.9258183348463689,0.19770178739304356,-1.3317772215603298,-0.15363214023145133,0.10792272688597393,-0.08793226219842154,-5.747737204573156,0.9937593098829893,1.4825861630781247,0.2158166977298066,1.1158184319034916,1.6400781806539726
datastructure,WB.DATA360:DS_DATA360(1.3),I,A,TCA,WB_WDI_NY_GDP_PCAP_KD_ZG,_T,_T,_T,PC_A,_Z,_Z,_Z,_Z,RATIO,2,WB_WDI,P1Y,0,A,PU,Annual,Turks and Caicos Islands,GDP per capita growth (annual %),Total,All age ranges or no breakdown by age,Total,Percentage change per annum,Not Applicable,Not Applicable,Not Applicable,Not Applicable,Ratio,Two,World Development Indicators (WDI),Annual,Units,Normal value,Public,,,,,,,,,,,,,,,,,,,,,,,,,,,,,,,,,,,,,,,,,,,,,,,,3.7044748747625107,-22.817427517590147,-2.9235336857076675,0.8658826970368239,-6.547532439100465,-3.512192741205112,4.37835200669825,6.586115837300909,2.464561493464572,67.59799469609038,2.52456646348665,1.073407279295708,-35.63621015473389,27.173918165309715,12.584110732370135,12.867049386965263,4.871817973750623,
datastructure,WB.DATA360:DS_DATA360(1.3),I,A,LUX,WB_WDI_NY_GDP_PCAP_KD_ZG,_T,_T,_T,PC_A,_Z,_Z,_Z,_Z,RATIO,2,WB_WDI,P1Y,0,A,PU,Annual,Luxembourg,GDP per capita growth (annual %),Total,All age ranges or no breakdown by age,Total,Percentage change per annum,Not Applicable,Not Applicable,Not Applicable,Not Applicable,Ratio,Two,World Development Indicators (WDI),Annual,Units,Normal value,Public,2.8878450193747085,0.12467588134761343,2.3699326426826417,6.664573691888293,-1.8578377874686538,0.3806755300908691,-0.11234423332400922,3.9186480696736368,9.43521169998165,1.2585933667972142,1.6927941249430063,5.312930347926638,7.122761279528206,2.8623049648915924,-7.586475007182543,2.028098391680004,1.3935360847460885,3.8883915028745264,2.1061447823566937,0.4825456416275813,-0.8436707410850772,1.0482941044422773,2.961759047098525,6.077850655880425,2.593241371622341,9.491577940688288,3.2794668876172466,7.679105529236736,8.735311857435946,4.009809128116501,7.198409176821713,0.4760793257379703,2.811216381744714,2.4166302584149406,0.017300172044869555,0.027253133136142083,4.106535209248648,5.355524154899726,6.724910183373268,5.5103746626706425,1.8544958284982869,2.1494828076639863,1.3797665426133108,2.7596929054212467,0.9264016207339694,4.3390220542000435,6.441886987423203,-2.0685335435921957,-5.014261698738778,1.883539645027767,-1.1768102767863269,-0.7623695709290956,0.8145493543496514,0.23256675160621398,-0.11686197239798446,2.7397918352005917,-1.1161795634530733,-0.32983707861542655,0.7521756462196834,-2.1541744826160425,5.318429350901852,-3.071972222887453,-1.9023113578202242,-1.2100359658708015,-0.8209220374421164
datastructure,WB.DATA360:DS_DATA360(1.3),I,A,AND,WB_WDI_NY_GDP_PCAP_KD_ZG,_T,_T,_T,PC_A,_Z,_Z,_Z,_Z,RATIO,2,WB_WDI,P1Y,0,A,PU,Annual,Andorra,GDP per capita growth (annual %),Total,All age ranges or no breakdown by age,Total,Percentage change per annum,Not Applicable,Not Applicable,Not Applicable,Not Applicable,Ratio,Two,World Development Indicators (WDI),Annual,Units,Normal value,Public,,,,,,,,,,,-2.5005890584779564,1.0126236318552628,0.9052661807643574,-0.8767861449461378,-5.405687748891637,-2.5324066506702536,-2.6543939784835686,-3.6140242468073183,-4.539719707728651,-2.0073609792772515,-3.859135362569333,-2.919468732723658,-2.7482592222203692,-2.327825920527985,-1.3021348851496697,-1.0566136980598486,1.2967092295821772,1.3449070371084275,2.3337164284284313,-0.11951560488063251,-4.819169045306964,-4.99409016591666,-5.836631689814382,0.25983884121920653,3.8829592914650988,4.531978271447045,7.8606789573326665,2.118367937966653,3.579454848025776,3.5677657114412824,7.845168133843018,3.5182847336037355,4.032707485602671,1.095400014103248,1.1830276873902221,1.9588300280000084,-1.2896115123410965,-7.389298787881316,-5.746485458565047,1.8898808431228247,3.7495175357234984,-3.8007542983420137,-1.4439454035085504,4.52989381717444,3.63079793724701,3.6996204681150573,-1.8060570331276722,-0.3021193039958803,0.2653528206143676,-12.22383849354307,6.927044852335612,7.721238000965357,1.1232590791063046,2.477821300297279,2.657760921361742
datastructure,WB.DATA360:DS_DATA360(1.3),I,A,MMR,WB_WDI_NY_GDP_PCAP_KD_ZG,_T,_T,_T,PC_A,_Z,_Z,_Z,_Z,RATIO,2,WB_WDI,P1Y,0,A,PU,Annual,Myanmar,GDP per capita growth (annual %),Total,All age ranges or no breakdown by age,Total,Percentage change per annum,Not Applicable,Not Applicable,Not Applicable,Not Applicable,Ratio,Two,World Development Indicators (WDI),Annual,Units,Normal value,Public,-1.701259405735044,1.8215602392705108,10.865405464074598,-7.971034806753977,8.221081853503037,-6.985885862316053,-8.035602663298604,9.544620863583987,0.978225674449007,2.6325017280398413,1.8299505187153926,0.19781238262888223,-3.0085921529539092,3.3073659461868345,2.1564011697249725,4.072357414572636,3.9344907719433877,4.46225115146774,3.1887705926235412,5.889859209300255,4.3718657696796726,3.692322741159799,2.373050408432249,2.7796718493492136,0.8190943296550728,-2.8923637538198648,-5.665847512487417,-12.79771137939457,2.0725130117562003,1.2608018128504597,-2.0695092848205547,8.171526314737918,4.62881857490504,6.065418344485977,5.56695024355048,5.087303376785044,4.312620803453456,4.552997609755522,9.632420640277118,12.482374612358996,10.175612356949415,10.907227126581361,12.783944754293472,12.595753891026533,12.684132660310567,12.255524024474568,11.200437821892734,9.649811132777515,9.93736426370333,8.820589435358727,4.746580785946605,6.433248076398428,7.508738815210748,7.275686185090379,6.1396000781747375,5.026521188535966,5.319574035056675,5.501797463632215,5.833094747341349,-9.693060344823351,-12.62710000817799,3.322028414617037,0.25532867798733605,-1.6376094528404792,-2.6380986854797186
datastructure,WB.DATA360:DS_DATA360(1.3),I,A,MAC,WB_WDI_NY_GDP_PCAP_KD_ZG,_T,_T,_T,PC_A,_Z,_Z,_Z,_Z,RATIO,2,WB_WDI,P1Y,0,A,PU,Annual,"Macao SAR, China",GDP per capita growth (annual %),Total,All age ranges or no breakdown by age,Total,Percentage change per annum,Not Applicable,Not Applicable,Not Applicable,Not Applicable,Ratio,Two,World Development Indicators (WDI),Annual,Units,Normal value,Public,,,,,,,,,,,,,,,,,,,,,,,4.038260856587428,3.263282380902993,-1.6495675990261276,4.406487563563346,10.270513313338682,4.689087125900386,2.085130033971751,4.804045284151883,-1.2634364765123678,7.418650208593419,1.597854068509804,0.8905563837293187,0.14146617461932465,-1.8112485513828034,-0.804714039124292,-5.700974323191048,-3.5237095403765437,4.9612869775108095,2.105729868322399,7.786944905046454,10.334641330259615,23.545452845170928,3.786786793032178,7.619148244901311,9.646681620958347,-0.39363532465799267,2.377633231416425,24.637174163337576,18.834022120204438,5.698052734396299,6.28976356008269,-6.734327738951279,-24.33421480181876,-2.162453510575162,10.61360176658033,4.664267758690045,-4.362341077535774,-55.293560275816375,22.9825542159725,-18.33472991288086,74.92102504742618,6.562314243358742,4.838931430273476
datastructure,WB.DATA360:DS_DATA360(1.3),I,A,TUV,WB_WDI_NY_GDP_PCAP_KD_ZG,_T,_T,_T,PC_A,_Z,_Z,_Z,_Z,RATIO,2,WB_WDI,P1Y,0,A,PU,Annual,Tuvalu,GDP per capita growth (annual %),Total,All age ranges or no breakdown by age,Total,Percentage change per annum,Not Applicable,Not Applicable,Not Applicable,Not Applicable,Ratio,Two,World Development Indicators (WDI),Annual,Units,Normal value,Public,,,,,,,,,,,-1.9645546350045748,-2.0705815179197202,-1.7406101038551753,-4.059307128134748,-6.256472617296183,-5.288800234228489,-7.8014606640741135,-5.6564747736092045,-3.544061469933297,-3.094510996470291,0.41905524847220477,-17.521462239039636,7.224761894979494,5.924288661098515,-3.591966219239282,20.034432639649637,10.191727069645154,17.248050833529007,-3.5778527360885874,13.592511025233051,2.100537063626092,1.5377635693581908,3.1069061158905242,9.31314182840417,-5.751723044453641,-6.585476129786414,9.324558999467698,14.877892454222746,-2.0303436349560826,-1.4685420681180261,-0.4381389526392496,9.102695427126477,-5.0581877704778435,-3.477393124398006,-5.840625146226188,1.257349089004009,5.816987961949678,5.230113361108408,-7.504660166332087,-3.631681427046047,5.1733007252487795,-3.5061432424333105,3.712310738549448,0.15477057538237204,10.628173553467718,5.979388561860219,3.0233631363116586,2.5000826037985036,15.650825095541961,-2.5995822888967126,3.8514037023984002,2.7126192584569537,5.714880753681939,,
datastructure,WB.DATA360:DS_DATA360(1.3),I,A,DMA,WB_WDI_NY_GDP_PCAP_KD_ZG,_T,_T,_T,PC_A,_Z,_Z,_Z,_Z,RATIO,2,WB_WDI,P1Y,0,A,PU,Annual,Dominica,GDP per capita growth (annual %),Total,All age ranges or no breakdown by age,Total,Percentage change per annum,Not Applicable,Not Applicable,Not Applicable,Not Applicable,Ratio,Two,World Development Indicators (WDI),Annual,Units,Normal value,Public,,,,,,,,,,,,,,,,,,10.052406431878012,-18.622249097229954,13.190804787105776,10.976625730242802,4.5545772338874855,3.014076357696439,4.6434766110027965,1.8619920821423506,7.580187882666522,6.880837227104578,8.45031747886911,0.4562063041211104,6.214367950365158,1.8318679764207388,1.986732487636786,2.0025137586961534,-0.028874618602273472,3.042730823010203,3.191836519229497,2.3493037345837564,4.036953809969404,0.7241943388253844,2.876485652624197,0.2625061780150162,-3.199405747145505,5.551755220819103,3.918904013065557,0.7904894385575716,4.291527700695013,5.295194439661643,7.11042175462228,-1.1501079052145684,-0.09835731137989967,-0.23832480730511918,-0.2512858516139005,-0.8518782574020491,1.3783650332157293,-3.424159287783908,2.619035143868203,-6.04609004192379,3.4503310759890837,4.398314737429104,-15.323436855213032,5.961605599489133,11.017961100105623,4.144678899693417,2.522885519336967,3.5749667281824316
datastructure,WB.DATA360:DS_DATA360(1.3),I,A,PSE,WB_WDI_NY_GDP_PCAP_KD_ZG,_T,_T,_T,PC_A,_Z,_Z,_Z,_Z,RATIO,2,WB_WDI,P1Y,0,A,PU,Annual,West Bank and Gaza,GDP per capita growth (annual %),Total,All age ranges or no breakdown by age,Total,Percentage change per annum,Not Applicable,Not Applicable,Not Applicable,Not Applicable,Ratio,Two,World Development Indicators (WDI),Annual,Units,Normal value,Public,,,,,,,,,,,,,,,,,,,,,,,,,,,,,,,,,,,2.427065970945904,-3.2177491928896416,9.646234186343676,11.449573528409715,5.548782906720163,-10.86259290850694,-11.599069076304659,-14.69622458301096,11.139172667223704,18.84844713334782,8.482908416825197,-3.494302349611317,1.16982596233521,4.513711439421826,5.7345768131615245,3.065654256254007,6.867834875025409,3.5103674636903577,2.2148504792688612,-2.4710263048180394,1.372585088323433,6.446661460945563,-0.5776228024034822,-1.3048141919532696,-1.1516136653513627,-13.496386973047663,4.414695344913213,1.5885647138339323,-3.3140405165738542,-24.656790049701797,1.9458429001581123
datastructure,WB.DATA360:DS_DATA360(1.3),I,A,TSA,WB_WDI_NY_GDP_PCAP_KD_ZG,_T,_T,_T,PC_A,_Z,_Z,_Z,_Z,RATIO,2,WB_WDI,P1Y,0,A,PU,Annual,South Asia (IDA & IBRD),GDP per capita growth (annual %),Total,All age ranges or no breakdown by age,Total,Percentage change per annum,Not Applicable,Not Applicable,Not Applicable,Not Applicable,Ratio,Two,World Development Indicators (WDI),Annual,Units,Normal value,Public,1.5089220278480298,0.8156640866926637,2.41022222755592,5.228793049696435,-4.107853326990551,-1.5853663122835826,3.860625287343481,1.9242128261142568,3.516218971642388,2.7715651906384977,-1.512119054553608,-4.244040219824711,1.0212409681420525,-0.06657401505739813,4.796231896939517,-0.18438821299473318,4.111968779393919,3.4207023055638217,-5.772494554302057,3.386755729110803,3.6961890212373447,0.9465613234537216,4.1721656380854455,1.692435267245699,2.6635156732226477,2.3287999765668275,1.516791397556176,6.144259720235581,3.179442571312336,3.323287312051008,-0.6191118623458749,3.216871599403831,2.668199618202948,4.237755826262912,5.07850992161903,4.9736393799069845,2.192863653371518,3.959069731219728,6.171586016130107,2.158410919191752,2.667613943943252,1.9567561760937622,5.672662977724954,5.793875332372053,5.971282610723776,6.2930802030643775,6.002067290420271,2.075104711218586,5.93398148923437,6.727058481460489,4.053674353247658,4.279301924433071,4.952171583086269,5.96282550719711,6.461739174379687,6.737337298935088,5.6019677194413475,5.279340855262248,3.041009510929854,-5.905372980103422,8.330281926782519,6.2417365556324285,5.848991357302509,5.8154102516988075,6.18260956067509
datastructure,WB.DATA360:DS_DATA360(1.3),I,A,IRL,WB_WDI_NY_GDP_PCAP_KD_ZG,_T,_T,_T,PC_A,_Z,_Z,_Z,_Z,RATIO,2,WB_WDI,P1Y,0,A,PU,Annual,Ireland,GDP per capita growth (annual %),Total,All age ranges or no breakdown by age,Total,Percentage change per annum,Not Applicable,Not Applicable,Not Applicable,Not Applicable,Ratio,Two,World Development Indicators (WDI),Annual,Units,Normal value,Public,5.172332569926127,2.7924487137242977,4.135109161355686,3.2827012528030934,1.5526109103759325,0.49144819519013083,5.28820175849323,7.7575719649676245,5.246573359842216,1.8065436983635976,2.266448842063042,4.918856473267198,3.0552240765850343,2.5472056412048687,3.9324445378748862,-0.12389998417266668,6.755713124380122,5.676692605989089,1.7089130655300693,1.8998730756845816,2.122299929744571,1.3210214294042402,-0.9490073409981505,3.709680500474221,2.9207339431700348,-0.47356333056211497,4.652240097368548,5.668377304404373,6.234040214146134,8.375006524833807,1.3452997328055716,2.640607355164562,2.1805898845175307,5.339772128685837,9.073769553470612,6.533313181041393,9.913986231091187,7.637504834556452,9.290879508481396,7.9548065698197945,3.642469806768858,4.1297552766413475,1.3493871322583857,4.853457513575421,3.4609409400626134,2.1951895278119196,2.3092311319900034,-6.411646131316957,-6.05481156494983,1.130423861189243,1.1667429167059993,-0.8261640367516065,1.6562485927566826,8.589097173839065,23.452027072576072,-0.06872940945056882,8.632595196383292,6.136942678805184,3.318400851501451,5.808019468107489,14.64672924570047,5.402282694922562,-4.3474982542060445,0.997438539135004,10.523255184319709
datastructure,WB.DATA360:DS_DATA360(1.3),I,A,NPL,WB_WDI_NY_GDP_PCAP_KD_ZG,_T,_T,_T,PC_A,_Z,_Z,_Z,_Z,RATIO,2,WB_WDI,P1Y,0,A,PU,Annual,Nepal,GDP per capita growth (annual %),Total,All age ranges or no breakdown by age,Total,Percentage change per annum,Not Applicable,Not Applicable,Not Applicable,Not Applicable,Ratio,Two,World Development Indicators (WDI),Annual,Units,Normal value,Public,-0.01503798922553301,-0.053279655480480415,-0.0868151307077909,5.404922650497753,-3.210521714679075,4.832982831751352,-3.632574520827987,-1.4684522452135695,2.2245093118157087,0.35596022119426607,-3.3243832482666846,0.9025747522588148,-2.621706227572247,4.035861609682257,-0.754394199496474,2.138249704188084,0.7325237817971839,2.0099884404195336,0.0042081297447111865,-4.596154042338881,5.8289997466771695,1.387926123054541,-5.251261133401087,7.138162332546798,3.761491680179603,2.280812133190821,-0.435088375434745,5.4539886670328315,2.0350841033158815,2.133569227807868,3.6504737508523277,1.210949587389365,1.0528287835750945,5.538591444312928,1.012793280942816,3.0291152321461254,2.887868241991626,1.0113675151730348,2.4873208535550333,4.377210354591483,3.1185105039034795,-1.3907436082898812,2.4892634544756618,3.3632478262599648,2.327545344917766,2.3686611923353382,2.5504552009153514,5.312314942911115,3.829096105833557,4.168864892161665,2.960357808170187,4.402446307306263,3.3184743098002514,5.695912116626275,3.410803000293299,-0.04051102990601407,8.76020605401564,7.36009731523734,5.401921603371491,-4.231827768586427,3.0297197124049546,4.776657252350418,2.0540590669340304,3.830186491773219,4.546861225417516
datastructure,WB.DATA360:DS_DATA360(1.3),I,A,ARE,WB_WDI_NY_GDP_PCAP_KD_ZG,_T,_T,_T,PC_A,_Z,_Z,_Z,_Z,RATIO,2,WB_WDI,P1Y,0,A,PU,Annual,United Arab Emirates,GDP per capita growth (annual %),Total,All age ranges or no breakdown by age,Total,Percentage change per annum,Not Applicable,Not Applicable,Not Applicable,Not Applicable,Ratio,Two,World Development Indicators (WDI),Annual,Units,Normal value,Public,,,,,,,,,,,16.839431749010572,21.022699804210504,55.82352931909418,2.1634815711955895,-4.2940604202995445,2.7126143893748633,5.307848752822437,-13.636249263072486,7.301712062235893,11.228566650999312,-3.3486085255187135,-12.038705547519555,-10.061623096984547,-1.6131054812604617,-8.626378383350698,-20.143124453656966,-3.6361687251720127,-8.846197937928949,5.555894917490818,11.572416844817894,-4.588763806949643,-1.9376803845051427,-3.6314494378222832,2.0248457667244537,2.021944489820825,-0.8364331086781647,-0.25195786476534465,-7.064080320318794,-4.2055413356028595,3.632057805001949,-4.864730658909977,-3.6045834866019817,2.685598502492951,3.715595531886521,-0.44569215480831303,2.287405276954175,-8.10762969870919,-7.909373007554365,-10.956186029758726,-0.8046174879029451,3.210447170479952,0.6198208070881179,0.8054265985228568,-0.12404326998198201,1.474729121965666,0.5748112293958201,-4.152175839620199,0.19583379710451254,0.20897985508415218,-8.258833232469556,2.651619418454331,2.1806710697749594,0.23431033035568305,-0.7660140642298074,
datastructure,WB.DATA360:DS_DATA360(1.3),I,A,KAZ,WB_WDI_NY_GDP_PCAP_KD_ZG,_T,_T,_T,PC_A,_Z,_Z,_Z,_Z,RATIO,2,WB_WDI,P1Y,0,A,PU,Annual,Kazakhstan,GDP per capita growth (annual %),Total,All age ranges or no breakdown by age,Total,Percentage change per annum,Not Applicable,Not Applicable,Not Applicable,Not Applicable,Ratio,Two,World Development Indicators (WDI),Annual,Units,Normal value,Public,,,,,,,,,,,,,,,,,,,,,,,,,,,,,,,-11.641521536989956,-5.595175571016668,-8.894408849029134,-11.41689454586799,-6.48128800058484,2.4254448433041205,4.063069629198708,0.5792783521263942,3.9751954154279474,9.479626400334212,12.957500086722646,9.231057777707292,8.670445249005581,8.88930817801581,8.889635658840973,9.767866739577372,7.871783713981003,2.235269249182579,0.02284798491010065,5.91730119035698,5.957645734734868,3.346010334127115,4.488196791312831,2.6806378826726984,-0.29909353260887883,-0.4383952011721277,2.4907694569136254,2.556066908442304,2.99405538115775,-3.8640609451498733,2.9186417011774353,1.701002979105894,3.5723873274194204,3.6617001344502853,5.2165944531872555
datastructure,WB.DATA360:DS_DATA360(1.3),I,A,IDN,WB_WDI_NY_GDP_PCAP_KD_ZG,_T,_T,_T,PC_A,_Z,_Z,_Z,_Z,RATIO,2,WB_WDI,P1Y,0,A,PU,Annual,Indonesia,GDP per capita growth (annual %),Total,All age ranges or no breakdown by age,Total,Percentage change per annum,Not Applicable,Not Applicable,Not Applicable,Not Applicable,Ratio,Two,World Development Indicators (WDI),Annual,Units,Normal value,Public,2.8346186250121264,-0.9769618565380824,-4.960280197321936,0.615174818388283,-1.4427107050576353,0.3871448846566494,-1.2211817885228697,7.952428090001916,3.909940594307514,4.634754012411307,4.163441956384432,4.225630675355546,5.300888798781472,4.899720822638031,2.3586753694911238,4.253569422322627,6.123512024722075,4.195073480483728,4.754994242103422,7.2865585735396365,5.425481848882157,-0.09075429891569797,1.844009611626035,4.616680911093823,0.2964548224267247,3.760419360386962,2.908522581311317,3.7804394427072765,5.460986481247801,5.313848999115621,5.036145804883361,4.667568634127164,4.699612178826484,5.742097170659363,6.435418904240976,6.058596364413461,3.0109076972068607,-14.489150562288984,-0.712606708277562,3.4278636272188976,2.2148134392147227,3.092309298766409,3.4024459517882946,3.704367451237104,4.344355842202404,4.112018902180608,4.949583922758109,4.647217582770693,3.311600212714012,4.8932624690878725,4.8229427651275785,4.675403741986756,4.256039232264428,3.779685951574379,3.705834288955387,3.9105427549557703,4.001098651799225,4.15930013909383,4.041304181853604,-2.89423403981894,2.9747619222787876,4.524475766188758,4.167339482686032,4.181213756883764,4.28652455694656
datastructure,WB.DATA360:DS_DATA360(1.3),I,A,USA,WB_WDI_NY_GDP_PCAP_KD_ZG,_T,_T,_T,PC_A,_Z,_Z,_Z,_Z,RATIO,2,WB_WDI,P1Y,0,A,PU,Annual,United States,GDP per capita growth (annual %),Total,All age ranges or no breakdown by age,Total,Percentage change per annum,Not Applicable,Not Applicable,Not Applicable,Not Applicable,Ratio,Two,World Development Indicators (WDI),Annual,Units,Normal value,Public,0.6181211925491823,4.480669362187157,2.9082719526828384,4.340548967184787,5.078097611497384,5.2771138669152435,1.3899512794247215,3.758819370387883,2.097369703081739,-0.9441451181935037,1.9949789395294033,4.134727656527275,4.642113354327478,-1.4451328957584906,-1.1847429378515244,4.391358482868668,3.5771798078482675,4.422887167036009,2.033731705976578,-1.2093240797831868,1.5363024202863471,-2.7346948964183895,3.631858023989537,6.311989223843867,3.2505762676716614,2.5108949581234725,2.534042342841218,3.2353379255126953,2.6977602209700535,0.741486713508948,-1.4342475698960016,2.096668630979323,1.4057231831406227,2.76110896687247,1.4689291748288582,2.572463998730285,3.197165606483395,3.2722298432208703,3.5919803730374014,2.925862546816191,-0.03873193436069755,0.7612368603807624,1.915882475664361,2.891110912947937,2.5341107063544825,1.798198744796224,1.0383438273477168,-0.8288881218227999,-3.4268319449144826,1.8299237030091433,0.7627963998923661,1.4757059723452954,1.3481625238782442,1.7109454424808064,2.127411378689345,1.022665892379166,1.7501409519600912,2.364442497457901,2.0567658996944402,-2.4805999738631925,5.985151327038224,1.9421713087210293,2.0911094499144838,1.8109956141731942,1.6290132827283372
datastructure,WB.DATA360:DS_DATA360(1.3),I,A,TSS,WB_WDI_NY_GDP_PCAP_KD_ZG,_T,_T,_T,PC_A,_Z,_Z,_Z,_Z,RATIO,2,WB_WDI,P1Y,0,A,PU,Annual,Sub-Saharan Africa (IDA & IBRD),GDP per capita growth (annual %),Total,All age ranges or no breakdown by age,Total,Percentage change per annum,Not Applicable,Not Applicable,Not Applicable,Not Applicable,Ratio,Two,World Development Indicators (WDI),Annual,Units,Normal value,Public,-1.3231100098119413,3.479622269834607,3.6401637940855807,2.354110130564635,2.040330068396827,-0.5560767246021783,-3.3028786287279814,0.4531706634835757,6.132806607539962,4.945935394138928,4.8507106209453354,0.2279160949766066,1.4608882306262956,4.540670773869778,-3.0046801536453387,2.2478965809982157,-0.05652103871832992,-3.0384277143916023,0.856586180203081,0.7209310695092057,-3.738220681387304,-4.20370631980343,-5.385322126725541,-0.633620959369523,-0.9045162051590125,-1.030649832021453,-5.676965201359963E-4,1.5454672357520565,-0.5322009851531391,-0.5467814899125756,-2.293819270575341,-3.1426533529432703,-3.7164650272135447,-1.6228801679094857,0.6230891249416857,2.364581141373236,1.3713882631547705,-0.1702907463345582,-0.5076491763894353,0.7252397015728036,1.4641796588971516,3.570158187169909,1.3492173320711345,3.825469611250142,3.1532079812198788,3.1897879324531857,3.284029783869258,2.328532859412192,0.33689846710025506,3.180351502268522,1.472128714627658,0.5483633950853033,2.430703106817546,1.9258183348463547,0.19770178739302935,-1.331777221560344,-0.1536321402314087,0.10792272688591709,-0.08793226219839312,-5.747737204573184,0.9937593098830177,1.4825861630781532,0.2158166977298066,1.115818431903449,1.6400781806539442
datastructure,WB.DATA360:DS_DATA360(1.3),I,A,MDA,WB_WDI_NY_GDP_PCAP_KD_ZG,_T,_T,_T,PC_A,_Z,_Z,_Z,_Z,RATIO,2,WB_WDI,P1Y,0,A,PU,Annual,Moldova,GDP per capita growth (annual %),Total,All age ranges or no breakdown by age,Total,Percentage change per annum,Not Applicable,Not Applicable,Not Applicable,Not Applicable,Ratio,Two,World Development Indicators (WDI),Annual,Units,Normal value,Public,,,,,,,,,,,,,,,,,,,,,,,,,,,,,,,-16.102944831188537,-29.085705586762117,-1.0340366120967985,-30.68522912248909,-0.9477652025498173,-5.688417960958532,2.0236873523371344,-6.504429764283358,-3.216413267390166,2.315585604822317,6.337532693928026,8.049932249164655,6.9006112835132285,7.666087053360954,7.761886244679857,5.09166801572276,3.238946835622002,8.005391954835588,-5.881237714619687,7.206974611367073,5.879385123389682,-0.576700868382531,9.073075576600502,5.063665810429114,0.42915888797709556,5.870175764291361,5.990411998222456,5.920367181907224,5.222809849620489,-7.263269767719066,15.655797612201482,-2.115526079640375,4.105811311650598,2.5862439023842256,4.229168347865084
datastructure,WB.DATA360:DS_DATA360(1.3),I,A,MLT,WB_WDI_NY_GDP_PCAP_KD_ZG,_T,_T,_T,PC_A,_Z,_Z,_Z,_Z,RATIO,2,WB_WDI,P1Y,0,A,PU,Annual,Malta,GDP per capita growth (annual %),Total,All age ranges or no breakdown by age,Total,Percentage change per annum,Not Applicable,Not Applicable,Not Applicable,Not Applicable,Ratio,Two,World Development Indicators (WDI),Annual,Units,Normal value,Public,,,,,,,,,,,2.437070256874918,5.925811178468791,4.232295006593972,10.110734170728989,18.68525675592491,16.423152464183644,11.74708387410135,10.010060963479361,9.376492786397321,5.933049981858488,2.554855452836378,0.1138367382739176,-2.0034149239234296,0.9213026624231446,0.7988520227202116,2.1637956986658082,3.3960646030586332,7.527756972110012,7.13131154020617,5.256597734649816,3.431028125030494,3.6164500513524303,3.442435268311627,4.667594893210165,5.6037099634688445,3.0982439678757743,4.463410128681204,4.44456861855889,4.100967994729615,18.91149157322272,-1.4998302943365474,1.9780407558746873,3.013524268396722,-0.2647503890427174,2.227519271851989,1.9640185457851658,4.670720027767828,3.733448987013105,-2.1358424111308807,5.677005625741202,0.5652021545133152,3.169778880176949,5.095822540513865,5.478392918324019,6.9706270979769585,1.7228216093822368,9.923743296050972,3.4685156198007974,-0.04788390928052877,-5.625649481355538,12.769077787880946,0.08876193846960234,6.303942452891633,3.206634534572615,2.0145148422732575
datastructure,WB.DATA360:DS_DATA360(1.3),I,A,NGA,WB_WDI_NY_GDP_PCAP_KD_ZG,_T,_T,_T,PC_A,_Z,_Z,_Z,_Z,RATIO,2,WB_WDI,P1Y,0,A,PU,Annual,Nigeria,GDP per capita growth (annual %),Total,All age ranges or no breakdown by age,Total,Percentage change per annum,Not Applicable,Not Applicable,Not Applicable,Not Applicable,Ratio,Two,World Development Indicators (WDI),Annual,Units,Normal value,Public,-1.8463353293239066,1.9396365743561006,6.296571441958349,2.7268525193290287,2.6343838614521786,-6.310854576862951,-17.523769638107694,-3.3547266942407816,21.4713411933041,22.184933703489932,11.60026825150291,0.9176994042532414,2.7959405856926764,8.282486854481363,-7.815860658158698,5.955797586185497,2.9071916232768444,-8.607743804480435,3.516686536577552,1.0031652912475693,-15.758505126264595,-9.550817653318106,-13.204804462126134,-3.6177142689236206,2.954465397683876,-2.620752819149274,0.48653711282730683,4.5015227503110395,-0.7877918289057533,8.796146341510862,-2.257519034659367,1.920066350059031,-4.59723301462904,-4.3743919363038515,-2.672947591750301,1.5072316459169741,0.2921318667216326,-0.06485320961783714,-2.0325609694499605,2.2446141111502698,3.0792673184838435,12.210386283225617,4.42833467510151,6.265273368845541,3.5318371066568375,3.17092810336581,3.6772069816980917,3.832588985137562,5.067183213945242,5.028537793049082,2.397348416274326,1.37822146586619,3.814492076872739,3.5375726811498254,0.08197957781352727,-4.018925342655322,-1.615855372696629,-0.4068368521075172,-0.010004758220958365,-8.342423478900145,-0.9881270221244591,2.15831409948197,1.1705218988212351,1.9257105418099485,1.8902905862193506
datastructure,WB.DATA360:DS_DATA360(1.3),I,A,DZA,WB_WDI_NY_GDP_PCAP_KD_ZG,_T,_T,_T,PC_A,_Z,_Z,_Z,_Z,RATIO,2,WB_WDI,P1Y,0,A,PU,Annual,Algeria,GDP per capita growth (annual %),Total,All age ranges or no breakdown by age,Total,Percentage change per annum,Not Applicable,Not Applicable,Not Applicable,Not Applicable,Ratio,Two,World Development Indicators (WDI),Annual,Units,Normal value,Public,-15.12073050430753,-20.8548956878044,32.28091690406998,4.121494780694789,4.608011492249091,-6.499365123839311,7.021413668319013,8.302379603445644,5.992429920769965,6.432002328914834,-13.31412049835481,24.525779768096044,1.3949809701830418,4.921070560304798,1.3932553263095855,3.5611287267815754,1.5048566314428342,6.151924883978779,4.3215338438643585,-2.299757868019043,-0.28779126838939817,2.910988912336961,1.8841240699487116,2.0562258552849926,0.2293984966036362,-2.8529627039547734,-3.6570409520609246,-3.734412504700785,1.6799828593097885,-1.668080649960217,-3.5271294764803116,-0.6491400424492753,-4.427459047514816,-3.068508375278199,1.6747451720669204,2.081849894500465,-0.7670686144224561,3.4395050395570763,1.776942417875162,2.3572643501028807,1.5951781437970425,4.0070503153696535,5.093332126620638,3.050861482350072,3.8689021424211916,1.3261889485536784,1.3934683366122727,0.6525279439481437,-0.7204205754707402,2.7792190819471188,1.0039923712935632,0.37956328441805454,0.5487436296106978,2.000052009873883,1.0996206185960062,1.7859406473401407,-0.5416670244959789,-0.546019580108478,-0.9399929620047374,-6.612475097070828,2.1326363268307773,1.9682518810058696,2.551203019436173,2.2599652708210414,2.4564324328581506
datastructure,WB.DATA360:DS_DATA360(1.3),I,A,EUU,WB_WDI_NY_GDP_PCAP_KD_ZG,_T,_T,_T,PC_A,_Z,_Z,_Z,_Z,RATIO,2,WB_WDI,P1Y,0,A,PU,Annual,European Union,GDP per capita growth (annual %),Total,All age ranges or no breakdown by age,Total,Percentage change per annum,Not Applicable,Not Applicable,Not Applicable,Not Applicable,Ratio,Two,World Development Indicators (WDI),Annual,Units,Normal value,Public,4.879178796421371,4.814485903904057,3.8859113920396453,5.071819809913464,4.380082726015289,3.4599986762717805,2.7685631415849343,4.848107964736599,6.293251596615818,4.934607158449353,3.0782542758372955,4.063252519932419,5.320369776302414,2.526703649466853,-1.1475321719262581,4.3275208203840805,2.4459063837048802,2.584594627397479,3.4291001186361143,1.5981054763584552,0.13171238792813256,0.5094111622500037,1.1791911447638768,2.2966451216682486,2.07813457555514,2.30152995152568,2.245887770954539,3.791798257022009,3.5340142908358416,2.9479793384775235,1.1677366181964004,0.6087778623697631,-0.9182991396675391,2.4455908016506527,2.5305060039859484,1.75014469626214,2.5301731514946795,2.843712320852049,2.8342005133988266,3.8093479956939404,2.025657211873906,0.8596117483600665,0.5661885445065025,2.2028410040654762,1.6101146721641868,3.218260570307166,2.781687831636063,0.28094411826525345,-4.55442276276078,2.0200689231032527,2.1163341764491577,-0.9116177968840589,-0.11345400995774924,1.5191112726704574,2.170710595810178,1.7174957766978451,2.6693239892410503,1.8777235924485325,1.6810377432044703,-5.570536378410608,6.530947162724161,3.338689158519358,0.05899846549061749,0.787818911505255,1.3355608300418709
datastructure,WB.DATA360:DS_DATA360(1.3),I,A,BDI,WB_WDI_NY_GDP_PCAP_KD_ZG,_T,_T,_T,PC_A,_Z,_Z,_Z,_Z,RATIO,2,WB_WDI,P1Y,0,A,PU,Annual,Burundi,GDP per capita growth (annual %),Total,All age ranges or no breakdown by age,Total,Percentage change per annum,Not Applicable,Not Applicable,Not Applicable,Not Applicable,Ratio,Two,World Development Indicators (WDI),Annual,Units,Normal value,Public,-15.901965240984737,6.331874888298401,1.9649971377368303,3.2886702183036363,1.1303209504005594,2.1230231741225793,10.968644132218813,-2.64849014689527,-3.576144753479909,18.719309381132263,0.2797100214696542,-6.399798922309614,7.041069108140746,-3.182111939789138,-1.7693115842113372,5.551346427379329,8.644480418395787,-3.7612659193122226,-0.8308069525521518,-3.1598075983752665,7.684913820919007,-3.4922002929636164,0.9730825367406482,-2.2421274274594367,9.394384222239083,1.330433640513533,3.1232895463981265,2.7300748439757,-0.6208994441313962,1.3630440133902084,2.846685158837488,-1.6547354462747563,-3.2412486461481933,-4.452932936056527,-13.26998522685166,-8.063500470555354,-1.5824774393534966,2.7680298243110144,-3.3538202960687755,-2.8954279194971377,-0.46961980270617687,1.542047070666058,-4.295388278139399,0.9977211407548054,-2.7789480279354137,1.6847364254262374,-0.31118752031483154,0.6687603706484708,-1.3399510546405082,0.28765225426381846,0.36853584137715245,0.7623769637205413,1.2220776240640987,0.7657228776236167,-2.6384320779032464,1.4384231095815778,1.4197630405441828,2.209507819784662,1.084941769386873,-2.569100074144771,0.4625967372266615,-0.413741362511459,0.4764101702707535,1.456540274595099,1.7611109501225002
datastructure,WB.DATA360:DS_DATA360(1.3),I,A,BLZ,WB_WDI_NY_GDP_PCAP_KD_ZG,_T,_T,_T,PC_A,_Z,_Z,_Z,_Z,RATIO,2,WB_WDI,P1Y,0,A,PU,Annual,Belize,GDP per capita growth (annual %),Total,All age ranges or no breakdown by age,Total,Percentage change per annum,Not Applicable,Not Applicable,Not Applicable,Not Applicable,Ratio,Two,World Development Indicators (WDI),Annual,Units,Normal value,Public,2.2999930793588845,2.2605611799757526,2.125808996560636,2.0039579240909973,1.851041394693965,1.6337202718631687,1.7394804891338396,4.146573712612593,2.1439136017066858,2.4673678792745477,2.2079482356206057,8.564268933118413,3.8779924041574247,12.018507084250743,1.8433294173211294,-2.070908779007368,4.311598746772077,5.722136529010285,5.266933437948751,9.493481894736576,-1.397991874210092,-2.5702006939033737,-4.494565163004111,-0.4113002563338739,-1.3072839390806337,2.2025314288420077,8.281554271421811,7.380629877117556,10.533029787436845,8.92908092614448,9.40974058942497,10.408691963730732,4.003713519095385,-2.1265783887578493,-1.7597650432066274,-1.8580012594800621,0.813912719992345,0.32784403958385155,5.720650236669059,8.632863124714675,1.789381352015937,2.2577972024091792,6.434472086031278,1.7308229572525278,-0.7198793178571634,1.5537613407531126,0.4699055722412311,-4.297515667466357,-3.07491344525414,-0.9992270918899635,-2.2821851242229485,1.7320697175338182,1.869240524135023,1.719867525970244,0.6233447237447507,-2.31386521552362,-4.068281536701818,-1.0404400465437647,2.742575303564365,-14.625515261795613,16.63676460676254,7.246621034898084,-1.5467591659572832,2.024083473283582,1.3265887022294294
datastructure,WB.DATA360:DS_DATA360(1.3),I,A,TMN,WB_WDI_NY_GDP_PCAP_KD_ZG,_T,_T,_T,PC_A,_Z,_Z,_Z,_Z,RATIO,2,WB_WDI,P1Y,0,A,PU,Annual,"Middle East, North Africa, Afghanistan & Pakistan (IDA & IBRD)",GDP per capita growth (annual %),Total,All age ranges or no breakdown by age,Total,Percentage change per annum,Not Applicable,Not Applicable,Not Applicable,Not Applicable,Ratio,Two,World Development Indicators (WDI),Annual,Units,Normal value,Public,1.142543577548011,0.017335304061475654,8.35065701776972,7.301416014440804,9.281761548023809,4.295124195277182,4.64543538946775,9.351711143722113,7.989929527098312,5.730717292759806,2.729194033342168,8.89897620622105,2.5866425008106404,4.426790886368465,0.17223380266537447,11.798961426759021,-1.2673280863801892,-4.704157458416788,-3.4410016816783013,-6.206852018612011,-4.416222518165796,7.5666167787934455,1.5402223400241581,-2.941765410206642,1.1354499327531613,-4.759867228121479,-1.9932665680531585,-1.152721875466483,-0.15422021771964012,6.737769963549468,-1.579513564031842,2.1344471926354203,-1.131246729483351,-0.24278237117916035,0.4627260485289497,3.5080335420396125,1.0213570975128476,2.941284286186473,1.810245791970928,3.530734358981661,0.7477712455772831,1.1611794881387851,0.38919164116113336,5.21430974951069,2.5610264072005577,3.0745115239267875,3.5513213953320957,1.2329595101649033,0.5554477383179659,2.585898118606437,-2.498747082949876,1.485651834016437,-0.8108460381088065,0.5490147801232297,-0.6172131790857946,3.82694829405483,1.6997127258124465,0.32647305096577384,-0.3938202233629795,-4.240476253192554,2.552153687701292,2.5732429062159383,1.1547864087856112,0.7020028873048005,0.3359365801171066
datastructure,WB.DATA360:DS_DATA360(1.3),I,A,NCL,WB_WDI_NY_GDP_PCAP_KD_ZG,_T,_T,_T,PC_A,_Z,_Z,_Z,_Z,RATIO,2,WB_WDI,P1Y,0,A,PU,Annual,New Caledonia,GDP per capita growth (annual %),Total,All age ranges or no breakdown by age,Total,Percentage change per annum,Not Applicable,Not Applicable,Not Applicable,Not Applicable,Ratio,Two,World Development Indicators (WDI),Annual,Units,Normal value,Public,,,,,,-6.518781570277341,2.44255161452341,11.047825624018401,11.955083464558271,25.62096004229811,2.1628817750679445,-1.271766457030708,-15.197231222131506,7.671009590401383,1.8431898827369793,-1.032701899068627,0.13242091589170002,8.45518362011471,-14.614883632250098,-1.5202012657189385,-7.997298655146039,1.3559209576365276,-3.265753747633781,0.13329662489478267,2.7710946384292896,-2.6190288408857043,3.9439725157884595,32.3218128456333,8.724237839212662,1.0008422426934374,2.1322204292138593,-2.09143329184117,-1.9906005493168806,0.09536792994929044,3.4207838349416875,-1.8306899300907702,-0.19596072286172728,-5.229457733553417,-1.1683717471455282,0.008204832017156605,,,,,,,,,,,,,,,,,,0.4017704670576734,-1.4225982475729637,-2.595766011073991,-2.456294569060404,2.811857638797804,1.825799147418067,-14.318477713848083,
datastructure,WB.DATA360:DS_DATA360(1.3),I,A,CEB,WB_WDI_NY_GDP_PCAP_KD_ZG,_T,_T,_T,PC_A,_Z,_Z,_Z,_Z,RATIO,2,WB_WDI,P1Y,0,A,PU,Annual,Central Europe and the Baltics,GDP per capita growth (annual %),Total,All age ranges or no breakdown by age,Total,Percentage change per annum,Not Applicable,Not Applicable,Not Applicable,Not Applicable,Ratio,Two,World Development Indicators (WDI),Annual,Units,Normal value,Public,,,,,,,,,,,,,,,,,,,,,,,,,,,,,,,-10.651462523627515,-4.626267914241282,0.27221901389479797,3.707643128848815,5.863136708624879,4.713070403473935,2.425930959303173,2.8063391685586794,2.066796240527353,4.533846693770812,3.759119970515414,4.220268231555394,4.3241913181781655,6.165242540963419,5.196611033205372,6.912215155433458,6.736160288341964,4.335363575229607,-3.4370170481555817,1.9070350366335163,3.846617858552463,1.0752430411797604,1.0172695299863364,3.5514600424933747,4.312064122216697,3.132982179764582,5.425970311378165,5.224099018995517,4.2467211720957465,-2.6815371342856764,7.646924283881006,4.179060331229607,0.6078932646631472,2.219558051732534,2.6207041297610374
datastructure,WB.DATA360:DS_DATA360(1.3),I,A,IRQ,WB_WDI_NY_GDP_PCAP_KD_ZG,_T,_T,_T,PC_A,_Z,_Z,_Z,_Z,RATIO,2,WB_WDI,P1Y,0,A,PU,Annual,Iraq,GDP per capita growth (annual %),Total,All age ranges or no breakdown by age,Total,Percentage change per annum,Not Applicable,Not Applicable,Not Applicable,Not Applicable,Ratio,Two,World Development Indicators (WDI),Annual,Units,Normal value,Public,4.752459853492397,1.5089025641357807,-0.9465843623459307,11.037784909235569,7.082968369913246,1.462540561698873,-11.906716050052125,15.48477978159272,-0.25102889845963716,0.9764879948545513,1.7964969132363962,0.23088593065455143,0.8816191839949141,12.246734417982694,8.827801858928481,13.402638733974143,-1.433572417794906,13.180791713273734,17.042202180483983,20.8838349579151,-3.6657405277500743,0.5641647796923479,-15.618177593061233,-4.510535916069074,-0.9570280550656918,2.1039166586213582,6.348509852294114,-2.311900681279127,-5.661136786174836,55.87294231442502,-64.42358204754154,28.726261664746175,24.180498901067054,-0.9855889291204534,-1.2440531244235586,7.533083149466194,17.546269712514004,30.82543760474195,13.838701148246997,13.03016113623525,-1.358475511269944,-11.05826961793656,-38.538218287190276,49.07385258244827,-1.293947596345788,4.866525150765085,2.695663369577545,6.063514029872067,-0.3598087084960184,3.019246512690785,3.8144194245156626,8.88055394419878,2.664647321016105,-1.2842545257663005,-0.15362223158902566,11.098415558520315,-3.9854668727489724,0.2677625506208159,3.140439436082758,-13.967532271509583,-0.7474563094485802,5.5109780205941234,-1.7201523708538389,-3.6151190083173077,-4.192415341325145
datastructure,WB.DATA360:DS_DATA360(1.3),I,A,MLI,WB_WDI_NY_GDP_PCAP_KD_ZG,_T,_T,_T,PC_A,_Z,_Z,_Z,_Z,RATIO,2,WB_WDI,P1Y,0,A,PU,Annual,Mali,GDP per capita growth (annual %),Total,All age ranges or no breakdown by age,Total,Percentage change per annum,Not Applicable,Not Applicable,Not Applicable,Not Applicable,Ratio,Two,World Development Indicators (WDI),Annual,Units,Normal value,Public,,,,,,,,2.1386621417894816,-1.305879236367275,4.466759447385286,0.9371408105775885,4.117171134577347,-3.148740092698489,-3.2639470993385373,9.63613550505329,11.604000668888887,4.3989412174817915,-3.35350626705889,8.216058667071778,-6.29825711883754,0.09288050175848639,-10.360107077549998,-4.419699166490233,-4.873102095100165,10.947240298066689,-2.5844212788427257,-2.4848400612919193,8.888711328632454,1.6848634315973072,-7.1334325326944,10.442564245501046,-6.953835658006355,2.1954727930235833,3.3431440816927847,-1.4305316519202194,4.097674231996251,1.781828325451599,3.9860627609223087,1.8349719976207979,-3.5859557032481177,12.37556659827004,-0.11560887330939806,6.361633280059337,-1.7558297933090898,-0.7655808350796747,0.3433152367661165,-1.5313774571113328,0.288268761584348,2.074583587149135,2.202220248264311,-0.338811372741219,-3.9193056742574015,0.31742367645017566,3.1890964573566265,2.966207623015464,2.7004736399861144,2.068917711518978,1.6409752643707094,1.8782927302577974,-4.106798456830987,-0.00652431025741862,0.62881217345263,1.6941301918107285,1.9728205945426396,2.5812525073278323
datastructure,WB.DATA360:DS_DATA360(1.3),I,A,ISL,WB_WDI_NY_GDP_PCAP_KD_ZG,_T,_T,_T,PC_A,_Z,_Z,_Z,_Z,RATIO,2,WB_WDI,P1Y,0,A,PU,Annual,Iceland,GDP per capita growth (annual %),Total,All age ranges or no breakdown by age,Total,Percentage change per annum,Not Applicable,Not Applicable,Not Applicable,Not Applicable,Ratio,Two,World Development Indicators (WDI),Annual,Units,Normal value,Public,-2.0026073697059275,6.325793643952153,8.335609012703586,7.9457253924859685,5.453292575111931,6.92452416276636,-2.8406245717290233,-6.7819870238111974,1.4425886192302073,6.896247824285041,12.150198031173986,4.634456339239961,5.206311555281957,4.285800406685382,-0.6328206729761092,4.912547502176608,8.015183245908176,5.192434659868965,3.83954643229265,4.634067475637352,3.082534192254613,0.7982422543870769,-3.438184637241477,3.0274436438703276,2.4824330255400753,5.494860482952106,7.363170046350049,-1.6423477984675117,-0.9755004638432041,0.3856656470919262,-1.3734066291206943,-4.580531435535164,0.2885019853443822,2.714620489940799,-0.4250463577111532,3.9349772829294807,3.291236312070552,5.8706656058533895,2.649178619655146,3.4786164080937994,2.469720638290255,-0.3511567269836462,1.575520482327832,6.681882952744317,5.3485196499058105,3.219941470286173,6.024593612424496,-0.1740915181116236,-8.633776625710382,-2.081011412405104,1.0707853821834874,0.6324187705139224,2.621667795066301,0.7863035249566508,2.69299660510147,4.753879736238403,1.0859854494826777,1.8950063716704761,-1.061475050754126,-8.148865634502684,3.4703852754963265,6.154980498834647,4.035487761469625,-1.4981862587548704,-0.2428115662261945
datastructure,WB.DATA360:DS_DATA360(1.3),I,A,SGP,WB_WDI_NY_GDP_PCAP_KD_ZG,_T,_T,_T,PC_A,_Z,_Z,_Z,_Z,RATIO,2,WB_WDI,P1Y,0,A,PU,Annual,Singapore,GDP per capita growth (annual %),Total,All age ranges or no breakdown by age,Total,Percentage change per annum,Not Applicable,Not Applicable,Not Applicable,Not Applicable,Ratio,Two,World Development Indicators (WDI),Annual,Units,Normal value,Public,4.580373932249813,4.616034380597412,7.2937667591422155,-5.555053670703472,5.245415269427241,7.474577044361212,10.05090033167886,11.585976031158182,12.133980971073811,12.184023063802087,10.370799507618372,11.236039878848374,8.555359641666797,4.366072197425666,2.481255806222933,5.998924537890929,5.3819748599143225,6.481254757880748,8.180134488698613,8.724607402683574,5.614279638121133,2.5035126271782673,7.153752205383924,6.755184055956008,-0.7584031931692721,1.438615056598323,9.144182519857182,8.475501124135263,6.971857275113109,5.631848024123087,3.6953822822512308,3.4837182442404355,8.675304888244241,7.665158475040485,3.9685677515224995,3.1909851392228035,4.739926747172561,-5.457986674462063,4.876891841977525,7.165988201564915,-3.7036659520453696,2.979229620627308,6.101275545554046,8.572205291598095,4.872093268507527,5.6483432938378115,4.572986270965515,-3.415492694462813,-2.8467719492420827,12.508521549855217,4.023381648658969,1.9044622366221233,3.133979148992651,2.594723154867438,1.7623246863890216,2.5714830207182757,4.234405826273573,2.7030730313839086,0.007834042807914443,-3.3097309065574905,14.831460616743414,0.625280575115795,-3.3606947789416637,3.2632565959143562,3.748713787580769
datastructure,WB.DATA360:DS_DATA360(1.3),I,A,CSS,WB_WDI_NY_GDP_PCAP_KD_ZG,_T,_T,_T,PC_A,_Z,_Z,_Z,_Z,RATIO,2,WB_WDI,P1Y,0,A,PU,Annual,Caribbean small states,GDP per capita growth (annual %),Total,All age ranges or no breakdown by age,Total,Percentage change per annum,Not Applicable,Not Applicable,Not Applicable,Not Applicable,Ratio,Two,World Development Indicators (WDI),Annual,Units,Normal value,Public,7.309946763847989,3.1869541120584017,-0.05832091475322443,5.891284048739308,5.043415772333802,4.85471003776847,4.727008359921243,4.2562017611939496,4.106847669816389,0.5846523380794082,0.9277050045288178,-0.14627513733337594,1.5176175889525894,-3.7624177196546498,-2.523832811751248,4.492483401889302,5.853259434574028,7.112691424897662,6.67176355400845,4.389447816216347,-0.4160137890692539,-0.271425028774658,-4.277770295019138,1.1859219577444264,0.2764764665548256,0.5375738016462748,-0.5714000952903433,1.042588276097021,2.5106561708604858,-0.9028577166576071,-0.6935171923504271,1.2242037374316652,-0.30567927260307215,2.5443209758585965,2.2062819651193877,3.9995096743442105,3.7347575264309256,4.053835863872848,4.196584077524989,3.870182815788482,1.294938053819422,3.1522726906219276,5.2420892174535965,3.8903367145015437,5.195455310133482,7.204834826504964,3.1838492481612377,1.0523246972988147,-3.9086885482526696,0.5424146353617516,0.24745845493458773,3.441064759401044,0.8712410553991674,1.9064960507441384,-0.7044161930826647,-3.6932954288567714,-1.3145585253212175,0.3558687970094212,0.059736332426581384,-9.602214510172018,6.760813744994735,14.278467278356516,8.26125371691218,12.84989126910041,7.560412121972632
datastructure,WB.DATA360:DS_DATA360(1.3),I,A,COG,WB_WDI_NY_GDP_PCAP_KD_ZG,_T,_T,_T,PC_A,_Z,_Z,_Z,_Z,RATIO,2,WB_WDI,P1Y,0,A,PU,Annual,"Congo, Rep.",GDP per capita growth (annual %),Total,All age ranges or no breakdown by age,Total,Percentage change per annum,Not Applicable,Not Applicable,Not Applicable,Not Applicable,Ratio,Two,World Development Indicators (WDI),Annual,Units,Normal value,Public,5.587275555911901,2.481843757075609,-6.555024058795155,1.028503146217247,0.8384716365149529,-1.4678972675297928,-0.7712262120268605,4.538717769781272,4.4031529991953136,3.2037214322312053,4.507745816479854,5.298013042930691,4.899456842885513,4.570410786330427,4.76979764471767,-1.5165752281655216,-11.104494207312442,3.8943100062070073,7.330564319623363,15.034236029518993,15.054778772066157,20.966437859428794,3.6888728718507764,4.343522518467964,-4.054298780867697,-9.553474375572648,-2.695479869767297,-1.1395938310064793,-0.3228273267244788,-1.8426898499580915,-0.47549006529929727,-0.2486008245285376,-3.8665503288167145,-8.251412082828978,1.0989957484031692,1.437715184167132,-2.726553283996367,1.4815536050663383,-5.177963218842109,3.5317916525504245,-0.041524211389670995,2.1400863574698974,-1.965648239377444,-1.3634947644902695E-4,3.9415931821320953,4.017991197339725,-9.969451337769087,2.8669841515069265,7.2642828049680475,5.470469704356077,-1.0629591025995069,6.915172731071181,-3.096943236569345,4.100279277910701,-1.9821458747138365,-10.8700508595295,-7.8613942599152296,-4.6581397485936975,-1.2798844028515077,-8.485785789869922,-1.3746538951048137,-0.9277440251745048,-0.5288754127062134,-0.3195359009253167,0.6749172268432346
datastructure,WB.DATA360:DS_DATA360(1.3),I,A,COM,WB_WDI_NY_GDP_PCAP_KD_ZG,_T,_T,_T,PC_A,_Z,_Z,_Z,_Z,RATIO,2,WB_WDI,P1Y,0,A,PU,Annual,Comoros,GDP per capita growth (annual %),Total,All age ranges or no breakdown by age,Total,Percentage change per annum,Not Applicable,Not Applicable,Not Applicable,Not Applicable,Ratio,Two,World Development Indicators (WDI),Annual,Units,Normal value,Public,,,,,,,,,,,,,,,,,,,,,2.528993721028371,1.215054449945029,0.2593818176079452,1.29672868132171,-0.05663840620047722,-0.7320216112115361,-0.6880910560430209,2.170630098764235,-3.528749975510891,4.564056005397305,-8.424457527160044,5.152055554765965,0.6922442970633398,-5.671237096066378,3.8190431644011653,-2.2089047084303814,2.6276777066894823,-1.6827137170516693,0.88368341102192,-2.8894514364376107,3.2735262177411357,2.4075657831742916,-0.011062920777249019,1.164119096877485,3.530600471439314,-3.716261453552576,-1.1855869774832541,1.9193743066934275,1.2079203319485003,1.7351306638867499,2.0826358049629903,1.1139111155447523,2.2811640268932507,-0.09059951947625677,-0.9654188962996102,1.2228105813200614,1.7676259640448535,1.638214423727959,-0.178239892265168,-2.1346293828097203,0.0455645511488143,0.48699450371481134,1.2210140505958265,1.3648129462116287,1.8483443872745653
datastructure,WB.DATA360:DS_DATA360(1.3),I,A,TJK,WB_WDI_NY_GDP_PCAP_KD_ZG,_T,_T,_T,PC_A,_Z,_Z,_Z,_Z,RATIO,2,WB_WDI,P1Y,0,A,PU,Annual,Tajikistan,GDP per capita growth (annual %),Total,All age ranges or no breakdown by age,Total,Percentage change per annum,Not Applicable,Not Applicable,Not Applicable,Not Applicable,Ratio,Two,World Development Indicators (WDI),Annual,Units,Normal value,Public,,,,,,,,,,,,,,,,,,,,,,,,,,0.1787269637009814,-4.539036082130792,9.982411595621969,-9.202798632558896,-3.0214759104592446,-9.487999076144945,-30.359764018913282,-17.50385705688683,-22.65605186229986,-14.230486819618406,-18.31943000833951,0.466665814442905,4.689351887248947,3.165499792653705,7.00808967496647,7.483376810798248,8.691575719222342,8.884446443597142,8.156355511367025,4.632585119194815,4.985920391803475,5.748564577784549,5.783786453905833,1.7939475992634613,4.246574671431674,5.030355209500598,4.960764486593192,4.751312028062131,4.055432388391296,3.341935193982522,4.225688617087698,4.503051615267722,5.040593208660724,4.89098971791482,2.051166803703026,7.011573661206526,5.716224550342346,6.136281810882593,6.341419370020546,6.432261373507856
datastructure,WB.DATA360:DS_DATA360(1.3),I,A,MNE,WB_WDI_NY_GDP_PCAP_KD_ZG,_T,_T,_T,PC_A,_Z,_Z,_Z,_Z,RATIO,2,WB_WDI,P1Y,0,A,PU,Annual,Montenegro,GDP per capita growth (annual %),Total,All age ranges or no breakdown by age,Total,Percentage change per annum,Not Applicable,Not Applicable,Not Applicable,Not Applicable,Ratio,Two,World Development Indicators (WDI),Annual,Units,Normal value,Public,,,,,,,,,,,,,,,,,,,,,,,,,,,,,,,,,,,,,,5.2207487687617515,-9.151667542908896,3.279115757756742,0.6938696131791033,1.4963725175679343,2.07441348286153,4.241155185077858,4.026602404565807,8.431555896077356,6.989684254078952,6.709049344554387,-6.195901907436806,2.5874443549634805,3.25692677248162,-2.65570357284696,3.1920026066843974,2.180419406788772,2.3741987442469394,3.323188176159192,3.112970731464216,4.656683402852636,4.341448285211342,-14.970505034481988,13.324240534367874,7.992140690711835,6.488950407689529,3.164760675408445,2.809847957068996
datastructure,WB.DATA360:DS_DATA360(1.3),I,A,VNM,WB_WDI_NY_GDP_PCAP_KD_ZG,_T,_T,_T,PC_A,_Z,_Z,_Z,_Z,RATIO,2,WB_WDI,P1Y,0,A,PU,Annual,Vietnam,GDP per capita growth (annual %),Total,All age ranges or no breakdown by age,Total,Percentage change per annum,Not Applicable,Not Applicable,Not Applicable,Not Applicable,Ratio,Two,World Development Indicators (WDI),Annual,Units,Normal value,Public,,,,,,,,,,,,,,,,,,,,,,,,,1.4250690108928126,0.598118657713286,1.5018598359360453,3.0294465725895208,5.181784957095246,2.9233078487020663,3.7633940991992745,6.467786136037915,6.013282931673601,6.891203436158719,7.722837973786085,7.686226210932972,6.5923995760192895,4.257661926530147,3.4169481673635573,5.587929504107564,5.082401005461932,5.237176923062222,5.835561007467376,6.49878740751187,6.553397114411169,5.572397499465282,5.252312133417476,3.748386039930466,3.832374595675418,5.212276836048076,5.194497779993696,4.276305071460442,4.314988803699208,5.137840993644559,5.668964785415611,5.354270972412209,5.617878650631326,6.280958282019668,6.324648865819071,1.9158143477216498,1.6665160417681903,7.7256990331193975,4.276163189688134,6.365974867578103,7.3693881909875785
datastructure,WB.DATA360:DS_DATA360(1.3),I,A,WLD,WB_WDI_NY_GDP_PCAP_KD_ZG,_T,_T,_T,PC_A,_Z,_Z,_Z,_Z,RATIO,2,WB_WDI,P1Y,0,A,PU,Annual,World,GDP per capita growth (annual %),Total,All age ranges or no breakdown by age,Total,Percentage change per annum,Not Applicable,Not Applicable,Not Applicable,Not Applicable,Ratio,Two,World Development Indicators (WDI),Annual,Units,Normal value,Public,2.5140978780381857,3.4763794851645002,2.8198307975047783,4.426260395141,3.4753448070470796,3.2395250425996522,1.6419682290264461,3.7972770499681445,3.782609221692823,1.6283214233879733,1.9478182512473268,3.450597884330108,4.372131979291922,0.04214051592055057,-1.0413249738651018,3.3464896024045316,2.1337854630844646,2.3266160191494976,2.3107037647364734,0.03615910668411004,0.09892149986147558,-1.3920281093660805,0.75109063581165,2.9024805278475014,1.8502070620936735,1.4854888047958923,1.908059986870498,2.6880111170273864,1.8375016243443127,0.9332154533310018,-0.4513451999281557,0.41175563171051976,0.25383664329390854,1.8408755956980087,1.6370998736030913,2.0540061275504655,2.48560035870797,1.3142226561405863,2.141316424226119,3.1508260344733685,0.6703952055992346,0.9858851196751743,1.7525395943625028,3.1594456277661607,2.7447581298071384,3.1691854698451465,3.1225472476236433,0.8056635572681046,-2.56117125930912,3.2564264737529527,2.062830931932652,1.4620598769096205,1.6304618592754707,1.93208205944498,1.9138081464997896,1.5999816724986147,2.284008399917198,2.181166462697661,1.6108457911460334,-3.8346230765856433,5.6016331830358155,2.546792558047912,1.9105996283738733,1.9144296216820749,1.9876085353629662
datastructure,WB.DATA360:DS_DATA360(1.3),I,A,PST,WB_WDI_NY_GDP_PCAP_KD_ZG,_T,_T,_T,PC_A,_Z,_Z,_Z,_Z,RATIO,2,WB_WDI,P1Y,0,A,PU,Annual,Post-demographic dividend,GDP per capita growth (annual %),Total,All age ranges or no breakdown by age,Total,Percentage change per annum,Not Applicable,Not Applicable,Not Applicable,Not Applicable,Ratio,Two,World Development Indicators (WDI),Annual,Units,Normal value,Public,3.1120344154425936,4.311235264302454,3.805255047945977,5.206005539241488,4.384951955810351,4.4325735834620446,2.790620461245368,4.893389379180519,4.606862766857105,1.7544965361713452,2.393102905551885,4.262291422086733,5.232719109929576,0.1612190444893855,-0.5446090995950215,4.055230493864471,2.9813335934340017,3.5551475105287267,3.0490635396197376,0.3400017425542643,1.2209067527460178,-0.34262601722694797,2.5434073916771496,4.318818281625283,3.1346363514610687,2.707768942399994,2.949128510713166,4.03380242159146,3.117877716255734,2.016377459110629,0.3055193463879675,1.2329064356847823,0.543580041945873,2.675065219988099,2.2527509950043765,2.368022861659341,2.939120535082182,2.237779274901186,3.042037034776129,3.559925428977479,1.0162663463913617,1.0249168948669052,1.4983300433316344,2.6605145960187,2.2869244242092748,2.394204536239485,1.9892073997241084,-0.24018199298221532,-3.8865331231700253,2.4220806575460045,1.32874901651536,0.8290812234317286,1.128955674787477,1.6503141773798404,1.804283960778875,1.3377965761320922,2.0912825359549174,1.9244621066142997,1.47534405982735,-4.219763673029021,5.8609240858503,2.78285200232402,1.4470481571402303,1.1448124863670017,1.2653684278929944
datastructure,WB.DATA360:DS_DATA360(1.3),I,A,KGZ,WB_WDI_NY_GDP_PCAP_KD_ZG,_T,_T,_T,PC_A,_Z,_Z,_Z,_Z,RATIO,2,WB_WDI,P1Y,0,A,PU,Annual,Kyrgyz Republic,GDP per capita growth (annual %),Total,All age ranges or no breakdown by age,Total,Percentage change per annum,Not Applicable,Not Applicable,Not Applicable,Not Applicable,Ratio,Two,World Development Indicators (WDI),Annual,Units,Normal value,Public,,,,,,,,,,,,,,,,,,,,,,,,,,,1.3534047638735842,11.219619896015303,0.6635601532425426,3.6871615410120455,-9.437030564160224,-14.825628578551743,-15.485101581013154,-20.05492795055997,-6.365030811124811,5.5116104584212735,8.324176625056381,0.5673355587640003,2.1266357528825495,4.196106043451621,4.326756774361101,-0.9314861142155593,5.913918479893795,5.739378358270315,-1.2955882580859281,2.001744444369507,7.5124933103100915,7.37554930252675,1.5325725025946895,-1.8809337172750134,4.43705345314649,-1.9528811630455323,8.514174449846323,1.7571862289909888,1.5680760766056778,2.0498514994800416,2.5583783419425714,1.5458682024800368,2.2812008877446317,-9.031577140732267,3.5877699333519217,7.030428696041227,7.1011937661346565,9.653633914476416,9.262399754358185
datastructure,WB.DATA360:DS_DATA360(1.3),I,A,TLA,WB_WDI_NY_GDP_PCAP_KD_ZG,_T,_T,_T,PC_A,_Z,_Z,_Z,_Z,RATIO,2,WB_WDI,P1Y,0,A,PU,Annual,Latin America & Caribbean (IDA & IBRD),GDP per capita growth (annual %),Total,All age ranges or no breakdown by age,Total,Percentage change per annum,Not Applicable,Not Applicable,Not Applicable,Not Applicable,Ratio,Two,World Development Indicators (WDI),Annual,Units,Normal value,Public,3.060001949128207,1.515282809294888,-0.8276072310237907,4.528951331550573,2.642093717690244,1.918528221102676,1.4791504674845442,4.418770141806377,3.8055487173143376,3.9576767726265984,4.03612542365137,4.424107843652479,5.488206372631765,3.7938242749650186,1.2091704875056166,3.041470162455326,2.391764519882315,1.9166353148968511,4.751662813055816,4.1194781754253,-1.3557293383293967,-2.4126552760252196,-4.80637040603564,1.533341294251045,0.9141650597183286,1.494907227892,1.3477033485223728,-1.3930793990207206,-0.8357954058468948,-1.9313087815266243,1.6083766913615136,1.0471456402593162,2.7235488584122436,3.30806473408704,-0.889751470595229,2.1730419205537146,3.8218242430825313,1.2525824732172879,-1.2520138433537653,2.0600452866368357,-1.1072301768879669,-1.1934202928770503,0.9313210839559218,4.3042339827331375,2.9123218422653565,4.097299975522333,4.197874385561121,2.633737169496527,-3.4692408668882706,5.236650583833665,3.415748696210642,1.6016092892997307,1.712184702842194,0.19496915481869337,-0.818605909518368,-1.7146429897945268,0.6693104559523277,0.40979073251314446,-0.5375301456766834,-7.4598509551352805,6.63088122482624,3.4749341843073296,1.554536963288129,1.5497476280759201,1.6550736409503486
datastructure,WB.DATA360:DS_DATA360(1.3),I,A,MEX,WB_WDI_NY_GDP_PCAP_KD_ZG,_T,_T,_T,PC_A,_Z,_Z,_Z,_Z,RATIO,2,WB_WDI,P1Y,0,A,PU,Annual,Mexico,GDP per capita growth (annual %),Total,All age ranges or no breakdown by age,Total,Percentage change per annum,Not Applicable,Not Applicable,Not Applicable,Not Applicable,Ratio,Two,World Development Indicators (WDI),Annual,Units,Normal value,Public,1.7701917694358968,1.3500665064233743,4.644003515427798,8.294290958348881,3.6210918732006547,2.6380704580429466,2.4116802173071505,5.891182196349007,0.13142992758075422,3.1872932749170673,0.5996486295348831,4.988543447333811,4.689038300095731,2.7266813637002514,2.764377829919013,1.5539526984790655,0.6311977568190059,6.111974197568685,6.907930141881408,6.087866123985862,7.05382554663818,-2.2366039745555213,-6.662250183141978,1.3509505683771579,-0.1676536300415421,-5.864544919384343,0.03740353614306002,-0.7616129377774712,1.6464197123051747,3.2510489106452525,1.992701478246218,1.625622561114696,0.9787438037355969,2.516516227056485,-7.570493728271003,4.3912729101024155,5.410535217805503,4.458526749963326,1.125116710461242,3.421405142147975,-1.9162965888934025,-1.6606305352465114,-0.21945014507326732,2.161062312986985,0.7454132409913115,3.3957767647491153,0.6507887057584725,-0.5198899154510883,-7.65517174021555,3.47084287436401,1.9902632730954792,2.1573183047383253,-0.44781074740522797,1.2709142102092557,1.609710110537705,0.7909552031871243,0.9234253717801124,1.011366233662244,-1.334621776979617,-9.102871558065928,5.343066805408924,2.931635046108454,2.2114313514261568,0.4821806504179875,-0.26591634448161017
datastructure,WB.DATA360:DS_DATA360(1.3),I,A,FJI,WB_WDI_NY_GDP_PCAP_KD_ZG,_T,_T,_T,PC_A,_Z,_Z,_Z,_Z,RATIO,2,WB_WDI,P1Y,0,A,PU,Annual,Fiji,GDP per capita growth (annual %),Total,All age ranges or no breakdown by age,Total,Percentage change per annum,Not Applicable,Not Applicable,Not Applicable,Not Applicable,Ratio,Two,World Development Indicators (WDI),Annual,Units,Normal value,Public,0.4128431787400473,0.44644045148704947,3.0694438510098934,1.6627075599539722,-5.6344435168931,-2.8596858703315746,10.537533383279808,5.561329580164596,0.4698079137711204,10.498041839287154,4.926896271067108,5.654216285973888,9.87188002319283,1.106488862056338,-0.9390612104639473,1.046861216702581,3.7301455481810706,-0.5140563947065573,9.580421474889889,-3.919850812163233,3.8238883191872333,-8.20443486404298,-6.246279586219956,5.803890160681831,-6.85988398988809,5.48430709502567,-8.012796094574071,-0.12965352772522465,6.36974338132228,4.84299288693262,-3.4912266783086636,5.331284341120551,1.480970144120235,4.5178806445577635,1.9899025504690542,4.142482358768348,-3.205529426284812,0.053365723810358645,7.548278533963469,-2.761542257372099,0.9570645672588967,2.1833322166940263,0.03964988205721909,4.326925509822516,-0.21447037598790075,0.9389324626501718,-1.6752487927795272,0.41020105433327103,-1.8034331750549484,2.5950625977423556,2.416034540179453,1.1974999907197628,4.57032170520452,5.461609813222211,4.38823289212192,2.3801164809776196,5.400034716334062,3.991072348759374,-0.33408034519327146,-17.18932812122418,-4.528356732348968,17.397944683227237,8.883134292714388,3.0137530946859385,2.7121998383011032
datastructure,WB.DATA360:DS_DATA360(1.3),I,A,LTU,WB_WDI_NY_GDP_PCAP_KD_ZG,_T,_T,_T,PC_A,_Z,_Z,_Z,_Z,RATIO,2,WB_WDI,P1Y,0,A,PU,Annual,Lithuania,GDP per capita growth (annual %),Total,All age ranges or no breakdown by age,Total,Percentage change per annum,Not Applicable,Not Applicable,Not Applicable,Not Applicable,Ratio,Two,World Development Indicators (WDI),Annual,Units,Normal value,Public,,,,,,,,,,,,,,,,,,,,,,,,,,,,,,,-5.835989471399699,-21.173420992965518,-15.82874453788547,-9.137647998972284,4.0882030675489744,5.828552841200093,9.102660474646783,8.244264265968852,-0.3928069390525337,4.148617928672849,7.365190179032794,7.5799976369227835,11.45354177835813,7.704784670317366,9.50010821862925,9.123676971589916,12.40534513781617,3.660124768036326,-13.887756811150098,2.555336047617402,8.752238922580673,5.743976084232315,5.026825169489001,4.620352865531856,3.7563242032567103,3.8774405462423545,5.888726069932943,5.790665482285931,4.979383539293991,0.06844621440626497,6.4701705278775705,1.623672986225543,-0.6618285933860761,2.434725385125219,2.9024052763901693
datastructure,WB.DATA360:DS_DATA360(1.3),I,A,IBT,WB_WDI_NY_GDP_PCAP_KD_ZG,_T,_T,_T,PC_A,_Z,_Z,_Z,_Z,RATIO,2,WB_WDI,P1Y,0,A,PU,Annual,IDA & IBRD total,GDP per capita growth (annual %),Total,All age ranges or no breakdown by age,Total,Percentage change per annum,Not Applicable,Not Applicable,Not Applicable,Not Applicable,Ratio,Two,World Development Indicators (WDI),Annual,Units,Normal value,Public,-0.2043297778213713,1.6824373776875348,2.2609665008438355,5.244967916647809,3.462109632918569,2.4779780006954866,0.773007450482595,3.5720203777423762,5.369775674941593,5.2518060683745915,3.598784815828651,3.5225274825686057,4.278951268340592,3.5861240081543286,1.7984982090074624,4.034846274769151,2.5321169503054364,1.6519424380380343,2.5050435190286464,2.6316655293133806,-0.21255523414551192,0.40959437303583,-0.8187306047949647,2.4602814910192734,2.275331962682813,1.6946171292207168,2.621336209675036,2.0779810965793217,0.8469515162409493,0.22296751985902574,-0.534837387160664,-0.1275416808677079,1.636955319295069,1.6170697806955303,2.288585741265692,3.6782910230870556,3.5674269370735914,1.114672536748401,2.048906363957755,4.1699120792113575,2.1802887658196823,3.1151320505827584,4.321411750047432,6.150571227097146,5.691379863748963,6.670314686612613,7.262395293916185,4.450587726279792,1.5842385759107032,6.196576767705736,4.742491872077011,3.870953501209911,3.830242362227736,3.4582859617207475,2.936944512090747,3.0564060421000505,3.7714490382755343,3.5703807809880743,2.78433354520935,-2.3923838651808893,6.2971532013263385,2.8796550315280314,3.5544020260099387,3.3960773003980336,3.314865178640119
datastructure,WB.DATA360:DS_DATA360(1.3),I,A,FRO,WB_WDI_NY_GDP_PCAP_KD_ZG,_T,_T,_T,PC_A,_Z,_Z,_Z,_Z,RATIO,2,WB_WDI,P1Y,0,A,PU,Annual,Faroe Islands,GDP per capita growth (annual %),Total,All age ranges or no breakdown by age,Total,Percentage change per annum,Not Applicable,Not Applicable,Not Applicable,Not Applicable,Ratio,Two,World Development Indicators (WDI),Annual,Units,Normal value,Public,,,,,,,,,,,,,,,,,,,,,,,,,,,,,,,,,,,,,,,,,,,,,,,,,-5.0286732877129765,-0.10546119269062615,3.8095868903186556,7.640285139393427,5.954880066398573,5.035903402862928,-0.014455403465092331,0.2283430507228985,2.035009314669665,1.115363259373538,2.9378337341957206,-3.080170923708053,3.627124678242268,2.681790275704671,2.2200355417781026,0.3970810629648156,
datastructure,WB.DATA360:DS_DATA360(1.3),I,A,BLR,WB_WDI_NY_GDP_PCAP_KD_ZG,_T,_T,_T,PC_A,_Z,_Z,_Z,_Z,RATIO,2,WB_WDI,P1Y,0,A,PU,Annual,Belarus,GDP per capita growth (annual %),Total,All age ranges or no breakdown by age,Total,Percentage change per annum,Not Applicable,Not Applicable,Not Applicable,Not Applicable,Ratio,Two,World Development Indicators (WDI),Annual,Units,Normal value,Public,,,,,,,,,,,,,,,,,,,,,,,,,,,,,,,-1.24556719322608,-9.798383500742432,-7.803770138138731,-11.595575079305206,-10.108852684303372,3.1466859809643495,11.863952197098413,8.88936445502398,3.8663786949218775,6.299636281992306,5.2638921881462295,5.716082514330594,7.794917818678314,12.212618426407104,10.149767164698105,10.675586717124162,9.099460040686964,10.581305038427956,0.44670571744522647,7.98573283435519,5.797550173294596,1.8672697367038182,1.037490048028559,1.594062024662236,-3.9572512636508037,-2.6119138156723807,2.64480751685403,3.3699915078144898,1.6513675093432028,-0.2512246852960942,3.2908174937027894,-3.8885400802651873,4.691207973908163,4.871813262912994,1.8199685317759986
datastructure,WB.DATA360:DS_DATA360(1.3),I,A,LMY,WB_WDI_NY_GDP_PCAP_KD_ZG,_T,_T,_T,PC_A,_Z,_Z,_Z,_Z,RATIO,2,WB_WDI,P1Y,0,A,PU,Annual,Low & middle income,GDP per capita growth (annual %),Total,All age ranges or no breakdown by age,Total,Percentage change per annum,Not Applicable,Not Applicable,Not Applicable,Not Applicable,Ratio,Two,World Development Indicators (WDI),Annual,Units,Normal value,Public,-0.3852901802566322,1.6416861268177598,2.1911157264623853,5.300840924760465,3.4720128456510224,2.2354545702144577,0.6669248597576285,3.506597940610547,5.327517339125578,5.259026061941768,3.4818302058441617,3.549138692420925,4.360039578194289,3.538259329293453,1.9521832353166673,3.99955676169661,2.431441716691367,1.5092346258876148,2.3394930882802925,2.4097527733388517,-0.23354256606077684,0.6653872469851478,-0.7151260884686934,2.4745983867539394,2.2285878928425547,1.5463483720208586,2.461422521340026,1.9802456404499225,0.7209766162303879,1.0596680681291133,0.9652180178077856,2.3132243799806105,3.0481122374713863,3.2115987685604352,2.7948705317112825,4.3687026937411275,3.8955664945416117,1.578520828887008,1.9272563760779065,3.8937782078693743,2.0726338728675984,3.1125409135053417,4.248926063057041,6.193433191480111,5.848724434812752,6.6963482693044085,7.328100611772555,4.468231888859208,2.5229674680895755,6.601982864079844,4.863308494501297,4.018017371912677,4.167472817601478,3.721513411864791,3.291062152088358,3.3071556460558327,3.9208071852632003,3.6272902415883834,2.8517222638572974,-2.267610764601585,6.262313821419042,3.017526698112732,3.6415401980974877,3.3652939680916916,3.4752083544986334
datastructure,WB.DATA360:DS_DATA360(1.3),I,A,LIC,WB_WDI_NY_GDP_PCAP_KD_ZG,_T,_T,_T,PC_A,_Z,_Z,_Z,_Z,RATIO,2,WB_WDI,P1Y,0,A,PU,Annual,Low income,GDP per capita growth (annual %),Total,All age ranges or no breakdown by age,Total,Percentage change per annum,Not Applicable,Not Applicable,Not Applicable,Not Applicable,Ratio,Two,World Development Indicators (WDI),Annual,Units,Normal value,Public,,,,,,,,0.7332345968782477,2.901748148314695,0.2101522736566892,2.0270936914858595,-0.9137020525116668,-1.1793223089910043,2.959746408251519,-0.019667927854243317,0.6558051367327522,0.17136211884114516,-3.006996530549344,-2.142708826731891,0.20701332405919004,0.98266091666585,-1.2055618212996109,-1.1339757733434084,-3.512564707663941,-2.0139163373348623,-0.15169547525782434,2.285203883275173,0.8550882251676484,-2.8058039522387475,-5.4572447615945805,-1.1945672259806628,-3.076782161575025,-2.00775418282673,-1.4133553572069246,1.8849587452774728,2.5537556530206444,2.942398138611253,1.2767671528660713,-0.3036865400131319,0.4174390662807781,1.9094299821579455,2.322519823627573,1.3272422690185692,3.41053948771426,3.6321452365585003,2.6671790335236523,3.1583573501793296,2.558019159977306,0.8509528582921746,4.150991881233466,-2.413740518711876,-5.735389751254843,1.4987498300574629,1.2626221282139056,-2.8754943779449036,-0.8349595181986018,0.4047170557906554,0.6565382888909568,1.0374454897049077,-2.5151815818182115,-0.6992017622073377,1.0301694567531001,-1.4836205274885117,0.6393580031478336,2.545390247738652
datastructure,WB.DATA360:DS_DATA360(1.3),I,A,THA,WB_WDI_NY_GDP_PCAP_KD_ZG,_T,_T,_T,PC_A,_Z,_Z,_Z,_Z,RATIO,2,WB_WDI,P1Y,0,A,PU,Annual,Thailand,GDP per capita growth (annual %),Total,All age ranges or no breakdown by age,Total,Percentage change per annum,Not Applicable,Not Applicable,Not Applicable,Not Applicable,Ratio,Two,World Development Indicators (WDI),Annual,Units,Normal value,Public,2.3191146938734306,4.4172213726670435,4.829723449883502,3.686652176879008,4.996239413420994,7.878361824925236,5.487048634999397,5.0545032012544056,3.591747835825771,8.369391694857683,2.1038945036439713,1.5390630167723316,7.366845340910061,1.8381720000286492,2.439439328029593,6.830875252080901,7.414337820578126,7.915473904973112,3.1816488675636947,3.027246120725934,3.801655242479214,3.314441969248776,3.559156483018839,3.763026956814656,2.7340897217992506,3.6633357486729636,7.633965852594088,11.372895100010425,10.358419297039958,9.360950586830086,6.803950899888832,6.379027164283542,6.5937409314766455,6.416472637111539,6.588330879713112,4.202878108464176,-4.04196098576827,-8.832168211660203,3.2690566052590526,3.280234795148715,2.398731617648224,5.132750097322571,6.194936231683371,5.341162059510623,3.295375785113407,4.100117796915143,4.594989212028196,0.9472801701565032,-1.42135866699509,6.794799286491667,0.2150455596284644,6.58038336266074,2.0861531602812846,0.45053655380588964,2.65971785318402,2.969441552967183,3.7379780028308716,3.9076262417335528,1.905834957583295,-6.249326331379919,1.4370303135776936,2.6264001469665317,2.295741756813399,2.9980487421101145,2.5113436162645684
datastructure,WB.DATA360:DS_DATA360(1.3),I,A,LBY,WB_WDI_NY_GDP_PCAP_KD_ZG,_T,_T,_T,PC_A,_Z,_Z,_Z,_Z,RATIO,2,WB_WDI,P1Y,0,A,PU,Annual,Libya,GDP per capita growth (annual %),Total,All age ranges or no breakdown by age,Total,Percentage change per annum,Not Applicable,Not Applicable,Not Applicable,Not Applicable,Ratio,Two,World Development Indicators (WDI),Annual,Units,Normal value,Public,5.458926638547837,27.110687982788974,29.549376431777546,39.84074749075336,24.574094838549428,15.702949147546704,8.233936873209686,30.12229733655505,9.634439738901435,1.5090154093665689,-8.398017194503808,5.569003190731593,-1.944137020490004,16.264253582664907,-1.6087150840496776,16.121914549538644,2.7973824082729237,-2.4819010152931043,2.848887545916611,-4.91683695828884,-23.588447656946627,-0.044514128484536286,-2.32002046932395,-6.417526162350811,4.850536737417002,-13.970798357882032,-17.02230395366074,4.8369451161616865,4.603553832043957,1.332736907084282,13.131480917970293,-4.723964545593887,-5.647915561466434,0.05355262004864869,-3.9103522361141927,0.4845833256962493,3.607964746012925,-4.9793447133342426,-0.7435023769084097,1.9793084329474055,-3.555695935329382,-2.8426778371221815,10.783872175660349,2.325769437823766,9.539223889949838,4.338302666454297,4.069162074504831,-2.260341953636754,-6.37107364350932,2.9073677224471766,-49.127856521228594,91.78137026909388,-19.6276937990081,-24.511053685644896,-2.430052651756469,-2.980832619527206,30.395061126349475,6.203272049378654,-12.498917422236758,-30.40017174088831,26.685393655949397,-9.424902069920705,8.96534736140164,0.8595001828136049,12.193204270646518
datastructure,WB.DATA360:DS_DATA360(1.3),I,A,GEO,WB_WDI_NY_GDP_PCAP_KD_ZG,_T,_T,_T,PC_A,_Z,_Z,_Z,_Z,RATIO,2,WB_WDI,P1Y,0,A,PU,Annual,Georgia,GDP per capita growth (annual %),Total,All age ranges or no breakdown by age,Total,Percentage change per annum,Not Applicable,Not Applicable,Not Applicable,Not Applicable,Ratio,Two,World Development Indicators (WDI),Annual,Units,Normal value,Public,3.223694086267699,3.528061031630685,2.678212302455549,3.953143020018274,9.112375380432326,6.313020043102412,5.215962103987579,3.512400365025954,3.80071619599029,10.975044293228791,1.4104347487901947,1.8020555893566836,5.548862477087397,7.868985776731435,6.590866407627487,5.337210737967553,6.168159176026535,6.804188822696773,6.5829683374696515,3.698676129479338,4.406613672961029,1.142470598367538,3.3889730252205936,4.531567718925402,4.025229348999247,-8.987637796258767,0.4487668919599912,4.515476911737281,-7.437231799663138,-14.765716621189767,-21.652946447152956,-45.3248837559735,-29.841453334551417,-9.008201646874568,6.525214337983741,15.312835245369754,14.123244741854663,5.684291063469686,5.005584537733341,3.840180243270524,6.445785292909179,6.424652843515005,11.809610686787607,6.4498499387719335,10.289578521487314,10.045296671285087,13.164350952042398,2.7332346709434034,-2.7911810481928114,7.024283668976736,8.803628873367202,7.366752154639485,5.449782655484171,4.041627523145138,3.188392948629442,3.388353283167447,5.145826775627356,6.103447450873588,5.5616716587315835,-6.354787152064674,11.06507800678311,10.842208805380807,7.7456855172756605,6.8882584414629235,4.0964685539910874
datastructure,WB.DATA360:DS_DATA360(1.3),I,A,GBR,WB_WDI_NY_GDP_PCAP_KD_ZG,_T,_T,_T,PC_A,_Z,_Z,_Z,_Z,RATIO,2,WB_WDI,P1Y,0,A,PU,Annual,United Kingdom,GDP per capita growth (annual %),Total,All age ranges or no breakdown by age,Total,Percentage change per annum,Not Applicable,Not Applicable,Not Applicable,Not Applicable,Ratio,Two,World Development Indicators (WDI),Annual,Units,Normal value,Public,1.9232739540910444,0.2443410568281763,4.077740578384436,4.910400246325679,1.4762808726373322,1.0090456187358967,2.2237331064265646,4.960533014503142,1.516151490817947,2.2998746523674782,1.579387173241372,3.2756130298516837,7.106396607399006,-1.7416783881113673,-0.6694968041859113,2.8299529927352296,2.3970072484990936,3.3978316517311953,2.654620243524917,-2.2959452153889117,-1.357813072542399,2.129668431278219,3.589015118012597,2.508564502787692,3.3645279746504286,3.7717054376786905,4.339979100525682,4.799122206365496,2.015542641723215,0.47845593204010584,-1.59721933146524,1.0211660302119014,3.242670905913215,4.686553561818201,3.2598580236914927,2.353963786712285,4.610210971701449,2.945886729898291,2.6018073451557626,4.1515806138274485,1.997599243202103,1.279365437225394,2.7390055443689647,1.745494688738475,2.0872998807229095,1.4414302818718028,2.132535584665149,-0.8329679427609022,-5.30637777763782,1.4620694768097593,0.06634889119987974,0.8076616429695065,1.0412768954322758,2.392287235714633,1.4059776835307076,1.3979785487750576,2.464094287011889,1.0564966711085049,0.7380724568418486,-10.198850122177902,8.15741414430147,4.1267500565517,-1.0306551867822975,-0.021260183100025642,1.0878675960482411
datastructure,WB.DATA360:DS_DATA360(1.3),I,A,GNQ,WB_WDI_NY_GDP_PCAP_KD_ZG,_T,_T,_T,PC_A,_Z,_Z,_Z,_Z,RATIO,2,WB_WDI,P1Y,0,A,PU,Annual,Equatorial Guinea,GDP per capita growth (annual %),Total,All age ranges or no breakdown by age,Total,Percentage change per annum,Not Applicable,Not Applicable,Not Applicable,Not Applicable,Ratio,Two,World Development Indicators (WDI),Annual,Units,Normal value,Public,,,,,,,,,,,,,,,,,,,,,0.6743850384286674,-3.813396497729002,-1.4792525073001173,-4.934160672869908,6.858533107326096,-6.959338152889956,0.03851122362168269,-1.3442328394305179,-4.938856963602916,-5.376483093158029,-4.630318175111981,29.850886286873532,6.999949479886737,12.403008373160063,13.141486523239124,60.3410922687992,140.49057785774747,19.031498904049784,20.816107936924084,12.151633960644432,53.23568808254194,12.258597420865954,7.247865427050186,30.01629766887234,10.901203443510752,3.031055581955073,10.196897569374713,12.532673345121609,-3.220460295269177,-13.015171837035183,1.9990576279925705,3.988003867820879,-7.888560394436496,-3.430585953129139,-12.491714266342797,-12.097109899898555,-8.940535550475772,-9.370419051859429,-8.523912820418417,-7.3587465736667355,-1.5665204001559943,0.6617862587819872,-9.62995914700062,-1.9892322891805208,-8.076962382951223
datastructure,WB.DATA360:DS_DATA360(1.3),I,A,EAS,WB_WDI_NY_GDP_PCAP_KD_ZG,_T,_T,_T,PC_A,_Z,_Z,_Z,_Z,RATIO,2,WB_WDI,P1Y,0,A,PU,Annual,East Asia & Pacific,GDP per capita growth (annual %),Total,All age ranges or no breakdown by age,Total,Percentage change per annum,Not Applicable,Not Applicable,Not Applicable,Not Applicable,Ratio,Two,World Development Indicators (WDI),Annual,Units,Normal value,Public,3.6490548810619288,4.021796556790363,5.201287777613089,7.872691223246434,4.504907923097392,5.8915994608155415,4.80886961677281,6.683760936341358,8.670904436907861,1.2582337226374278,2.563837110474722,4.6881279239705975,5.309325048955742,-1.0598432809138814,1.668504696540225,2.4648348636018227,3.595611222872378,4.2089263970425606,4.326009030291502,2.2225046316574293,3.0458614058146907,2.4914600462584815,2.704210037134331,4.619960321143495,4.161611492693609,3.3204920444741504,4.613488041312806,5.956791292292451,3.4879191390884756,3.538621506718002,3.330445277989085,2.8380713824988106,2.847186984819473,3.878613710732168,4.267485702439089,4.346364860430654,3.045089317771456,-0.8466185377106541,2.7449920788669857,4.542260278301185,2.3395622969440524,3.568859653026337,4.092542100653219,5.063160076105206,5.173117474053129,5.723851163937013,6.728845038984915,3.6427976022068975,1.7971807792163332,6.87351072245292,4.616211703913223,4.410382647097791,4.4328805002522955,4.1237533888949685,4.009526944926179,3.89817538925152,4.298481677313177,4.182445884231242,3.503636390674785,-0.4979349431996667,6.224978090910426,2.856707940160959,3.8606314459924533,3.5569199078724125,3.8862287432389593
datastructure,WB.DATA360:DS_DATA360(1.3),I,A,HIC,WB_WDI_NY_GDP_PCAP_KD_ZG,_T,_T,_T,PC_A,_Z,_Z,_Z,_Z,RATIO,2,WB_WDI,P1Y,0,A,PU,Annual,High income,GDP per capita growth (annual %),Total,All age ranges or no breakdown by age,Total,Percentage change per annum,Not Applicable,Not Applicable,Not Applicable,Not Applicable,Ratio,Two,World Development Indicators (WDI),Annual,Units,Normal value,Public,3.142271761463732,4.306098903996229,3.7983948509880747,5.149638225809966,4.362169009670964,4.458077040899028,2.8411551899713885,4.927425613609998,4.615745821924392,2.0779934395711166,2.6250194509798774,4.442928588627979,5.414284077260348,0.3494832682562361,-0.7138675183854843,4.158666856255792,2.9781020330793524,3.412710831116115,3.2165940655459337,0.4374353801894131,1.0988918870179987,-0.8410849085762209,2.1385069583777465,4.059220550557768,2.815851598471127,2.5270671621905336,2.846593271998742,3.909599540965388,3.1047242122209155,1.9605078742141586,0.11843104506242241,0.8190521908707922,0.44023285945932855,2.3656468927730714,2.209359713026089,2.315821743708895,2.964926720184067,2.0834508043502353,3.0369298964203892,3.771207152889673,1.0596007931964522,1.1306064143136325,1.7448030562264876,2.9459811581628657,2.455314910205985,2.643135086987016,2.2311544790460687,-0.00417087613298861,-3.95310917949044,2.588960471226031,1.556885407374935,0.9141330818524409,1.0331728768894948,1.6579838585155926,1.72624124181921,1.2267610717658215,2.0439015997698533,2.0708879859272002,1.5383343256568622,-4.121577319673577,6.097459337629459,2.6472798027717346,1.0644300897687486,1.2656117830808427,1.4912080124990013
datastructure,WB.DATA360:DS_DATA360(1.3),I,A,NOR,WB_WDI_NY_GDP_PCAP_KD_ZG,_T,_T,_T,PC_A,_Z,_Z,_Z,_Z,RATIO,2,WB_WDI,P1Y,0,A,PU,Annual,Norway,GDP per capita growth (annual %),Total,All age ranges or no breakdown by age,Total,Percentage change per annum,Not Applicable,Not Applicable,Not Applicable,Not Applicable,Ratio,Two,World Development Indicators (WDI),Annual,Units,Normal value,Public,5.432493185105059,1.9912455961099909,3.003259291459642,4.21939377181468,4.470367908322231,2.9612015195624792,5.370915560721471,1.4038796476528432,3.65664189033825,1.2053500466392393,4.975991292478582,4.482070979186162,3.761930478305615,3.321491228828947,4.370385131643133,5.354276657751299,3.712625052698698,3.4599314910190344,3.9964491480931628,4.191570357172509,1.3249913304363758,-0.1250529712506676,3.597348651979388,5.7766321319413265,5.245454184448505,3.677194014437248,1.2691777873169627,-0.8647336818632709,0.6133441570661802,1.6087002265749533,2.3696966648522277,2.968195492346723,2.262548240658191,4.44295072277572,3.613611995349004,4.4387694177324875,4.523801059177913,2.116084742818174,1.485297415376749,2.7741961144369895,1.647746067350056,0.9118007248632125,0.5051301897229195,3.715454824242471,2.2708197037983666,2.0222660674028106,2.355693079419126,-0.4259839144253874,-2.846262268420517,-0.24544764530864427,0.07838831192361795,1.482255257873959,0.05574242212816216,0.9503165554594517,1.0338967796810152,0.4031581602195615,1.843749313828468,0.44516875319466465,0.7870318498989661,-1.9395979314110576,3.5877047038020464,3.14953207512265,-0.7831536048347232,0.464903814211155,0.3900274402341921
datastructure,WB.DATA360:DS_DATA360(1.3),I,A,POL,WB_WDI_NY_GDP_PCAP_KD_ZG,_T,_T,_T,PC_A,_Z,_Z,_Z,_Z,RATIO,2,WB_WDI,P1Y,0,A,PU,Annual,Poland,GDP per capita growth (annual %),Total,All age ranges or no breakdown by age,Total,Percentage change per annum,Not Applicable,Not Applicable,Not Applicable,Not Applicable,Ratio,Two,World Development Indicators (WDI),Annual,Units,Normal value,Public,,,,,,,,,,,,,,,,,,,,,,,,,,,,,,,-7.344790996172463,2.201065853347501,3.474682759540954,5.070855522545386,7.783275672680475,6.01319811600105,6.289311514500625,4.58421234371184,4.707878067334377,5.755022676619362,1.2616759759541907,1.9484048628204818,3.593265476511931,5.152304956576813,3.306214771520885,6.269429323513734,6.818439881045691,4.369536452220331,2.5456168247388433,3.4640085386787263,5.1988822232338805,1.5120243670463651,0.7450319772714238,3.9983183212462876,4.501384676348948,3.0754752825238825,5.13933542172569,6.2460711054001905,4.606007273410853,-0.8612020023789171,8.471717999834055,5.712275974473101,0.6168531013367868,3.3894742290125492,3.923422778116972
datastructure,WB.DATA360:DS_DATA360(1.3),I,A,GIN,WB_WDI_NY_GDP_PCAP_KD_ZG,_T,_T,_T,PC_A,_Z,_Z,_Z,_Z,RATIO,2,WB_WDI,P1Y,0,A,PU,Annual,Guinea,GDP per capita growth (annual %),Total,All age ranges or no breakdown by age,Total,Percentage change per annum,Not Applicable,Not Applicable,Not Applicable,Not Applicable,Ratio,Two,World Development Indicators (WDI),Annual,Units,Normal value,Public,,,,,,,,,,,3.4868607738869173,0.5582728247513131,-0.1238469573505796,3.5455872202535517,1.2551179829468424,6.253360707859372,-4.844827074045057,5.116417110065498,-2.8299793263661,0.8098038056784134,-1.2655914072166325,-0.22494872120449827,-0.8194620738712075,-0.8256077446516485,2.5617547340523856,0.5984393691661865,0.6819860461034182,3.5633243395954537,1.3391090418754032,0.7803800084003001,-1.413054263764721,0.026911659367485186,1.8933258126725434,0.8994517213161828,1.7250394754699556,1.5470699360466966,3.0420646398720947,1.7125576616200675,1.5118079281434262,0.5121947417639632,2.3094707454704775,3.538704716278801,-0.9966484653037071,0.17259356587987895,0.9573663565592767,-0.903894697466356,4.373078214523574,1.6441738816814393,-3.5075830272275113,2.2671303926640576,3.028260487644687,3.3475905899190224,1.4353219620192021,1.1563096747785124,1.2305341257088998,8.01216245351651,7.51589992127235,3.6870087391261137,2.946402443566299,2.0669499756241265,2.9692100936955512,1.4230632799339986,2.9750250246766967,2.8559023366216962,4.992547907679295
datastructure,WB.DATA360:DS_DATA360(1.3),I,A,BHS,WB_WDI_NY_GDP_PCAP_KD_ZG,_T,_T,_T,PC_A,_Z,_Z,_Z,_Z,RATIO,2,WB_WDI,P1Y,0,A,PU,Annual,"Bahamas, The",GDP per capita growth (annual %),Total,All age ranges or no breakdown by age,Total,Percentage change per annum,Not Applicable,Not Applicable,Not Applicable,Not Applicable,Ratio,Two,World Development Indicators (WDI),Annual,Units,Normal value,Public,5.341905030458079,5.039960225250127,5.1290459275428475,5.472593468083616,5.630973666816601,4.197024665544973,4.604745806896176,3.4356972401879773,4.149218202083489,-9.22052020394058,-1.5017796577073739,-6.055908012142979,5.03040328662334,-18.599207234060458,-16.647625674146056,2.9221203328414873,6.83592798874075,11.83021660806844,23.669346536400894,4.527743963364728,-10.79470812347617,4.9251206976086195,1.8680211445506671,12.260367064179874,3.052309063131986,0.06491440812919791,1.254972311375127,0.5768227814923819,4.865747119543059,-3.296191759463113,-5.815327371383688,-5.573309074822561,-1.555541082457637,1.3503874431031022,2.6641568464707603,2.5876999442699002,-0.22258446741933824,3.2345435742758184,5.720718619555726,2.790905518430506,1.3735339995390063,1.5348629318823015,-2.4428489492103864,-0.35393131069996286,2.159759354526898,1.1979647331660033,0.02231615685886368,-3.6290178356787095,-5.414140447022561,0.24883703755354247,-0.5374163552383067,3.478927762708082,-3.756252482478999,0.9558377796056163,0.19854491473955704,-1.8465314844418117,2.7281154949569952,1.8159781736958962,-1.3305299995626285,-20.32918135592692,17.434844816468015,10.552969099048639,2.5575604618712617,2.903871234629875,
datastructure,WB.DATA360:DS_DATA360(1.3),I,A,VCT,WB_WDI_NY_GDP_PCAP_KD_ZG,_T,_T,_T,PC_A,_Z,_Z,_Z,_Z,RATIO,2,WB_WDI,P1Y,0,A,PU,Annual,St. Vincent and the Grenadines,GDP per capita growth (annual %),Total,All age ranges or no breakdown by age,Total,Percentage change per annum,Not Applicable,Not Applicable,Not Applicable,Not Applicable,Ratio,Two,World Development Indicators (WDI),Annual,Units,Normal value,Public,2.723283971638793,2.07054721676397,-7.628108865826988,2.2535640647689945,-0.42207444020723983,-1.2221353148220544,-10.565333094449187,5.379236295594552,1.8490953452338346,9.700333204394866,2.00291114622803,24.65025033858616,-11.912935759435669,-9.612810954144337,-8.373521178770133,9.493343181747235,12.33910845318644,8.948601890603712,2.679867596742838,1.720205847000031,3.7576617132588694,3.593465729057428,1.3375761477962556,5.746016574251527,5.377907707747994,4.850847309199153,-0.21940144744367274,13.397408899710243,0.8460536592845216,3.64619461199149,0.7660791494405288,6.106580389591059,4.0417391994385525,-1.407665916804163,7.643675748267341,1.2234424651832825,3.4850245407912297,4.0543271332726505,2.54179354025959,1.478801275464292,1.7876749209144691,5.485251176191227,6.885593513115822,4.397050006061789,2.8394519109745886,7.413397957311574,3.7704226140640884,0.859512861875416,-0.9141245850361912,-3.9935109501687265,-0.051811853061735746,1.7394537980291176,3.0319570809024015,1.7100777370034734,3.337654306029677,4.748045400168394,2.207386418509415,3.9003167169073123,1.4019365711429117,-3.676188031654277,2.7734216630926483,3.9141286959437878,6.077931114533271,4.793047801776808,4.10818502429764
datastructure,WB.DATA360:DS_DATA360(1.3),I,A,CHL,WB_WDI_NY_GDP_PCAP_KD_ZG,_T,_T,_T,PC_A,_Z,_Z,_Z,_Z,RATIO,2,WB_WDI,P1Y,0,A,PU,Annual,Chile,GDP per capita growth (annual %),Total,All age ranges or no breakdown by age,Total,Percentage change per annum,Not Applicable,Not Applicable,Not Applicable,Not Applicable,Ratio,Two,World Development Indicators (WDI),Annual,Units,Normal value,Public,3.346400062003241,1.8238434134176629,3.576813331974506,0.46370110210835946,-1.2326050162164108,9.414433423537787,1.7353129851817073,1.769129249006852,2.322658594513044,-0.010484914199594186,7.771941976412805,-2.322262173407381,-6.559339637354583,-0.34498890709787133,-13.636254935641531,2.0112575098826255,9.459887192073907,6.410429542462623,6.838093014831912,6.585954532968245,5.163674431121493,-12.782809461513096,-6.325881857604756,2.4369101505167237,1.98564660313194,3.7842383936810933,5.0594488009210465,5.622600772652646,8.55804238316513,1.8858161163200862,5.979140255573839,9.718440449492434,5.038662652962174,3.5062580351611388,7.66762918859645,5.612431245713552,5.964963675787871,2.83546295262515,-1.5203580468630093,3.7236187317844553,1.968751819036612,2.0699188584777346,3.6330153019671627,5.602919854861682,4.791828391397161,5.019521358274574,4.143862129278617,2.757556992850212,-2.110610426924282,4.793637480146359,5.1810403333439865,5.141584312510346,2.327892560981823,0.7830020863754328,1.113704459474647,0.5298335172986697,-0.23511016742517654,2.1498819546391417,-0.9523965007245039,-6.97738648556296,10.846934233223209,1.559148689652261,0.13520592166769063,2.2541073955745645,1.9683666879239468
datastructure,WB.DATA360:DS_DATA360(1.3),I,A,IDA,WB_WDI_NY_GDP_PCAP_KD_ZG,_T,_T,_T,PC_A,_Z,_Z,_Z,_Z,RATIO,2,WB_WDI,P1Y,0,A,PU,Annual,IDA total,GDP per capita growth (annual %),Total,All age ranges or no breakdown by age,Total,Percentage change per annum,Not Applicable,Not Applicable,Not Applicable,Not Applicable,Ratio,Two,World Development Indicators (WDI),Annual,Units,Normal value,Public,-1.3235903479351947,3.3109965768289555,2.2175290975673363,2.1929240866530364,1.7586249843629957,-0.8992492302913035,-4.8319329035299745,1.2565668912356358,6.132712196637485,5.405997025149276,3.7434994734719282,-0.7132168933299994,1.356837340144267,4.521869198316537,-3.002057096463716,2.7373531434379856,1.3077690246380484,-1.4756685385882378,0.6396890487822589,0.7048044229782278,-3.067277019870062,-2.83217369770729,-3.5962918705288587,-1.1349121485247338,1.3060613552692502,0.18161729307746555,0.830287716788277,2.0342223560161585,-0.4121543230450726,1.1245541103078267,-0.5650837622690119,-0.6758972526365312,-1.8156731648548003,-1.5564855720516562,0.9377522225138932,2.259166109962706,1.2671469651789806,0.9479221988743376,0.521113170205382,1.4312682244792967,1.6055921573350957,3.0027772635053793,2.3230434399070816,4.211116308658674,3.6959013232387576,3.535335141241916,3.4128165263986006,2.5702010574038354,2.5829873458970383,3.7447961960973544,1.7498493899606729,1.1733953070457375,3.261179792675989,3.2372519766834955,1.3438761839564677,1.0917147250679022,1.7959880525183252,2.130061301767711,1.6840724744634485,-3.9118121465961764,1.761084501850064,2.374811585658037,0.9454603779377635,2.1803938649552776,2.555629898381156
datastructure,WB.DATA360:DS_DATA360(1.3),I,A,SSA,WB_WDI_NY_GDP_PCAP_KD_ZG,_T,_T,_T,PC_A,_Z,_Z,_Z,_Z,RATIO,2,WB_WDI,P1Y,0,A,PU,Annual,Sub-Saharan Africa (excluding high income),GDP per capita growth (annual %),Total,All age ranges or no breakdown by age,Total,Percentage change per annum,Not Applicable,Not Applicable,Not Applicable,Not Applicable,Ratio,Two,World Development Indicators (WDI),Annual,Units,Normal value,Public,-1.3197105178577857,3.4784523780150067,3.638141381225381,2.353591088318268,2.043458964661383,-0.5622198575164106,-3.3036347099411927,0.45057883334598614,6.138165816022266,4.945279509646625,4.846079486869343,0.22586887264751,1.4577426174817703,4.544481845754362,-3.006826942617451,2.240811490113458,-0.05044806472173491,-3.052258341716481,0.8471579739564419,0.7281137520081415,-3.736247118946679,-4.203465762339704,-5.387114276382562,-0.6354216937267694,-0.9108485402279882,-1.0300982594793453,-0.0018862453038792637,1.5444352823405154,-0.5388983238270697,-0.5515720837423004,-2.296151058359513,-3.1500589969227235,-3.7248801569347023,-1.619124070180817,0.6259128343764502,2.359485869338968,1.3625523679834117,-0.17031852967662076,-0.5073820890709868,0.7240920131842188,1.4713474751383018,3.575802635199679,1.359063366072121,3.8339743674914644,3.1504219582765245,3.186796995320094,3.2813513541174046,2.335768780990861,0.34136667274344745,3.181590596089137,1.4675271598723043,0.548375992717979,2.4339038392404007,1.92623136675671,0.19298656004112047,-1.340827814559077,-0.15782880351456186,0.10572462695310492,-0.09097319926428327,-5.739392739794795,0.9963908750550274,1.4788787301097415,0.21325165507590782,1.1159697634199404,1.6383606321947752
datastructure,WB.DATA360:DS_DATA360(1.3),I,A,HTI,WB_WDI_NY_GDP_PCAP_KD_ZG,_T,_T,_T,PC_A,_Z,_Z,_Z,_Z,RATIO,2,WB_WDI,P1Y,0,A,PU,Annual,Haiti,GDP per capita growth (annual %),Total,All age ranges or no breakdown by age,Total,Percentage change per annum,Not Applicable,Not Applicable,Not Applicable,Not Applicable,Ratio,Two,World Development Indicators (WDI),Annual,Units,Normal value,Public,-4.675856084321154,5.9316699835029425,-3.6148307247874953,-3.383158006072563,0.2854623095315105,-2.397114841843532,-3.9123073581485954,1.279217459158673,1.894997615985929,-1.2117657039626266,4.493811285382179,-0.9238478579194833,2.7725097578731095,3.7696720609777827,-0.8066565415291649,6.3680212027663,1.7292971958741958,4.18195071593199,5.509629703056618,5.330215468780068,-4.7066759329445205,-5.417998452382619,-1.0444815891831496,-1.6513814486057328,-1.3729304318643898,-2.4708172972517843,-2.779292500016865,-1.825807181345695,-4.8882722219739065,-1.0212919883392857,-0.1730863835400811,-7.182366750472312,-7.26639617990007,-13.630857753603806,7.822924050592306,2.1814550022617283,0.7858928691226765,0.29396177209912366,0.8308485111283517,-0.9747371135231759,-2.1431839132750525,-0.729374655833098,1.6820034644328956,-2.983010629779926,1.3544314101920918,0.05405834427500622,2.955697227275394,0.961802640900089,4.154892820646154,-6.745903854949901,3.9151449421595856,-1.0432422218172803,2.7675096675069994,1.3923118794573668,-0.045439505317688145,0.3984029741272366,1.1239442791237622,0.3266785596055968,-2.986837118688854,-4.498164421820164,-2.9269580433954303,-2.7846808475344034,-2.9921284376233217,-5.284989569537274,-3.8040765280247086
datastructure,WB.DATA360:DS_DATA360(1.3),I,A,CAN,WB_WDI_NY_GDP_PCAP_KD_ZG,_T,_T,_T,PC_A,_Z,_Z,_Z,_Z,RATIO,2,WB_WDI,P1Y,0,A,PU,Annual,Canada,GDP per capita growth (annual %),Total,All age ranges or no breakdown by age,Total,Percentage change per annum,Not Applicable,Not Applicable,Not Applicable,Not Applicable,Ratio,Two,World Development Indicators (WDI),Annual,Units,Normal value,Public,1.1213462738223683,5.44826552207256,3.3540682158029966,4.663616231217091,4.409995374807195,4.789364627309183,1.2274914408976656,3.327655782556647,3.6480178699757033,1.4900908843078469,0.9969319760736823,4.301830761089249,5.431703895667113,1.9249038640371907,0.07418619039607677,4.505104350796614,2.330265135150043,2.708452189787039,2.703695711834712,0.8679871080245221,2.1473804646355887,-4.311284438547062,1.5534327816816358,4.903554239722624,3.7849741559626437,1.1113810777846567,2.7091738969748036,3.0657612889115455,0.5175738736377156,-1.2964413375781874,-3.3002999969047266,-0.29670951292027326,1.535745678357145,3.355814475292874,1.6252813029887108,0.6315308782291993,3.248974824320456,3.0342377336463215,4.2898366032471955,4.163948504259878,0.7745194312446699,1.8879648347586766,0.8950185775171633,2.1358155696864287,2.2375766403378776,1.6029014798423447,1.064144835339448,-0.09334272312318603,-4.020088151891656,1.951447439742381,2.136077183892155,0.6588419969438206,1.253590121321153,1.848409501534249,-0.11236915190792729,-0.09829636737168812,1.8094644784109875,1.280926562182728,0.4296575943743619,-6.062406416391411,5.365287834614165,2.7862656923589526,-0.8445301204159819,-0.9542120303306376,0.7916818268966352
datastructure,WB.DATA360:DS_DATA360(1.3),I,A,VUT,WB_WDI_NY_GDP_PCAP_KD_ZG,_T,_T,_T,PC_A,_Z,_Z,_Z,_Z,RATIO,2,WB_WDI,P1Y,0,A,PU,Annual,Vanuatu,GDP per capita growth (annual %),Total,All age ranges or no breakdown by age,Total,Percentage change per annum,Not Applicable,Not Applicable,Not Applicable,Not Applicable,Ratio,Two,World Development Indicators (WDI),Annual,Units,Normal value,Public,,,,,,,,,,,,,,,,,,,,-13.406831663896597,2.092655914642478,-0.36750362700747985,0.5481578475824023,6.893137339753807,-1.5141969786407117,-2.6623826024047474,-5.348006380090212,-4.1855517203644155,-1.0255122864689667,8.927126838023895,0.61299793999126,0.07035439015790246,-1.6998200731400033,6.509287798785451,-1.3063637584372998,0.0677771442323376,2.6750212543165617,-0.9151919957166399,-1.72128358303506,3.517801810828942,-5.799608773993171,-7.537105175144617,1.7515974465846114,1.4775736614198536,2.7826153634628525,5.867261010685112,0.38716937421435205,2.9853548158102825,0.45396627109373355,-1.0859380851487828,0.9259787959907015,-1.1852141346528242,-1.7469605053003647,0.8238532065788462,1.2213540811457193,1.3401397722921047,1.8208195580785969,0.0888190242215785,0.8977477186516722,-7.89338931570623,-3.4285016701915936,3.1707825516830894,3.3977625444988178,1.4331316624064243,0.7807783979403666
datastructure,WB.DATA360:DS_DATA360(1.3),I,A,CIV,WB_WDI_NY_GDP_PCAP_KD_ZG,_T,_T,_T,PC_A,_Z,_Z,_Z,_Z,RATIO,2,WB_WDI,P1Y,0,A,PU,Annual,Côte d’Ivoire,GDP per capita growth (annual %),Total,All age ranges or no breakdown by age,Total,Percentage change per annum,Not Applicable,Not Applicable,Not Applicable,Not Applicable,Ratio,Two,World Development Indicators (WDI),Annual,Units,Normal value,Public,5.994615481159627,-2.5281576786140363,10.1713603588897,13.158077478430556,-6.783083268440265,7.34524241238725,0.6270236980076191,8.256614775383,5.273446948562793,5.901221996281137,4.821405897520165,-0.32898218680831803,1.2249376399614818,-0.33158369310037017,3.424533599508024,8.410257642063485,3.4452496259083603,6.8077849740795955,-1.481689848489495,-14.406941961865854,-0.5623263755674515,-3.7512218668571364,-7.680994130371104,-6.510046277597951,0.4424514562491737,-0.7008928548416264,-4.119200129907114,-2.664156907626321,-0.9572616300049503,-4.909399960368702,-3.8561047410653657,-4.147324948666622,-4.084534297771128,-3.07844096219641,3.0271852473140655,3.6360375235106233,5.5159008380308165,0.4048154466968441,-2.076808836481561,-2.987892093036862,-4.737069575625469,-5.211739303723434,-7.071018376582742,0.7129258667141158,-1.3866484040114244,0.42195961832661055,-1.2241587047447098,2.4260002438869464,1.3261851811359406,4.519307454766803,-7.404249700301136,5.395835952482813,8.573224303267196,6.751698250921407,4.142329475215362,4.108583591821841,4.421612284681032,2.053348747937477,3.9624473749090896,-1.8162106168940824,4.446319370804105,3.7560208465907436,3.9640376852457564,3.467913057211618,3.969264889856717
datastructure,WB.DATA360:DS_DATA360(1.3),I,A,GRC,WB_WDI_NY_GDP_PCAP_KD_ZG,_T,_T,_T,PC_A,_Z,_Z,_Z,_Z,RATIO,2,WB_WDI,P1Y,0,A,PU,Annual,Greece,GDP per capita growth (annual %),Total,All age ranges or no breakdown by age,Total,Percentage change per annum,Not Applicable,Not Applicable,Not Applicable,Not Applicable,Ratio,Two,World Development Indicators (WDI),Annual,Units,Normal value,Public,12.309792416488932,-0.2313605873550273,11.430811320652154,9.013662539906491,10.251061900019138,5.711672027707166,4.81239682140054,6.508585720293226,11.156735561847157,8.682287824836664,7.374326688126672,9.446392003848985,7.602608732716405,-6.782085977859623,5.373056163899776,5.205082903377985,1.610301476360604,5.865272708500655,2.0024569879228125,-0.306898946794945,-2.432461069386946,-1.7402523382800155,-1.6524025261227138,1.503672167660497,2.112294852799735,0.18573795914387858,-2.585123274005369,3.9097773268027254,3.259729565042477,-1.052232898346844,1.8698341766946243,-0.0662990265129082,-2.1771505076380038,1.4905588001274026,1.6238249593147174,0.9366908333416291,3.093102604808905,2.8652615929025416,2.265872467589517,3.7127297177874397,4.107765144790918,4.300106458022611,5.5446468657020205,5.117469494849843,0.8872212983706476,6.124193826967655,3.2435137699593213,-0.20778415213059986,-4.371136310225722,-5.815205241660564,-9.74334160929287,-7.8340894335550075,-1.560896297017834,1.4658565510640642,0.43122557574754694,0.3848518650595878,1.6740201486058766,2.2719513220299348,2.38497557963629,-9.00116455331775,9.9750809262257,6.859738022166056,2.4347815169394096,2.1083257095762917,1.9865406569991961
datastructure,WB.DATA360:DS_DATA360(1.3),I,A,KIR,WB_WDI_NY_GDP_PCAP_KD_ZG,_T,_T,_T,PC_A,_Z,_Z,_Z,_Z,RATIO,2,WB_WDI,P1Y,0,A,PU,Annual,Kiribati,GDP per capita growth (annual %),Total,All age ranges or no breakdown by age,Total,Percentage change per annum,Not Applicable,Not Applicable,Not Applicable,Not Applicable,Ratio,Two,World Development Indicators (WDI),Annual,Units,Normal value,Public,,,,,,,,,,,-4.192548453720875,9.968062266716046,18.830576406335055,44.36522432046593,5.745159359041679,-26.374675439318196,-3.9890275922933682,1.7399191959030134,-12.03756049910318,-2.6582650961957768,4.460004431047665,-2.677183904039154,-11.233158919736468,12.068979922903694,-14.894530803348218,-4.705634202637384,-1.138884325511441,19.150922356405403,-9.472394311106484,-8.521382013917744,-7.516757746815159,21.925203969688155,-1.6244625370234473,0.5404840306157297,1.217894725637052,-1.7323017500725655,-0.6553024142928194,2.6011187599827394,-5.53429931669956,4.951434417331768,-4.990432488120916,-0.6738409165920984,-3.5726984586068795,-2.584685678948972,-0.7223627800044881,3.680792000828916,0.9842449927845536,-4.989786664880512,-1.5831525814699745,-0.8571586101766968,1.4503800468183385,4.261137294411839,6.260289474160729,-0.04289724592368316,9.847060763492152,5.584908325168826,2.162465510990444,1.8921454484740536,1.7797762738288156,-2.9871218401658695,6.517305108563647,3.4047618075057926,1.530047596598564,3.1488607698499322,2.717352557229475
datastructure,WB.DATA360:DS_DATA360(1.3),I,A,ECS,WB_WDI_NY_GDP_PCAP_KD_ZG,_T,_T,_T,PC_A,_Z,_Z,_Z,_Z,RATIO,2,WB_WDI,P1Y,0,A,PU,Annual,Europe & Central Asia,GDP per capita growth (annual %),Total,All age ranges or no breakdown by age,Total,Percentage change per annum,Not Applicable,Not Applicable,Not Applicable,Not Applicable,Ratio,Two,World Development Indicators (WDI),Annual,Units,Normal value,Public,3.8674170590543184,3.4755776546007837,3.6896695720779036,4.741474525364083,3.425308310382391,2.7997110839085906,2.502823601941543,4.486697242681558,4.988952767531714,4.1884059161805425,2.5239663066251268,3.6432546290250656,5.204656853677989,1.6360683770001714,-0.921127257463155,3.750348867293212,1.9659234564994676,2.332094415533163,2.9274081247287143,0.646555155891221,-0.25686556176842146,0.48511196369133813,1.323801832764616,2.1660995683276525,1.9896193594891969,2.2743807512130445,2.3870847138344686,3.4100459167224244,2.759029630309712,1.6615217833361413,-0.3076316880709271,-1.037711149744709,-1.0355143540461569,1.2389301408207274,2.2362070604384314,1.6248556472251892,2.9297811487822116,2.4521759758739563,2.786084204749173,4.268722534902338,2.090073892728867,1.3867482704954028,1.5517094525134354,2.881400022943552,2.444379824522173,3.5879092121262204,3.4106891336502514,0.6175397456222385,-4.786745783942877,2.26402343957281,2.092206866146455,-0.07195768846433737,0.49607356853104534,1.5314042480156047,1.6321825762906599,1.4553202111405596,2.5694686122879347,1.8096748773091633,1.4434322949225447,-5.5532121220600175,6.741919180347949,3.4402544341429717,0.9882049921023963,1.1992786692239292,1.2716166359765708
datastructure,WB.DATA360:DS_DATA360(1.3),I,A,ITA,WB_WDI_NY_GDP_PCAP_KD_ZG,_T,_T,_T,PC_A,_Z,_Z,_Z,_Z,RATIO,2,WB_WDI,P1Y,0,A,PU,Annual,Italy,GDP per capita growth (annual %),Total,All age ranges or no breakdown by age,Total,Percentage change per annum,Not Applicable,Not Applicable,Not Applicable,Not Applicable,Ratio,Two,World Development Indicators (WDI),Annual,Units,Normal value,Public,7.486418900775817,5.487477697838727,4.8420524157996,1.955532731073788,2.402046079000513,5.164163270488558,6.405677570314452,5.873594529020721,5.499179445960763,4.755009648651935,1.344280407393697,3.1034897374852477,6.401805970969335,4.812013816480047,-2.673183899107002,6.592319690288662,2.125827487102498,2.8729363777159307,5.653224090904189,3.217170075828875,0.7232324208224128,0.33922498963967485,1.1324910953197929,3.2027830479351564,2.7683814629812105,2.8543668917814387,3.181430295774092,4.144042067478509,3.3108619854674544,1.9004398021661615,1.4681756454127992,0.7658075632986225,-0.9134016900428605,2.1302155082690604,2.8852023107310174,1.3171061973416442,1.8718096981836112,1.7750842893434964,1.6608899209873158,3.8350471466141585,1.9439998333888155,0.07173743126318755,-0.47276725684635323,0.7212425476824933,0.1760203739795685,1.3930148978998034,0.8468725483836721,-1.7836019705945034,-5.852557759991811,1.0811087798198002,0.3474911080021883,-3.389841896840892,-2.0139703160916866,-0.016463491349071546,1.038265117706544,1.4288445315963259,1.7949972993703227,1.0371851484063228,0.6782468305528653,-8.42323993924451,9.494161084662082,5.033445486679497,0.9731876055945321,0.8369107122146602,0.6028060592628179
datastructure,WB.DATA360:DS_DATA360(1.3),I,A,LBR,WB_WDI_NY_GDP_PCAP_KD_ZG,_T,_T,_T,PC_A,_Z,_Z,_Z,_Z,RATIO,2,WB_WDI,P1Y,0,A,PU,Annual,Liberia,GDP per capita growth (annual %),Total,All age ranges or no breakdown by age,Total,Percentage change per annum,Not Applicable,Not Applicable,Not Applicable,Not Applicable,Ratio,Two,World Development Indicators (WDI),Annual,Units,Normal value,Public,-0.03346952288266891,-1.1378748978579978,-0.25654091839949444,2.5346590688177173,2.1632200207138084,5.000540260509709,4.069985478028926,2.1303468343096625,4.581129593183334,3.967224942598577,2.296223434229347,1.5352111910959678,-4.781562652097023,1.9981474064988447,-6.0423745213880835,2.4804460002363413,-1.2283193157832528,1.805440711564657,0.261464846117903,-6.90892261299831,-4.974531051984343,-5.20984958159201,-4.785316445025018,-5.089123099167679,-3.818497905694514,-4.573582067345967,-3.863324207229084,-4.832670477587797,-28.733877000900733,-44.552251552543844,-2.5132603179823434,-38.71728365186776,-35.54628390144558,-21.57318680115739,-5.115078340030749,8.950523151188719,90.83226685072691,17.668984311267195,15.202396479117027,23.94092306807012,-0.05677433637264073,1.0993892349159466,-30.699353029251142,1.4054000654277985,0.6846128670937617,2.1702462728013643,4.213438159186225,2.884739434543633,2.0418016720299477,3.071179981864546,4.040866350732216,4.243455569417762,6.324110002726798,-1.3737078686148863,-2.060023200387292,-3.5459025188871323,0.4834183112713504,-0.8022901675845162,-4.38160849244818,-4.97470394166794,2.7936852774607956,2.5850582756660003,2.401862065164039,1.8018710155725017,2.8472435489014742
datastructure,WB.DATA360:DS_DATA360(1.3),I,A,WSM,WB_WDI_NY_GDP_PCAP_KD_ZG,_T,_T,_T,PC_A,_Z,_Z,_Z,_Z,RATIO,2,WB_WDI,P1Y,0,A,PU,Annual,Samoa,GDP per capita growth (annual %),Total,All age ranges or no breakdown by age,Total,Percentage change per annum,Not Applicable,Not Applicable,Not Applicable,Not Applicable,Ratio,Two,World Development Indicators (WDI),Annual,Units,Normal value,Public,,,,,,,,,,,11.838328423952362,0.15701917035318047,5.843204158183795,-12.422013964622906,-6.259048337742001,6.6994963395997615,-2.414934393585,5.182068130536749,9.882950326023618,-7.015135330986951,-9.773678102365224,-1.4399945715165359,0.29248047753263506,1.2377633051143562,3.886486116059757,5.370693211347529,0.12350224213730598,-1.8433310407768317,3.447996187752807,-4.576374053849989,-2.4880655958048834,-0.7642262582047294,3.2254914524198313,-3.321610589156464,5.810824097955674,6.265880045536903,-0.19325314459732112,1.4191670704437627,1.4088760875096114,4.277450708260872,6.521819543913125,4.904547373984826,4.668494152354754,2.633950603366003,6.223432883649437,1.7343913698832694,-0.06980922962183911,2.8185465318062484,-1.2718546722779678,5.294516645888251,2.947725999226236,-4.606633499404921,-0.786395614806608,-0.23024857506842977,2.952269413114621,7.0727611405643245,0.46041945359000636,-1.6472076564482023,3.35744960284687,-4.097929256999393,-5.858577380618911,1.5629786460798982,14.487943771543257,4.096888990293607,3.592881728538117
datastructure,WB.DATA360:DS_DATA360(1.3),I,A,IDX,WB_WDI_NY_GDP_PCAP_KD_ZG,_T,_T,_T,PC_A,_Z,_Z,_Z,_Z,RATIO,2,WB_WDI,P1Y,0,A,PU,Annual,IDA only,GDP per capita growth (annual %),Total,All age ranges or no breakdown by age,Total,Percentage change per annum,Not Applicable,Not Applicable,Not Applicable,Not Applicable,Ratio,Two,World Development Indicators (WDI),Annual,Units,Normal value,Public,,4.834371231778476,-0.5361051066177396,1.3332165240208553,1.0828810957501815,0.12070653946577181,-0.832368912041872,1.9639044749392411,1.4177547052165949,-2.261026443652568,-0.21102178512623482,-3.001016004321528,-0.306447016993701,3.6828434696775787,-1.8284479415263775,1.3640391619121033,-0.1840860465164269,-0.4263043150785535,-1.654471584848281,0.3573954510941917,1.0982689081906187,-1.5978487625985878,-1.1674903744483487,-0.7641525302608159,-0.47580496833613495,0.360524200477812,1.1179563396126895,0.73327390034747,-1.253930392516125,-1.1990063090820797,-0.18960879547262266,-1.498171933130223,-0.49735803279136803,-1.2975111652721836,2.519643805054855,2.5574592006322234,2.8954190078544,1.7906238649902946,1.6252224507963007,1.941762455254576,1.8528871950855432,2.1904697196445824,2.6652909989396107,3.6096772121567966,3.9793871546208237,3.9078150286471214,4.026885778968776,3.558509354675337,1.8666668802227377,4.110032550945618,1.686653950647468,0.12885426960531277,2.978763197476411,2.816434853982969,0.853424786703755,1.9118612887897086,2.89661809861434,2.5042537171508172,2.422566953840956,-2.616394636252025,1.333943051590822,2.048613422465422,1.0409571026901432,2.276807799157794,2.576822422782527
datastructure,WB.DATA360:DS_DATA360(1.3),I,A,CPV,WB_WDI_NY_GDP_PCAP_KD_ZG,_T,_T,_T,PC_A,_Z,_Z,_Z,_Z,RATIO,2,WB_WDI,P1Y,0,A,PU,Annual,Cabo Verde,GDP per capita growth (annual %),Total,All age ranges or no breakdown by age,Total,Percentage change per annum,Not Applicable,Not Applicable,Not Applicable,Not Applicable,Ratio,Two,World Development Indicators (WDI),Annual,Units,Normal value,Public,,,,,,,,,,,,,,,,,,,,,6.948074943456987,1.3175328901355243,7.92166519671882,2.3133574095042633,7.122070088141257,1.4269826540267019,2.852306624415533,4.526240666872326,4.124850248346348,-1.3529015098813773,-1.0105513648214668,8.447989794777428,6.396030486773171,16.78201035407696,12.06018386410868,9.390286197030349,9.265502336770439,10.729940731062925,9.545038898616227,12.571038262058522,0.6822761664999462,3.7290726162512158,2.781690962856274,8.820787355624688,5.646341529212535,6.748620617852438,13.902902855529263,5.936286692641346,-2.4349553226061857,1.1086794111808729,3.5868008800347866,0.983345735610456,0.5790923095679688,0.676815488926465,0.9226312498579006,4.248162326063266,4.482210931475322,3.6015234964389577,6.804495317323628,-20.893752340424413,6.625407659576268,15.154508108451267,4.2751322057766,6.469916088880794,5.803322217473266
datastructure,WB.DATA360:DS_DATA360(1.3),I,A,LVA,WB_WDI_NY_GDP_PCAP_KD_ZG,_T,_T,_T,PC_A,_Z,_Z,_Z,_Z,RATIO,2,WB_WDI,P1Y,0,A,PU,Annual,Latvia,GDP per capita growth (annual %),Total,All age ranges or no breakdown by age,Total,Percentage change per annum,Not Applicable,Not Applicable,Not Applicable,Not Applicable,Ratio,Two,World Development Indicators (WDI),Annual,Units,Normal value,Public,,,,,,,,,,,,,,,,,,,,,,,,,,,,,,,-12.180717616130522,-31.177518826054353,-3.090711769488564,3.914788094164564,0.4776940900851514,3.4587562610579567,10.2650977955077,7.559434382519598,3.658721771576154,6.866198613332671,7.8444195658346985,8.923681511515184,9.482072190231051,9.918172996100623,12.827940952417308,13.86469226126951,11.319401304458523,-2.368036506136022,-14.64231279714015,-1.635143791255956,4.929579990641315,8.64449958601972,3.1954517038993373,3.0609738167644878,4.6364521267937135,3.493186400440024,4.319358696813595,5.125604220806878,1.3777461259632418,-2.789963807207357,7.848195792721796,2.185458523501964,-1.1691494117692827,0.9049762360942424,3.1515721924612023
datastructure,WB.DATA360:DS_DATA360(1.3),I,A,BHR,WB_WDI_NY_GDP_PCAP_KD_ZG,_T,_T,_T,PC_A,_Z,_Z,_Z,_Z,RATIO,2,WB_WDI,P1Y,0,A,PU,Annual,Bahrain,GDP per capita growth (annual %),Total,All age ranges or no breakdown by age,Total,Percentage change per annum,Not Applicable,Not Applicable,Not Applicable,Not Applicable,Ratio,Two,World Development Indicators (WDI),Annual,Units,Normal value,Public,,,,,,,,,,,-1.001589810754382,5.851353498483974,8.031073462196403,2.9413234684539447,-13.406877581610104,24.072133546539447,7.61285509034586,-0.9574680074307054,-1.173423458305379,-1.8549466101652143,-9.003912418811183,-10.771348262628095,2.7330429043079363,1.3496100140116596,-8.123037602759894,-2.4282390760739787,6.4472431457541575,3.1931267644091292,-3.147028852624345,0.893819936325329,13.826939208755661,3.9205839351172216,9.939399205169082,-2.841207904877379,1.2311327478418974,1.40416077716732,0.41152952531446374,2.0652715367719168,1.5879822960744576,2.5596469137085336,-1.187353567614025,-3.812875133079956,-1.2065719291117318,-0.7105826456878646,-1.0488031697408076,-1.4703803248099092,0.07564693266901656,0.06371446315762341,-3.9791977256287367,0.07716695890624692,4.787472096971939,2.6057812343001103,1.5766868455926044,-0.5608554631381821,-1.6632927871623906,-0.07910987541033876,-0.4570571661101752,1.918495728888729,3.382740869379532,-5.173074009324637,2.119198224974994,4.76451212539493,0.42885937985658984,2.145068639019641,2.725099878153813
datastructure,WB.DATA360:DS_DATA360(1.3),I,A,MHL,WB_WDI_NY_GDP_PCAP_KD_ZG,_T,_T,_T,PC_A,_Z,_Z,_Z,_Z,RATIO,2,WB_WDI,P1Y,0,A,PU,Annual,Marshall Islands,GDP per capita growth (annual %),Total,All age ranges or no breakdown by age,Total,Percentage change per annum,Not Applicable,Not Applicable,Not Applicable,Not Applicable,Ratio,Two,World Development Indicators (WDI),Annual,Units,Normal value,Public,,,,,,,,,,,-1.3505816110099573,-1.555588354224497,30.713756737696286,12.063494261518542,-3.2222856103923903,-2.8588753906850286,-0.8181904838582454,2.3131892497329005,-1.0553272170374584,-10.319475267873258,2.3043147544118625,0.4994896762098904,10.816144514646012,-0.29560451730993975,-9.97363489636767,19.708020562513838,5.233282026143954,3.986465181774946,-4.544821029301886,0.27665602395781264,-1.9746665313680154,5.2469534025756985,4.419296171586424,4.504074581428853,6.971215732010336,-11.239006206219543,-7.364904389501746,-1.5891001891785095,-2.2879238419479293,1.4360686762804278,6.057837656077254,3.0271754956445562,-1.9696187427163352,-0.7006442854640085,1.565522290293984,0.010251971992985887,3.6028398288037664,-7.557463970152298,3.68716247105003,5.488489704124618,-0.23990528867196304,-0.3538685462358302,5.320614526342254,0.4952814273033539,3.9652173517725515,4.848125885846713,6.184441279530489,8.384961341701967,13.659736304602376,0.1890494903575899,5.466169994008396,2.4956733179056556,-2.349044443062965,6.820665774224082,5.852103726290167
datastructure,WB.DATA360:DS_DATA360(1.3),I,A,LIE,WB_WDI_NY_GDP_PCAP_KD_ZG,_T,_T,_T,PC_A,_Z,_Z,_Z,_Z,RATIO,2,WB_WDI,P1Y,0,A,PU,Annual,Liechtenstein,GDP per capita growth (annual %),Total,All age ranges or no breakdown by age,Total,Percentage change per annum,Not Applicable,Not Applicable,Not Applicable,Not Applicable,Ratio,Two,World Development Indicators (WDI),Annual,Units,Normal value,Public,,,,,,,,,,,-0.49595581110578735,-0.7746637527268945,-1.2445335644411841,-1.2181470380561592,-0.01488025197853915,3.8355347521090692,3.1128489199308405,2.3058805889294263,2.518085180911271,5.017366316204715,4.157507648541696,-3.7715792832060373,-0.1875163709911476,3.6975436797918917,5.897710609798224,2.625449782635968,7.966311921062868,4.155953196567424,3.1303459135438203,0.7408860893345519,0.17355026952485275,2.1465101051623208,2.730139333930339,5.529878923324375,4.822849645611058,6.019964817732287,6.541931670780983,6.277622866095925,8.51597144502081,1.879547903442628,-2.374881099090288,-2.463114463287411,-3.0454041083389285,1.9383965541368582,3.905066059111789,7.764323224194385,2.6666605262821435,1.1925745193267119,-1.9013874884594344,,,,,,,,,,,,,,,,
datastructure,WB.DATA360:DS_DATA360(1.3),I,A,JOR,WB_WDI_NY_GDP_PCAP_KD_ZG,_T,_T,_T,PC_A,_Z,_Z,_Z,_Z,RATIO,2,WB_WDI,P1Y,0,A,PU,Annual,Jordan,GDP per capita growth (annual %),Total,All age ranges or no breakdown by age,Total,Percentage change per annum,Not Applicable,Not Applicable,Not Applicable,Not Applicable,Ratio,Two,World Development Indicators (WDI),Annual,Units,Normal value,Public,,,,,,,,,,,,,,,,,5.035781715072417,11.124413884363264,16.860783334178493,7.188497048607374,12.576708749870647,2.5538266241961196,-6.473455293646964,-0.3197251773018053,-7.0527672470014835,0.752136656039994,-2.301534269886943,-3.1582268657327717,-14.902440063368942,-7.772774785630773,-6.001852915404854,8.461654340649162,-0.8076742274899544,0.06083214684234406,1.939292870538452,-1.2466680803603083,0.5699317923629508,0.6584420735396606,1.1918063846076308,2.1073467782182433,3.1268236139106165,3.5767647149792907,1.8802373845803402,5.978885737300828,5.500570373958553,1.403201795612702,1.8405243652884735,4.725600861993982,2.881106855664868,0.4534596980029022,0.38454279567238814,0.9644698410210282,-2.478488032968656,-6.077808686960736,-5.565772002162078,-2.5991951461527236,0.22543046814485024,-0.3665962627402024,-0.14402384856300898,-2.911476723234145,1.8663482521646273,1.0133956304782856,1.479634867392548,1.5470608707924782,3.113934583045392
datastructure,WB.DATA360:DS_DATA360(1.3),I,A,SST,WB_WDI_NY_GDP_PCAP_KD_ZG,_T,_T,_T,PC_A,_Z,_Z,_Z,_Z,RATIO,2,WB_WDI,P1Y,0,A,PU,Annual,Small states,GDP per capita growth (annual %),Total,All age ranges or no breakdown by age,Total,Percentage change per annum,Not Applicable,Not Applicable,Not Applicable,Not Applicable,Ratio,Two,World Development Indicators (WDI),Annual,Units,Normal value,Public,,,,,,,,,,,,,,,-1.534485920358307,8.861636510331962,6.559806020696925,5.426003715296204,9.614503357925017,-1.1485575906386742,-5.065220465968551,-0.07112081823181882,-2.580337436823072,1.0480069470898457,-0.22488595202997885,0.34172042621534615,1.4680428472360347,0.8341869423373396,1.4757374871594067,1.270566340032559,-1.9479162760772937,-1.8597029924140855,-0.19979957781390567,2.2137565758090716,3.1125898396300045,2.689139757614825,3.9643718866859956,2.525623347986425,2.993197355083339,5.36975091129635,1.229210272452974,2.0894284496817903,3.5254030701769636,3.513970275677451,3.7945465769623183,5.488103866540598,3.5854144281939853,0.14916744417037364,-5.291671416702897,1.0712381049250723,1.5319351932600966,1.1298276078956633,0.1553158105639625,1.2995177396979187,1.1968259255388034,0.7373015981754207,2.149153317479687,2.1931153594840396,1.9955826197733728,-7.827857663371958,6.341816673602452,6.314645288406197,4.090592363719182,5.216296625889555,3.6023685508393015
datastructure,WB.DATA360:DS_DATA360(1.3),I,A,OSS,WB_WDI_NY_GDP_PCAP_KD_ZG,_T,_T,_T,PC_A,_Z,_Z,_Z,_Z,RATIO,2,WB_WDI,P1Y,0,A,PU,Annual,Other small states,GDP per capita growth (annual %),Total,All age ranges or no breakdown by age,Total,Percentage change per annum,Not Applicable,Not Applicable,Not Applicable,Not Applicable,Ratio,Two,World Development Indicators (WDI),Annual,Units,Normal value,Public,,,,,,,,,,,,,,,,14.20179276707141,8.037384582608894,5.044729632704843,12.694398889308502,-4.485521744198579,-9.160637952611495,1.2310100888788327,-0.7273904923438721,0.9926526941636808,0.19249727709987496,0.15391688938738923,4.115422661965567,1.151171822761114,0.8564352190712867,3.074887242251208,-2.501808640547381,-3.8682696853496736,-0.1459602453123665,1.975225140431803,3.657013939116439,2.1340126681143943,4.848880577920255,2.0639056536796687,2.467469515347446,6.980558004541521,1.3926331933572982,1.713148913434992,2.914118102812097,3.4336587032865395,3.5191330616243874,4.983452990032333,4.1955550095728285,-0.3249742833499596,-6.224132317903852,1.3437439973178869,2.2503500598576807,0.13221506128692795,-0.26423778378887164,1.0040597890730254,2.1970522064259796,2.975475992999989,3.858229830417997,3.1143480857882793,2.997313955674528,-6.792253501039397,6.918662798474287,3.1070366983070556,2.2092903875274175,1.8966839874496202,2.070037379465518
datastructure,WB.DATA360:DS_DATA360(1.3),I,A,PHL,WB_WDI_NY_GDP_PCAP_KD_ZG,_T,_T,_T,PC_A,_Z,_Z,_Z,_Z,RATIO,2,WB_WDI,P1Y,0,A,PU,Annual,Philippines,GDP per capita growth (annual %),Total,All age ranges or no breakdown by age,Total,Percentage change per annum,Not Applicable,Not Applicable,Not Applicable,Not Applicable,Ratio,Two,World Development Indicators (WDI),Annual,Units,Normal value,Public,2.388983243734259,1.5626004874708315,3.697789910108739,0.23829895771316956,2.173356196476533,1.3596861537923104,2.170829319734821,2.040654099231247,1.7697202477929181,1.0427098198273939,2.936261981302792,3.0496202884932018,6.39123697222152,1.1842717947614858,3.081541382432647,6.057370043420107,2.787623929291172,2.405769468075576,2.8166136267850277,2.4928641931962545,0.7628409934200704,0.8674657967570027,-1.0293012552207728,-9.689387195588495,-9.36657778201814,0.8937814386859202,1.647821026782097,3.872193082890078,3.5387201667444117,0.4760208885211057,-2.7987132409376017,-1.9339783959218693,-0.24590397402431563,2.1224410361149353,2.3606395486742997,3.449578997091379,2.740559804198412,-2.984749545596955,0.7383312830234132,1.9282797124845956,0.8008103778323488,1.6344095671770162,3.0244766496209934,4.5182953575341145,3.0092209666944427,3.5597223827986255,4.687504953004762,2.5165712858027547,-0.3629552898373163,5.158694302764673,1.8376051414421113,4.8407653397621,4.762666338180793,4.6151406827822825,4.787250557423505,5.721214858897298,5.562230206657759,5.034290671144575,4.83577546655691,-10.548861506562417,4.761639162540689,6.765954105691321,4.667697362723615,4.845554660421044,3.559140074764585
datastructure,WB.DATA360:DS_DATA360(1.3),I,A,AUT,WB_WDI_NY_GDP_PCAP_KD_ZG,_T,_T,_T,PC_A,_Z,_Z,_Z,_Z,RATIO,2,WB_WDI,P1Y,0,A,PU,Annual,Austria,GDP per capita growth (annual %),Total,All age ranges or no breakdown by age,Total,Percentage change per annum,Not Applicable,Not Applicable,Not Applicable,Not Applicable,Ratio,Two,World Development Indicators (WDI),Annual,Units,Normal value,Public,4.960716893375945,2.0214691613682305,3.471466407070295,5.4193357314166235,2.8100124131246815,4.904479022038629,2.2410093712714456,3.9312414450057815,5.909495799385908,6.749434725906539,4.64694258702778,5.592381020092645,4.3109064446142895,3.7653731568099857,-0.09903043050823612,4.763369349898312,5.039648225428081,-0.1298304445952425,5.536447972396601,1.731377692918528,-0.39862055813593145,1.9381213524140009,3.1396278874835843,0.05757348736943868,2.450566023597119,2.2364019379299265,1.2930452097559737,3.1497464266193873,3.4201017539403153,3.5535480818562206,2.4139861681363755,0.976092051303695,-0.29875379985622885,2.008761305035563,2.510913051080294,2.0778487015979294,2.030152415637261,3.3793812628262003,3.5602381471403106,2.9416846420653826,0.9298880609152747,0.9863116838002952,0.6500682958947124,1.930896888785412,1.6256590959129653,2.7596237006129627,3.4393854915996513,1.1362113121878679,-3.838493076235622,1.5645333788081928,2.581103318529898,0.17048869421161328,-0.8369067953466356,-0.028580546575767585,0.1742597228213043,1.0188772319298351,1.5643068966353582,1.9862629640023926,1.303503175658733,-6.706393610739738,4.466965843644303,4.328497511565587,-1.763088598910329,-1.159377786946294,0.28596555699449766
datastructure,WB.DATA360:DS_DATA360(1.3),I,A,IRN,WB_WDI_NY_GDP_PCAP_KD_ZG,_T,_T,_T,PC_A,_Z,_Z,_Z,_Z,RATIO,2,WB_WDI,P1Y,0,A,PU,Annual,"Iran, Islamic Rep.",GDP per capita growth (annual %),Total,All age ranges or no breakdown by age,Total,Percentage change per annum,Not Applicable,Not Applicable,Not Applicable,Not Applicable,Ratio,Two,World Development Indicators (WDI),Annual,Units,Normal value,Public,7.121498600329872,4.681718277441902,3.805654062022242,5.149580086968712,13.417081190139328,8.082160980054425,7.913927843282153,11.031110752819245,12.100650973052211,7.610183117546825,10.354529666141545,11.195600799983623,4.341720243332148,2.7149884798361796,-3.294081229793619,14.749353142700343,-5.738842817257051,-15.642403124075955,-14.993665478779164,-24.38870507542711,-10.518677769946521,16.82009817917003,6.845458931354813,-10.56806962317502,-1.8064241217475683,-13.053163099456853,-3.686912630449882,-9.064989705886234,3.07716065422359,10.335395408759425,9.69687907443604,1.2753229636285965,-1.8217159314442313,-1.88532440370534,1.2734679626985894,5.207665422689317,0.14269505881001976,0.68737125932347,0.5601689894854331,4.294516564295606,0.8235530379365343,7.190009759287676,7.441801272916109,2.1283788512710373,0.9312463136596136,2.761831069932441,6.401710068063309,-0.9593034555620932,-0.239219321569081,4.4819462442926294,1.3849595027636923,-4.944086039791827,-2.800619929600586,3.5841213775808427,-2.7579822808213805,7.2663649316132535,1.5552144345614636,-4.967617643418492,-3.4086326314646413,3.6419827182955657,3.2691244028871864,3.107026560589105,4.071668488522562,2.5774090793086373,-3.7196576061796662
datastructure,WB.DATA360:DS_DATA360(1.3),I,A,QAT,WB_WDI_NY_GDP_PCAP_KD_ZG,_T,_T,_T,PC_A,_Z,_Z,_Z,_Z,RATIO,2,WB_WDI,P1Y,0,A,PU,Annual,Qatar,GDP per capita growth (annual %),Total,All age ranges or no breakdown by age,Total,Percentage change per annum,Not Applicable,Not Applicable,Not Applicable,Not Applicable,Ratio,Two,World Development Indicators (WDI),Annual,Units,Normal value,Public,,,,,,,,,,,-2.5519350345975056,-0.4147714702668992,0.28763946241727467,-3.3324343205958087,-2.743661201280716,0.0744618436574882,-13.984576951545662,1.4246157489524052,-1.631776688962134,-7.202334872985517,-5.162304880430284,-12.250321399542102,-7.236097764085088,-0.8083350211036731,-6.95130511194553,0.7959210947343252,-3.629914734890278,2.2326193728554102,2.6331069345908418,0.0010271528008303221,-4.835569346744293,7.821291994319736,-4.356993533573586,-1.6096855665687428,-0.5605013148565661,1.474827092564496,24.93885419621482,5.463651393756237,-1.1574355502961282,2.586597386362527,-1.1495928750623392,2.167043420474471,-0.9427845084009192,14.80175840467875,0.7108803873125282,7.050512533228101,-5.030488945632598,-0.3411813237631094,-0.7047135071212693,16.159100265205552,12.469849023520425,-1.306967765177987,-6.1401747672176015,-7.267552791842263,-3.8613742827656097,-2.4510094889969025,-4.156003204026547,-0.1347049525180921,-1.5220368423369308,-8.924508175870727,13.361538141779562,-1.7909788979225567,1.236724264502783,-4.170909066002736,-1.0587629655958182
datastructure,WB.DATA360:DS_DATA360(1.3),I,A,ROU,WB_WDI_NY_GDP_PCAP_KD_ZG,_T,_T,_T,PC_A,_Z,_Z,_Z,_Z,RATIO,2,WB_WDI,P1Y,0,A,PU,Annual,Romania,GDP per capita growth (annual %),Total,All age ranges or no breakdown by age,Total,Percentage change per annum,Not Applicable,Not Applicable,Not Applicable,Not Applicable,Ratio,Two,World Development Indicators (WDI),Annual,Units,Normal value,Public,,,,,,,,,,,,,,,,,,,,,,,,,,,,,,,-12.158441341251773,-7.939239528267578,1.6671186096830866,4.083147899437421,6.448659414463492,4.207522543761044,-4.574730429656398,-1.8268239744175077,-0.2201505549029008,2.593975231990669,6.696673666374878,7.655869434261305,3.08196384315724,11.05911321619493,5.3165061122384,8.67067585292331,8.829648237239041,11.144208901497905,-4.726288593853923,-3.3333529135505415,5.010833714480327,2.35828066727251,0.651822267051088,4.506725444019423,3.643069410963662,3.451695414649137,8.822666570908737,6.015530451183878,4.509412961103493,-3.065617249342253,6.378016539029318,4.5900405206182455,2.1903529702579334,0.9650427090857221,0.8447398653140823
datastructure,WB.DATA360:DS_DATA360(1.3),I,A,CMR,WB_WDI_NY_GDP_PCAP_KD_ZG,_T,_T,_T,PC_A,_Z,_Z,_Z,_Z,RATIO,2,WB_WDI,P1Y,0,A,PU,Annual,Cameroon,GDP per capita growth (annual %),Total,All age ranges or no breakdown by age,Total,Percentage change per annum,Not Applicable,Not Applicable,Not Applicable,Not Applicable,Ratio,Two,World Development Indicators (WDI),Annual,Units,Normal value,Public,-0.3654940725903657,1.124046703591091,1.4990506020505734,1.2893119079819115,-0.2350789652063412,2.23836086930811,-12.99901492626654,3.7675501076257945,2.2703872583375926,0.4334702290327357,0.752051370916206,-0.07841650289481095,2.49785376682739,7.70293237323871,8.184072131307147,-7.993248471430263,10.843469617595773,18.722657136149053,3.104612790611,-5.104555910155256,13.043422758452976,4.9880586920129275,4.701533971487066,4.529044868526256,4.889900228933669,3.602456723314873,-5.075499881531783,-10.534315449533239,-4.654742471760997,-8.832387508248715,-6.573505024625007,-5.837375884350962,-10.516604358251513,-0.943945008602924,0.10772332642507365,1.4475466909911034,1.792140146570759,1.9887544872137681,1.7751131231241573,1.1344279222618638,1.6199240802358332,1.7129598154117502,2.615818789811314,4.147820576342639,-0.5504111346315028,0.9951785016214956,1.440565001009773,-0.05468435425471796,-0.3183342746361575,1.3642148442727375E-4,0.49617436464544085,1.7238116154850047,2.087147191161435,2.5687340637998943,2.4012336870962088,1.4571172266967665,0.6470049762010746,1.11514946861584,0.6364152905499623,-2.434760311216806,0.631351991581198,1.0450299752460097,0.6524175602791189,0.8549781485972119,0.590263610869485
datastructure,WB.DATA360:DS_DATA360(1.3),I,A,SWE,WB_WDI_NY_GDP_PCAP_KD_ZG,_T,_T,_T,PC_A,_Z,_Z,_Z,_Z,RATIO,2,WB_WDI,P1Y,0,A,PU,Annual,Sweden,GDP per capita growth (annual %),Total,All age ranges or no breakdown by age,Total,Percentage change per annum,Not Applicable,Not Applicable,Not Applicable,Not Applicable,Ratio,Two,World Development Indicators (WDI),Annual,Units,Normal value,Public,5.184618726022535,3.685604978531657,4.735939924285248,6.026059088764697,2.848259778423312,1.123989546101356,2.575374818055721,3.0576942059249603,4.273715187252165,5.48438289686888,0.2524348275767778,1.98692133219636,3.7889320545390888,2.899184786072766,2.1462532350933827,0.6912381372034133,-1.9451271570977013,1.455733742931315,3.61364752879976,1.4937331729061327,0.334436796769495,1.1907753746750274,1.854515030058863,4.134865300606322,1.9917741047197097,2.452772629367985,3.009547751174395,2.0887605346613327,1.9721912501980512,-0.02075917888440415,-1.8175151550997697,-1.7366303564690355,-2.6328084512473993,3.27914084779151,3.5496329912237456,1.5429884907872236,3.0059914727676755,4.187978779835618,4.119949965193243,4.463244256177205,1.0890474943370947,1.945419039041667,1.502639996187412,3.7706516305542124,2.382845127875612,4.088941626663981,2.4622327014569407,-1.691956520418401,-5.06780005582803,4.853045536941906,2.3877775324798307,-1.1483772102243677,0.2842986694723493,1.2857924485726926,3.290204212903973,0.8559758244363707,0.5192143623816889,0.594886136077946,1.5733220649980524,-2.6399704811603755,4.595780679940404,0.5686487821561741,-0.6747012579332363,0.7016697822270999,1.2852864020407253
datastructure,WB.DATA360:DS_DATA360(1.3),I,A,TZA,WB_WDI_NY_GDP_PCAP_KD_ZG,_T,_T,_T,PC_A,_Z,_Z,_Z,_Z,RATIO,2,WB_WDI,P1Y,0,A,PU,Annual,Tanzania,GDP per capita growth (annual %),Total,All age ranges or no breakdown by age,Total,Percentage change per annum,Not Applicable,Not Applicable,Not Applicable,Not Applicable,Ratio,Two,World Development Indicators (WDI),Annual,Units,Normal value,Public,-1.7055437983298134,5.977402695327868,3.192379726810529,2.3983157134023685,1.2448850982871562,8.276356691172992,2.300080879373695,2.8953854955643124,-0.18095770684021772,-48.24329624458129,0.34096202844129664,3.3582726009349813,2.4367682395097603,-1.5056732014400325,0.2731937910900797,-0.3842827701945595,-3.506140206756271,-1.4574548634281541,-0.8887684401676381,-0.45788368021649717,-3.9523179604423575,-3.361813082892951,-3.6068419052516845,1.3169300108256294,-2.0022881117115787,2.065383258395343,1.4367493140318146,4.058657661928763,1.0419040223910656,4.299146829525611,-0.4760125052894182,-1.8898001213293156,-1.9136328910211944,-2.2538960665396957,0.3684472098636178,2.6516898069876618,1.4590279356637694,1.0206389394629127,2.0999494754291703,1.5994265853141627,3.250579618359623,4.363687275323059,3.893442536908907,4.631631103891223,4.540186497500613,3.5955492710452432,3.8349331168882657,2.8735389867308214,2.709365897243771,3.6704149801856545,4.704850043414538,1.5389203269451315,3.627227941682335,3.51147946313948,2.7703821196094225,3.3040066589022246,3.2368852760472464,2.2421302755794272,2.7100588195059885,-0.9989878367807847,1.2540176107950174,1.5429979236115514,2.0809924305251286,2.5538482690818967,
datastructure,WB.DATA360:DS_DATA360(1.3),I,A,LKA,WB_WDI_NY_GDP_PCAP_KD_ZG,_T,_T,_T,PC_A,_Z,_Z,_Z,_Z,RATIO,2,WB_WDI,P1Y,0,A,PU,Annual,Sri Lanka,GDP per capita growth (annual %),Total,All age ranges or no breakdown by age,Total,Percentage change per annum,Not Applicable,Not Applicable,Not Applicable,Not Applicable,Ratio,Two,World Development Indicators (WDI),Annual,Units,Normal value,Public,,1.3168493546622528,0.03854517353821052,1.3865845786788213,0.06140655269388162,2.516846806014499,3.899127746701467,3.288066570614319,5.226320689992718,1.5371934389953168,-0.8303046813894639,-2.410907382652468,4.99418032556585,1.9354402287481491,4.22058788193911,1.479238053942339,3.210931701857575,3.7286285341578775,4.436819744697999,3.9329817010417685,3.9393843726020634,2.866494366469226,4.1177167940283965,4.737973013310665,4.308419308569242,3.114378917067455,0.541198280744652,1.4399356341929632,1.229401230404335,5.723946125289075,3.8197357221451824,2.7539059299446222,5.100383919664935,4.072654637233626,3.768416518654689,1.8233928834008992,4.404302717469832,2.740237429484907,2.3806125304664647,4.086274478621803,-3.0890471601874623,2.8865391549469024,5.166252546488991,4.7307209819853,5.564253736827538,6.949422712482217,6.066518271301646,5.247329757592794,2.9051161460903216,7.381428647865079,7.997268956846753,7.809029068854841,7.00602738731078,5.389868880144874,3.2518523061460627,3.8697964987435114,5.249829351261255,1.2855670292373418,-0.8291467150160088,-5.129262345658262,3.0927819684943785,-7.453618979200797,-1.388741162084301,5.572087724261323,5.725292222942471
datastructure,WB.DATA360:DS_DATA360(1.3),I,A,ATG,WB_WDI_NY_GDP_PCAP_KD_ZG,_T,_T,_T,PC_A,_Z,_Z,_Z,_Z,RATIO,2,WB_WDI,P1Y,0,A,PU,Annual,Antigua and Barbuda,GDP per capita growth (annual %),Total,All age ranges or no breakdown by age,Total,Percentage change per annum,Not Applicable,Not Applicable,Not Applicable,Not Applicable,Ratio,Two,World Development Indicators (WDI),Annual,Units,Normal value,Public,,,,,,,,,,,,,,,,,,4.096628155349407,7.682602259294583,7.761278355123679,3.570424396186084,-0.26858006850116567,5.122047064201979,10.253522608351801,8.128809181682684,12.040070921382195,7.176390219323082,5.747276016549918,5.747606411065888,3.434862981514428,1.6594153249851047,-0.43883830028318016,3.3809418289533397,4.6719249042893125,-6.24765118209551,4.425739622634239,3.3322317104264414,2.7657236010440585,1.942351958549466,4.437084457515539,-5.999921113467437,-0.23573672483351515,4.916227665583861,4.64519467801469,5.280706903332089,11.319640831924161,7.84344693304287,-1.470768948983519,-13.281768056804665,-9.079453610136795,-3.1080007473941436,2.273781331477778,-1.5084679106200127,1.3912057316615147,0.6910948245202491,3.472284250399113,2.1461875762954037,6.174489768863253,2.6776131942500427,-19.294546284516713,7.583674813722553,7.923954699572761,3.33568914888815,2.041802243987064,4.510993699218176
datastructure,WB.DATA360:DS_DATA360(1.3),I,A,MDV,WB_WDI_NY_GDP_PCAP_KD_ZG,_T,_T,_T,PC_A,_Z,_Z,_Z,_Z,RATIO,2,WB_WDI,P1Y,0,A,PU,Annual,Maldives,GDP per capita growth (annual %),Total,All age ranges or no breakdown by age,Total,Percentage change per annum,Not Applicable,Not Applicable,Not Applicable,Not Applicable,Ratio,Two,World Development Indicators (WDI),Annual,Units,Normal value,Public,,,,,,,,,,,2.0469101095706606,-0.6515817946730635,-1.4208339007218456,2.6653572221757287,-10.67556516985725,-2.379099461559534,8.026746055037435,11.578903182519511,7.76510253033527,15.353798928903714,8.668188278272865,-5.683182574395644,13.144280936940973,23.461060298175767,11.792165898392554,5.603340531596928,5.088993925469907,5.1516268311138305,5.885899453907058,13.2974405956587,-1.6381944483832171,3.6564086125217727,2.823493435541508,5.198607724607271,10.420536964621547,5.51602988994901,6.227609396497471,5.517609731748635,4.381005190854097,2.149408220698959,-5.534039357599951,5.484724463170764,11.879734886165963,4.195165123992112,-12.631266787635482,20.706643006311538,3.6243286128142813,5.186575271492828,-11.526502486952552,3.0807468181819786,5.091168652785896,-1.089880004286485,3.4315018698838173,4.327976897667327,0.3415279204266568,2.738960150370673,3.5747267717879225,5.169829036805979,3.7153527480027435,-34.83116711092215,33.768558862439846,12.099062802729648,4.566181671126145,3.1404675960662587,5.934191908304172
datastructure,WB.DATA360:DS_DATA360(1.3),I,A,CAF,WB_WDI_NY_GDP_PCAP_KD_ZG,_T,_T,_T,PC_A,_Z,_Z,_Z,_Z,RATIO,2,WB_WDI,P1Y,0,A,PU,Annual,Central African Republic,GDP per capita growth (annual %),Total,All age ranges or no breakdown by age,Total,Percentage change per annum,Not Applicable,Not Applicable,Not Applicable,Not Applicable,Ratio,Two,World Development Indicators (WDI),Annual,Units,Normal value,Public,3.0031837642328014,-5.540014944350759,-2.6315643525435917,0.05379279607574006,-1.109750976258212,-1.466042803079631,2.414722085990036,-0.8542789621289728,4.6686238814499745,0.08912498990703455,-0.94510488147084,-1.9387384890719233,-0.04442548300983162,4.308630769506877,-1.5293326876547866,3.877000946161033,2.7404069682741152,0.15276770716539545,-3.5046725370655594,-5.520997646565689,-2.6514936510095026,6.4711156418164535,-9.213614815648114,8.151421869184531,2.6357072685684386,2.267614158467765,-6.181832208332381,0.03083909355763126,-0.5870240143318597,-5.143842846461268,-3.6160186035196915,-9.349902202490398,-2.810544914499573,1.6764359917078622,4.315230834019701,-6.456357747278346,2.445534632325291,1.8978013664427067,0.8047798286955725,-5.134014626754535,2.170718264828892,1.3769056622124651,-7.634166427880928,3.7262518281164176,-1.350125405362192,2.6465265172667074,2.610653881090869,-0.09964631740177765,9.305022201764771,5.470380965936926,2.5506532692732122,4.0096368935886915,-36.82454660386131,0.49750654434359376,4.198780788248115,2.875987689279526,2.786113102797401,1.9780319759615992,1.7229015979321645,-0.7444886145425613,-0.7054687555052226,0.7309657267409335,-0.3628845147077868,-1.8943642394991258,1.0386262984536643
datastructure,WB.DATA360:DS_DATA360(1.3),I,A,NIC,WB_WDI_NY_GDP_PCAP_KD_ZG,_T,_T,_T,PC_A,_Z,_Z,_Z,_Z,RATIO,2,WB_WDI,P1Y,0,A,PU,Annual,Nicaragua,GDP per capita growth (annual %),Total,All age ranges or no breakdown by age,Total,Percentage change per annum,Not Applicable,Not Applicable,Not Applicable,Not Applicable,Ratio,Two,World Development Indicators (WDI),Annual,Units,Normal value,Public,4.33208013781379,7.616849942012834,7.577363531065146,8.363543374792485,6.222250137953694,0.15356891214584323,3.683799242945554,-1.786117991604911,2.955117110440213,-1.7694021181429065,0.13266521023224698,-0.7086948198109582,3.3762730782902963,10.73176233142857,-3.1613994350831405,2.060689885019414,5.157007591689975,-10.465126811214887,-28.435257756430786,1.785185320482043,2.4259629305826564,-3.5008064995020476,1.9006862387495715,-3.9819118632870953,-6.342986172365585,-3.3046695333111415,-2.957297516916455,-14.436865840952365,-4.013389355809778,-2.3595554697354117,-2.4639882192023066,-1.857506432083511,-2.555751574555515,1.1665352760560097,3.776415666406166,4.3872757531767235,2.2459906013824167,2.1384399499341953,5.515715189959721,2.6794416256896767,1.641571835427854,-0.46068599227876916,1.3195536075013337,4.0749066715682005,2.9316925788004653,2.677774446128339,3.5780145638521645,1.9639179113217722,-4.660511405153471,2.938809240386803,4.825798471661045,5.012084555151901,3.479434471237468,3.3579128937948752,3.3791420491993733,3.166509510673947,3.24691576299918,-4.629416757141655,-4.148569071472934,-3.4517971097023974,9.133306124850776,2.2285139504282654,3.005160014014365,2.195195952547209,3.555559758649281
datastructure,WB.DATA360:DS_DATA360(1.3),I,A,HRV,WB_WDI_NY_GDP_PCAP_KD_ZG,_T,_T,_T,PC_A,_Z,_Z,_Z,_Z,RATIO,2,WB_WDI,P1Y,0,A,PU,Annual,Croatia,GDP per capita growth (annual %),Total,All age ranges or no breakdown by age,Total,Percentage change per annum,Not Applicable,Not Applicable,Not Applicable,Not Applicable,Ratio,Two,World Development Indicators (WDI),Annual,Units,Normal value,Public,,,,,,,,,,,,,,,,,,,,,,,,,,,,,,,-19.601900005771384,-9.529110837668071,-8.518295233609194,4.697052597645211,7.488970244390018,7.576818258168359,6.684500760237881,2.31628768676903,-0.4211639886664216,3.9681959196195606,7.155574973335916,5.739147626967082,5.538378044682602,4.141429008993882,4.193976358048744,5.0451524080789625,5.071799242042815,1.983882281884334,-6.713764955420942,-1.1121182911134184,0.23394809821691354,-1.7722504604889622,0.49123271908115385,0.20548399994117972,3.549702544753771,4.5962590549503375,4.956988668509027,4.268985988045955,4.130654646836888,-7.486291454268567,13.654077963330579,7.944296750017216,3.6532969890503892,3.650852644093618,3.1363113364946997
datastructure,WB.DATA360:DS_DATA360(1.3),I,A,PAN,WB_WDI_NY_GDP_PCAP_KD_ZG,_T,_T,_T,PC_A,_Z,_Z,_Z,_Z,RATIO,2,WB_WDI,P1Y,0,A,PU,Annual,Panama,GDP per capita growth (annual %),Total,All age ranges or no breakdown by age,Total,Percentage change per annum,Not Applicable,Not Applicable,Not Applicable,Not Applicable,Ratio,Two,World Development Indicators (WDI),Annual,Units,Normal value,Public,7.68784469349302,5.036156495630777,5.295021272785277,1.3124007022476576,5.926523553515423,4.425657995576017,5.407257931264269,3.9225639074409884,5.386289911751561,3.977230566197548,6.58628264579859,1.7296916191025957,2.5459243735731008,-0.2365753109857991,-0.8703338644524479,-0.8841659652599816,-1.381678666981145,7.159000820671864,2.0411841281787133,10.42815461602558,6.6524260592862845,2.892036362302747,-6.711225801368968,0.33722227609152355,2.551832841125659,1.2487751116555756,-3.9693270684029898,-15.252918587335913,-0.5913380609253664,5.820296592312005,7.12083895847266,5.9597357413133665,3.2877131938728184,0.7524564160874974,-0.3027694369490632,1.995658112486879,5.564955399624893,6.244415085847962,3.1476338603632286,2.1823022260761604,-0.9959892819135661,0.5497282010988158,3.104742454354124,6.134421844670484,6.254117795371414,7.839199993841987,11.096850121835743,8.209272270886629,-0.20500931379878296,4.1979720486742735,9.940362290411173,7.709865076279073,4.487866349386266,2.830877078500265,3.4610738756839936,2.7797991041054786,3.947881506969935,2.1940343722141478,1.475589221515051,-18.94205497531408,15.069418261845897,9.6415783290321,5.7726457747853175,1.4549996520741644,3.080803577165554
datastructure,WB.DATA360:DS_DATA360(1.3),I,A,SOM,WB_WDI_NY_GDP_PCAP_KD_ZG,_T,_T,_T,PC_A,_Z,_Z,_Z,_Z,RATIO,2,WB_WDI,P1Y,0,A,PU,Annual,"Somalia, Federal Republic of",GDP per capita growth (annual %),Total,All age ranges or no breakdown by age,Total,Percentage change per annum,Not Applicable,Not Applicable,Not Applicable,Not Applicable,Ratio,Two,World Development Indicators (WDI),Annual,Units,Normal value,Public,-5.743403628019038,4.31900196431485,0.1555856019343338,-8.534759030135959,-8.384935630427677,6.270543543477913,3.198346119876817,-0.61824688565288,-4.248863837088436,1.8557633978386576,-0.5029416035407763,11.913887425465688,-14.454559120246074,-1.8258707792800237,11.847895819143474,-4.282221248756628,10.648663869239058,-1.470296115838707,-16.04555741288732,-6.558748126182323,5.434832613911084,2.4077093266904512,-14.352400636350055,-0.42839591489460815,5.195053991399362,-6.0952649909739876,6.226677234677112,3.3143674854169376,5.566429136423267,2.789328216990114,7.01572048803034,-3.9987176506867854,1.0911114177357177,-21.88517153991164,0.3047506946348477,4.192029248100198,-2.3115914436460088,2.261929846885863,3.0639861973718467,2.9094517086795975,2.9209162347075335,3.6680344711490562,3.729896837651168,3.236370713191789,3.455217909086201,3.272288499587688,3.4237661469185525,3.579426214966446,4.035137343933101,4.079104897023527,5.94202931701129,5.732565338138613,7.437854958526756,5.139145934170614,6.722192586011232,2.993470207400435,10.367704380285431,-1.4847023791547826,-0.9092580099020324,-6.386361941681869,-0.2677276339397707,-0.34261453394064745,1.0161680651213771,0.5484667763073929,-0.3917473129115763
datastructure,WB.DATA360:DS_DATA360(1.3),I,A,CYP,WB_WDI_NY_GDP_PCAP_KD_ZG,_T,_T,_T,PC_A,_Z,_Z,_Z,_Z,RATIO,2,WB_WDI,P1Y,0,A,PU,Annual,Cyprus,GDP per capita growth (annual %),Total,All age ranges or no breakdown by age,Total,Percentage change per annum,Not Applicable,Not Applicable,Not Applicable,Not Applicable,Ratio,Two,World Development Indicators (WDI),Annual,Units,Normal value,Public,,,,,,,,,,,,,,,,21.2448705756902,16.34797571190711,7.378353879019755,9.05434830861364,4.610636027106139,0.8288286722317082,4.774509671399471,4.7150443523613035,7.357751950234274,3.615237826276882,2.521405376330364,5.9072725849381555,7.500786297468437,6.419513088666108,5.139970012194908,-1.834743086620719,6.527837797518714,-1.7026312210937817,3.732202876905518,6.415539569738456,-0.3524297691318026,1.1962619910720491,4.817776796245738,3.8295981955744054,4.844160506027919,2.8381195130671557,2.541086671236343,1.383632549645057,3.630737856845357,3.353752260359414,2.981250843688187,2.88426389868701,1.076740411425206,-4.610482557397759,-0.35761401909404356,-2.1129375771814978,-4.907385496731166,-6.480317601210231,-1.4888369469745584,3.1951227598012792,6.0183571140433685,4.853408881078153,5.051053377952954,4.468265621634558,-4.514035858652278,9.746511615335152,6.279339714974924,1.6394163879707548,2.296927593921083,
datastructure,WB.DATA360:DS_DATA360(1.3),I,A,GRD,WB_WDI_NY_GDP_PCAP_KD_ZG,_T,_T,_T,PC_A,_Z,_Z,_Z,_Z,RATIO,2,WB_WDI,P1Y,0,A,PU,Annual,Grenada,GDP per capita growth (annual %),Total,All age ranges or no breakdown by age,Total,Percentage change per annum,Not Applicable,Not Applicable,Not Applicable,Not Applicable,Ratio,Two,World Development Indicators (WDI),Annual,Units,Normal value,Public,,,,,,,,,,,,,,,,,,6.120209914334083,6.503389361299952,0.46683319877232066,2.0588505858406307,3.7590990891233673,3.0158962432023486,2.9719852444604555,5.303765105552529,6.442285838083393,8.274098969552824,2.1477328986426016,2.916617830574907,3.142692414993874,0.5446310778938255,-1.6406157024759267,-2.705744962055917,0.9481437968188686,1.4107174227084016,3.724231256403371,4.308363217175753,10.998703794282989,6.179209602375238,4.181221837608163,-2.5102103334240837,3.039428950819101,8.981416698400494,-1.0464127422096254,12.851921344971998,-4.344879916078014,5.751852754144096,0.6070940880649687,-6.913786905345475,-0.8071537460597682,0.3215412466929308,-1.7648690453907392,1.7089629547195386,6.73549593358203,5.9402683055353975,3.3305204833079785,4.160022954550556,4.133216552384653,0.4247792274772735,-14.023489621144307,4.386380009863515,7.103718661663862,4.37658936970584,2.2895660616781015,4.3265599010255755
datastructure,WB.DATA360:DS_DATA360(1.3),I,A,ABW,WB_WDI_NY_GDP_PCAP_KD_ZG,_T,_T,_T,PC_A,_Z,_Z,_Z,_Z,RATIO,2,WB_WDI,P1Y,0,A,PU,Annual,Aruba,GDP per capita growth (annual %),Total,All age ranges or no breakdown by age,Total,Percentage change per annum,Not Applicable,Not Applicable,Not Applicable,Not Applicable,Ratio,Two,World Development Indicators (WDI),Annual,Units,Normal value,Public,,,,,,,,,,,,,,,,,,,,,,,,,,,17.593205949568073,18.304687373615835,10.066931975362081,0.1344796962684569,2.8134346518556583,1.1118556063252925,0.4921947803880897,2.75152351032429,-0.29264313769303385,-2.733864297611305,2.9783966436664144,-0.4871595579643184,-0.12596572599431966,6.519223765794436,3.2124056879639227,-1.6280991524594555,-0.03383944153101481,5.026911515824821,-2.9308234940830857,-0.6732577003270706,2.32267757939195,1.0617723522018565,-12.274936279814241,-2.956952649755678,2.610525059372648,-2.4846479774956975,4.855257957291741,0.3511292881894974,2.5562178617749964,0.4699126512032592,3.4858154928674168,3.048518448105696,0.9556845914532772,-23.50858106602081,15.779443924071046,11.009946641327176,9.466375577089607,6.181750775592846,
datastructure,WB.DATA360:DS_DATA360(1.3),I,A,JAM,WB_WDI_NY_GDP_PCAP_KD_ZG,_T,_T,_T,PC_A,_Z,_Z,_Z,_Z,RATIO,2,WB_WDI,P1Y,0,A,PU,Annual,Jamaica,GDP per capita growth (annual %),Total,All age ranges or no breakdown by age,Total,Percentage change per annum,Not Applicable,Not Applicable,Not Applicable,Not Applicable,Ratio,Two,World Development Indicators (WDI),Annual,Units,Normal value,Public,,,,,,,0.6073980636622309,4.538932878025122,4.358969402371173,10.68797449644589,1.0839488229211582,16.30924460809507,-6.915694372204513,-5.657327687430822,-1.6430841156234237,-7.907424530576307,-3.777249669943515,-1.2072997278766024,-2.2107306738395067,-6.864225577195867,1.3098395100684854,0.6765463008689352,0.49806736754582914,-2.8349339732035475,-4.049252818806778,0.9365678423648234,7.031552169277106,3.266713119538167,6.440987887818579,3.414130686576925,3.9215855311038865,0.9534377091687531,8.290960999650608,0.34695454220879185,1.3293439711984831,-1.0756922117781613,-2.04782575477212,-3.1664293789047946,0.265019143424567,0.18120919931688206,0.704785923037818,1.372731491445478,3.0399780369176455,0.732138408370318,0.3365489303019302,2.3694990624787238,0.952340641642138,-1.242422797768043,-4.742320256520358,-1.8720674270889504,1.2908765039358485,-1.0415190329386945,0.11120080251154718,0.32717668451260806,0.6051322592995518,2.49050959451111,2.0805471713615447,2.3583318641897932,1.6949744706587353,-8.546328714998026,5.44605052451513,6.384492962291915,2.723116126425154,-0.5136338700587402,0.15565521406446692
datastructure,WB.DATA360:DS_DATA360(1.3),I,A,LDC,WB_WDI_NY_GDP_PCAP_KD_ZG,_T,_T,_T,PC_A,_Z,_Z,_Z,_Z,RATIO,2,WB_WDI,P1Y,0,A,PU,Annual,Least developed countries: UN classification,GDP per capita growth (annual %),Total,All age ranges or no breakdown by age,Total,Percentage change per annum,Not Applicable,Not Applicable,Not Applicable,Not Applicable,Ratio,Two,World Development Indicators (WDI),Annual,Units,Normal value,Public,,4.956950769232392,-0.44244833762199676,1.0504812344065044,1.1170902092326713,0.7477154973551308,-1.5136423784668551,2.4324318278612367,0.6723356693808142,-3.08630506511291,-0.5997657940054353,-3.7271708548433082,-0.3898790392646845,2.879198434567826,-1.949343602234265,1.4051791290231535,-0.4260061189904718,-0.9427876909118567,-0.7745589454967643,-0.3685411710263651,0.11854706631338274,-1.5136815503066288,-1.0536466903375867,-0.33723485648991414,-0.956546122018608,0.6753879651334245,1.5484977998737435,0.3229580187204846,-0.7830032095603201,-2.5569272874177216,-0.6363839547793901,-2.363203702010594,-3.2996218587412613,-2.0262992285199743,3.022394035711457,2.890624112696287,2.6669569643107565,1.4224063382607852,1.4563460043625014,1.7949961726436499,2.43023533533065,2.8300614299128597,2.5675201194250974,4.02051239880015,4.861133487165418,4.323988007764612,4.7965535647874304,4.007256175286528,1.8011134626864589,3.9178172305728793,0.6540449825976964,0.877019108362532,3.5799070397148682,2.8828418370922435,0.38232418125232925,1.3904363502486632,2.0665556602742896,2.214677886292904,2.359522984593326,-2.539606241767217,0.39340748677305726,2.37507352258028,0.7246689239606212,1.515535820905626,1.9378108850350202
datastructure,WB.DATA360:DS_DATA360(1.3),I,A,SLB,WB_WDI_NY_GDP_PCAP_KD_ZG,_T,_T,_T,PC_A,_Z,_Z,_Z,_Z,RATIO,2,WB_WDI,P1Y,0,A,PU,Annual,Solomon Islands,GDP per capita growth (annual %),Total,All age ranges or no breakdown by age,Total,Percentage change per annum,Not Applicable,Not Applicable,Not Applicable,Not Applicable,Ratio,Two,World Development Indicators (WDI),Annual,Units,Normal value,Public,,,,,,,,,,,,,,,,,,,,,-5.150709628450116,-5.000547543980119,0.40171087295534846,-3.1649804210642287,-6.319005585718429,-3.411417679394418,4.978176224057492,-1.9541976250443014,1.0134830636836227,-0.9307393618058057,2.804226600179831,9.350724299947359,0.9519921052506959,4.965267511840182,6.924447478483813,-1.283343095918653,-3.7020347427812226,-1.5115405450770538,-3.127655082580219,-16.21714193548175,-9.730560690193741,-4.614980556362326,4.584969654187091,5.764847415565825,5.476939486605545,2.3336914579372205,1.8655617156881874,4.42328745185992,1.008439198538241,6.656125944049009,3.5489584517241326,-1.224852534598611,1.4628764855067118,-2.4130658675539394,-1.9031366735108577,1.8954619438626992,-0.4261202352075344,-0.6489144142734631,-0.9121830373505446,-5.503243508003848,-2.5951357274516624,-4.888708439999405,0.40649879855851623,0.5844287811154487,1.2144146416984682
datastructure,WB.DATA360:DS_DATA360(1.3),I,A,MOZ,WB_WDI_NY_GDP_PCAP_KD_ZG,_T,_T,_T,PC_A,_Z,_Z,_Z,_Z,RATIO,2,WB_WDI,P1Y,0,A,PU,Annual,Mozambique,GDP per capita growth (annual %),Total,All age ranges or no breakdown by age,Total,Percentage change per annum,Not Applicable,Not Applicable,Not Applicable,Not Applicable,Ratio,Two,World Development Indicators (WDI),Annual,Units,Normal value,Public,,,,,,,,,,,,,,,,,,,,,2.8950700912734106,-8.917546545503853,-17.4416877347159,-8.338212496050232,-0.8752594650063656,-3.9955460779277985,14.234887785034104,8.386091059298991,5.623008733691634,-0.4477249166468482,2.901508579040595,-9.35015950296335,7.483208487732298,-0.5170891575961889,-3.806416615684725,7.125514663045024,8.796915518554258,7.883878089213866,9.332531138129866,-1.4300274571954645,10.367447679430626,7.23540386040537,4.8174311218535735,5.762294958968184,3.8812410873259466,7.359387898493864,5.118134814042946,4.275022963051384,3.219648614927621,3.8619456874388334,4.190338819873787,4.938054790954794,3.5350045719238636,4.625141597943156,4.322312866124861,1.6731978985938838,-0.3837143090920705,0.4456743386316049,-0.6462835159545506,-4.105273994847366,-0.6063164369979859,1.3380761774305086,2.4332722695377527,-0.7906372458113964,-3.314971754365402
datastructure,WB.DATA360:DS_DATA360(1.3),I,A,MNG,WB_WDI_NY_GDP_PCAP_KD_ZG,_T,_T,_T,PC_A,_Z,_Z,_Z,_Z,RATIO,2,WB_WDI,P1Y,0,A,PU,Annual,Mongolia,GDP per capita growth (annual %),Total,All age ranges or no breakdown by age,Total,Percentage change per annum,Not Applicable,Not Applicable,Not Applicable,Not Applicable,Ratio,Two,World Development Indicators (WDI),Annual,Units,Normal value,Public,,,,,,,,,,,,,,,,,,,,,,5.762662584818173,3.303869536682072,3.375609373483641,3.118070651143242,6.6308043045454355,0.807482244578523,2.398571316012621,1.830810283567729,-2.0092735745960084,-11.503231019836306,-9.35893880867637,-3.049828248085632,1.0024303535204382,4.676752523363746,0.6712795629196648,2.4349739803836172,1.9142707948798972,1.62700695420628,-0.1873910496533142,1.6985850230427815,3.395455999019532,5.652308561728731,9.388880567649068,6.069878149904355,7.255463562407556,8.778438288262606,7.196699125963761,-3.0264637432636903,4.5200403965167055,15.283043493164385,10.208146086769403,9.364878416583892,5.5513088464518034,0.22353908815431112,-0.5470714624312052,3.6220070103726982,5.7542701655270605,3.679884212397937,-6.265423782891105,-0.06142128345740616,3.5030776686689933,5.959523332289734,3.820451812546338,5.521005313575515
datastructure,WB.DATA360:DS_DATA360(1.3),I,A,ERI,WB_WDI_NY_GDP_PCAP_KD_ZG,_T,_T,_T,PC_A,_Z,_Z,_Z,_Z,RATIO,2,WB_WDI,P1Y,0,A,PU,Annual,Eritrea,GDP per capita growth (annual %),Total,All age ranges or no breakdown by age,Total,Percentage change per annum,Not Applicable,Not Applicable,Not Applicable,Not Applicable,Ratio,Two,World Development Indicators (WDI),Annual,Units,Normal value,Public,,,,,,,,,,,,,,,,,,,,,,,,,,,,,,,,,9.954669941060246,17.553635607016886,-2.796917859912881,3.961504728667393,6.721813646217427,0.452407592557293,-1.449176033204509,-4.618371337720845,5.695711543716371,-0.4768578230957701,-6.594920166051722,-2.6238903510385967,0.14882340502965974,-2.5182134554669062,-0.041769604635589985,-12.124843163296276,1.3025781558331033,0.2059188776796077,6.747982978532278,,,,,,,,,,,,,,
datastructure,WB.DATA360:DS_DATA360(1.3),I,A,UZB,WB_WDI_NY_GDP_PCAP_KD_ZG,_T,_T,_T,PC_A,_Z,_Z,_Z,_Z,RATIO,2,WB_WDI,P1Y,0,A,PU,Annual,Uzbekistan,GDP per capita growth (annual %),Total,All age ranges or no breakdown by age,Total,Percentage change per annum,Not Applicable,Not Applicable,Not Applicable,Not Applicable,Ratio,Two,World Development Indicators (WDI),Annual,Units,Normal value,Public,,,,,,,,,,,,,,,,,,,,,,,,,,,,6.16310993886114,0.42564701097683155,-0.8215901897561508,-2.8557179541229516,-13.358221536132163,-4.534401088882973,-7.206021853501454,-2.864470692038239,-0.19181664415650346,3.397977062959143,2.675235880132476,2.846554664604554,2.5320028222568567,2.904964585283622,2.7057597385272487,2.9707122019448917,6.1359228663661725,5.620586952757705,6.07475146177363,7.948870305745004,7.368565239071785,6.331691024360779,5.905900269437339,6.48597744904724,5.747281878146822,6.243762738220099,5.9355728591654895,6.097031634594657,4.885447927925441,2.941152099641826,3.9134400983330266,4.878008304543016,-0.25935485745375786,6.1274486675632005,3.974893047866047,4.188797359361885,4.5945478972012666,5.68950787978028
datastructure,WB.DATA360:DS_DATA360(1.3),I,A,TUN,WB_WDI_NY_GDP_PCAP_KD_ZG,_T,_T,_T,PC_A,_Z,_Z,_Z,_Z,RATIO,2,WB_WDI,P1Y,0,A,PU,Annual,Tunisia,GDP per capita growth (annual %),Total,All age ranges or no breakdown by age,Total,Percentage change per annum,Not Applicable,Not Applicable,Not Applicable,Not Applicable,Ratio,Two,World Development Indicators (WDI),Annual,Units,Normal value,Public,,-5.744357870597099,-11.903370993445677,-6.0079353248875975,-4.064777649734452,1.4334417852385144,-2.1245356781664526,7.718910886795356,2.1358055523380273,2.085239986114658,7.823076891657294,14.799475939920853,-3.1787162227440717,5.271863238316541,4.3192607378804695,5.039492514858651,0.7411748674852134,3.8515943183177654,4.140709027003965,4.983336289207372,3.1395751277744495,-2.6593676368614894,2.527700117444212,3.3139397218676265,2.941610343004669,-3.915876988450279,4.103195222354557,-2.2425627034813687,-0.46531045256668335,5.70836371358358,1.737464490494773,5.562267754200917,0.16633894085144618,1.3417254758350055,0.756163865617296,5.610852974672852,4.0213983238544415,3.461598264069039,4.799283717756666,3.5414597420978566,2.6947331733366013,0.28776087361430314,3.661605932169749,5.247947468802039,2.5853408109844054,4.319074828572639,5.735679385041266,3.2398305834703223,1.9981242321535575,1.8683563536238097,-3.1268978636142037,3.04657312459409,1.218996687489195,1.874864310591846,-0.16540210167109137,0.008498271585736461,1.1834049317883881,1.6039158794850579,0.6131277316899713,-9.727526013841668,4.087859241519752,2.1527645866267164,-0.481913639518325,0.9798017394215179,1.8999591716789581
datastructure,WB.DATA360:DS_DATA360(1.3),I,A,MAF,WB_WDI_NY_GDP_PCAP_KD_ZG,_T,_T,_T,PC_A,_Z,_Z,_Z,_Z,RATIO,2,WB_WDI,P1Y,0,A,PU,Annual,St. Martin (French part),GDP per capita growth (annual %),Total,All age ranges or no breakdown by age,Total,Percentage change per annum,Not Applicable,Not Applicable,Not Applicable,Not Applicable,Ratio,Two,World Development Indicators (WDI),Annual,Units,Normal value,Public,,,,,,,,,,,,,,,,,,,,,,,,,,,,,,,,,,,,,,,,,,,,,,,,,,,,,,,1.2189247772217584,5.547948890383324,-7.155852009154827,-5.8923641662807,11.923370326434735,-5.670344711153646,11.289722958281274,,,,
datastructure,WB.DATA360:DS_DATA360(1.3),I,A,FRA,WB_WDI_NY_GDP_PCAP_KD_ZG,_T,_T,_T,PC_A,_Z,_Z,_Z,_Z,RATIO,2,WB_WDI,P1Y,0,A,PU,Annual,France,GDP per capita growth (annual %),Total,All age ranges or no breakdown by age,Total,Percentage change per annum,Not Applicable,Not Applicable,Not Applicable,Not Applicable,Ratio,Two,World Development Indicators (WDI),Annual,Units,Normal value,Public,3.866383372630793,5.788499530834358,5.043878581930471,5.452448340482704,3.8377487139258193,4.256561258512832,3.952257869403681,3.745944495163684,6.21456747145352,5.23806196732815,4.305917663551213,3.6008279388423574,5.339721435824572,3.7261932125925767,-1.4156932489040912,3.895964237619509,3.071256806005522,3.479197332787436,3.2316775733437026,1.134990204580916,0.589285105722027,2.0690725484447796,0.7178485474781127,1.114328102351152,1.0626523527752454,1.8675153983440822,1.9973000519438528,4.210032858619911,3.783751695495212,2.268451182730999,0.7296859510276192,1.0117428316556811,-0.7914440961799443,2.0009288843667434,1.9329176176385374,1.0352850288836635,2.161935896236116,3.069970187081239,2.8672856945412377,3.428690296552844,1.1593271284505988,0.33561901402366345,0.25786680530832484,2.117365434077385,1.1253537135494014,2.001311302476566,1.8985674533317507,-0.17841066119559912,-3.3221244460422525,1.4987246617740766,1.9443350542451583,-0.29959872927230435,0.26214454973658974,0.5193837646917387,0.7080305903506883,0.5942437523892323,1.7877954938423102,1.2821660370212555,1.6887084411620918,-7.740567512549944,6.501552197572067,2.202088585137659,1.1605460944901154,0.925700761599856,0.5934212682688411
datastructure,WB.DATA360:DS_DATA360(1.3),I,A,UGA,WB_WDI_NY_GDP_PCAP_KD_ZG,_T,_T,_T,PC_A,_Z,_Z,_Z,_Z,RATIO,2,WB_WDI,P1Y,0,A,PU,Annual,Uganda,GDP per capita growth (annual %),Total,All age ranges or no breakdown by age,Total,Percentage change per annum,Not Applicable,Not Applicable,Not Applicable,Not Applicable,Ratio,Two,World Development Indicators (WDI),Annual,Units,Normal value,Public,,,,,,,,,,,,,,,,,,,,,,,3.155199651119787,-2.976623232337957,-5.983815229984316,-2.490968897276076,0.7911376390193396,4.873141652970702,2.9841659116839168,3.085376251483069,2.1472074438335937,-0.04523551716333429,4.648805500664935,2.892053482010354,8.518090255158086,6.165023226160656,2.0969641348579415,1.8313227637414542,4.609035733626584,-0.05061127367216045,2.014737627164635,5.38039055287112,3.163140555197998,3.651177609615857,3.257139545966382,7.588577526012074,5.270375753772612,5.554503856026699,3.7059215908539898,2.5730846334182615,6.230909939819256,0.865151267915266,0.6566694637321575,2.049484592672073,2.0042994309908124,1.3574331290959805,-0.4063908127407956,2.75300382511665,2.8895869024190546,-0.4239226833614822,0.25807557736494857,1.4892708510588761,2.4275945978211837,3.1749392123893756,3.4972522963455646
datastructure,WB.DATA360:DS_DATA360(1.3),I,A,MUS,WB_WDI_NY_GDP_PCAP_KD_ZG,_T,_T,_T,PC_A,_Z,_Z,_Z,_Z,RATIO,2,WB_WDI,P1Y,0,A,PU,Annual,Mauritius,GDP per capita growth (annual %),Total,All age ranges or no breakdown by age,Total,Percentage change per annum,Not Applicable,Not Applicable,Not Applicable,Not Applicable,Ratio,Two,World Development Indicators (WDI),Annual,Units,Normal value,Public,22.772219231673716,-2.013536673231968,10.961530976746218,-9.10478111581807,0.9193828064219218,-5.55162051667439,2.3729242369866768,-8.580168729344578,3.1257169607258533,-2.041604700999102,2.629747992905564,6.7157999532468295,10.328671986433918,7.173158824600989,-0.6728864113632369,21.772010655453087,4.8278314416514405,2.4827281880107677,1.730491666471167,-11.564925133392464,4.324779863485745,4.215300289115561,-0.5351701228493653,3.609222391200447,6.083876293531489,8.906236902773259,8.079466409161455,6.058719163126909,3.668090831835414,6.425944037061143,3.314166399575342,5.120444414639664,3.8436280008351105,2.6883285166560853,3.394776363455179,4.513432613862676,4.37241713991034,4.962519426011497,1.314748667075321,7.144715946915852,2.534262853019115,0.91191021688131,5.161670447579667,3.677809301884153,1.1766990870535494,4.377586820908604,5.283115811042066,5.082358335191415,3.0894159051814825,4.148675808677368,3.9789069685683955,3.223961852895755,3.1474604638480344,3.669903657868474,3.5804278163035264,3.81440765602909,3.8607266987156947,4.059928662765785,2.8307985269636333,-14.199401253625297,3.3119775173350234,8.669481847222585,5.862685952064609,5.190051925846589,3.320598619541755
datastructure,WB.DATA360:DS_DATA360(1.3),I,A,GRL,WB_WDI_NY_GDP_PCAP_KD_ZG,_T,_T,_T,PC_A,_Z,_Z,_Z,_Z,RATIO,2,WB_WDI,P1Y,0,A,PU,Annual,Greenland,GDP per capita growth (annual %),Total,All age ranges or no breakdown by age,Total,Percentage change per annum,Not Applicable,Not Applicable,Not Applicable,Not Applicable,Ratio,Two,World Development Indicators (WDI),Annual,Units,Normal value,Public,,,,,,,,,,,11.144565744911787,3.7591575941984274,5.280208853905208,4.638514053449242,0.4433243362663859,5.746010903423127,9.48317955986741,6.447679456087528,4.014947484724814,7.37708985498719,-0.9137836370504573,-5.347625299874295,2.2657707878495756,-6.259164457632622,2.6821738166497084,6.49677699893094,4.345640619340912,4.254659476067161,5.695173011183229,-12.195866441457895,0.06651114523303647,-4.768523540574023,-4.8558817827393455,5.351805640402958,3.170996427341777,1.3480101030775415,1.2877318695751114,7.565899780931005,1.3778844452400563,6.939567234491207,0.9205685789953861,-1.3491298806963954,4.1429831648834465,6.630382132400499,4.919264192162572,5.853165815535959,2.7505908652023976,6.593978748647217,0.8749065707001336,1.3561197649597716,-1.1191813553351153,1.5369769446427597,-0.7268616431404809,5.091927333136454,-2.2149188822392034,4.547808580660643,0.07766477396742744,0.8906847411241898,2.462731594332169,-0.0017624785013197197,1.1210171163825748,1.990153725274709,0.5041110022914381,,
datastructure,WB.DATA360:DS_DATA360(1.3),I,A,MNP,WB_WDI_NY_GDP_PCAP_KD_ZG,_T,_T,_T,PC_A,_Z,_Z,_Z,_Z,RATIO,2,WB_WDI,P1Y,0,A,PU,Annual,Northern Mariana Islands,GDP per capita growth (annual %),Total,All age ranges or no breakdown by age,Total,Percentage change per annum,Not Applicable,Not Applicable,Not Applicable,Not Applicable,Ratio,Two,World Development Indicators (WDI),Annual,Units,Normal value,Public,,,,,,,,,,,,,,,,,,,,,,,,,,,,,,,,,,,,,,,,,,,2.424546648639094,-0.8299325453749447,-10.485255165098835,-4.305448361319677,-3.92765941553607,-8.282819996337679,-14.854218227401034,3.709125916496987,-6.549776162151645,1.5190657464392245,3.607386532080767,5.335562030234527,4.716040401893821,31.097890849885033,25.17759684892833,-18.050559869850915,-9.703268492416711,-28.162778000768242,6.196565140487024,18.923563768080115,,,
datastructure,WB.DATA360:DS_DATA360(1.3),I,A,PRE,WB_WDI_NY_GDP_PCAP_KD_ZG,_T,_T,_T,PC_A,_Z,_Z,_Z,_Z,RATIO,2,WB_WDI,P1Y,0,A,PU,Annual,Pre-demographic dividend,GDP per capita growth (annual %),Total,All age ranges or no breakdown by age,Total,Percentage change per annum,Not Applicable,Not Applicable,Not Applicable,Not Applicable,Ratio,Two,World Development Indicators (WDI),Annual,Units,Normal value,Public,-2.598660054505615,3.6839565751226786,3.222709833529592,2.071396735879844,1.8247776850237614,-1.343061507445583,-8.115627170104318,0.978404948961284,8.408469011866742,5.7142141667095245,6.440154686159019,0.6889288850446178,1.2251890046951956,5.293446348638838,-3.1372037346549178,3.9191691874301995,1.7117084008526433,-3.191975178756394,2.428350643235632,1.2522182095204641,-6.29129824314704,-3.7260544136590568,-7.319665305358242,-2.1603194123569978,0.7220781235781857,-0.2610150884095219,1.0779583346989199,1.1480275633117003,-1.317115294627115,5.3245232763344745,-10.357583754395392,-0.6454198597216418,-3.7099203072307745,-3.19780405774911,-0.054417100715525635,2.8594754859722684,3.5130538721370073,3.9716371009866975,1.2704851197425029,2.561835103232582,1.4411879417252322,2.8896212092549547,-3.50756312465019,8.789943317540065,2.89953678578982,3.2197060805801954,3.217957716678768,3.3715386228742688,1.753622594885229,3.5835100196397036,1.1266277654772665,1.2648273087138904,2.9999693002452403,2.1597790716284493,0.18664770662863361,-0.3288293798096191,-1.1368324344163483,-0.13022183511644414,0.405960268306643,-6.679381117776543,-0.3339380144686146,2.0285291818218383,-0.11984776549248011,0.7380668660972276,0.9885392334895613
datastructure,WB.DATA360:DS_DATA360(1.3),I,A,KOR,WB_WDI_NY_GDP_PCAP_KD_ZG,_T,_T,_T,PC_A,_Z,_Z,_Z,_Z,RATIO,2,WB_WDI,P1Y,0,A,PU,Annual,"Korea, Rep.",GDP per capita growth (annual %),Total,All age ranges or no breakdown by age,Total,Percentage change per annum,Not Applicable,Not Applicable,Not Applicable,Not Applicable,Ratio,Two,World Development Indicators (WDI),Annual,Units,Normal value,Public,3.794405703337844,0.9923810092995922,6.015961625336246,6.601874600758535,4.619948876379638,9.226789830883348,6.632250683062793,10.62596316813216,12.026129974845091,7.786889730044905,8.491463190871286,5.341955659864013,12.95947196158616,7.78693652931419,6.13128616568828,11.469240484049024,10.63887438731517,9.394844519772661,7.099959075591073,-3.04707446533358,5.741107223423157,6.80481381279148,11.80632636319308,9.279718860360987,6.881281732324851,10.39933647039986,11.785530537810487,11.040557174232518,6.110280172334257,8.946332155230266,9.782962183204717,5.252149734206441,5.913344347015496,8.276900747254672,8.637266716251332,6.966405326309896,5.2902280201992085,-5.622671542320347,10.826706430893623,8.292540414469514,3.925509006369168,7.123080720369785,2.5418503964960877,4.7675860552671026,4.137233867376835,4.693707774413696,5.308562368095664,2.2252368090998687,0.3022923042849186,6.449977506842288,2.8937581616018946,2.0099730192904843,2.822262885542088,2.568369351669304,2.379034059518986,2.762900759394114,3.1429854591730617,2.7297957283084457,1.9584963672085678,-0.8370518340351367,4.747751556973,2.9203456137622936,1.5043414252941432,1.9278322720159906,1.1369811463499246
datastructure,WB.DATA360:DS_DATA360(1.3),I,A,SRB,WB_WDI_NY_GDP_PCAP_KD_ZG,_T,_T,_T,PC_A,_Z,_Z,_Z,_Z,RATIO,2,WB_WDI,P1Y,0,A,PU,Annual,Serbia,GDP per capita growth (annual %),Total,All age ranges or no breakdown by age,Total,Percentage change per annum,Not Applicable,Not Applicable,Not Applicable,Not Applicable,Ratio,Two,World Development Indicators (WDI),Annual,Units,Normal value,Public,,,,,,,,,,,,,,,,,,,,,,,,,,,,,,,,,,,,6.2496333783465445,9.272218644322663,5.7712767548466815,-10.000316070652417,6.394504011206976,6.962282822568255,6.589372821808695,4.831411875815817,6.936089825875385,6.222141717957314,4.310012896364967,8.27017213045292,5.609523277009274,-2.7534377975960354,2.020277083575621,0.8135713236094233,0.04020045515041204,0.9413791277135459,-1.325586359829643,1.8154526618065603,3.5158880281916964,2.909624475020948,5.222668883137757,5.313818892467182,-0.2880422649256644,8.972580823215353,5.321391690501855,4.394338578790496,4.529248148908337,2.612010140963264
datastructure,WB.DATA360:DS_DATA360(1.3),I,A,MNA,WB_WDI_NY_GDP_PCAP_KD_ZG,_T,_T,_T,PC_A,_Z,_Z,_Z,_Z,RATIO,2,WB_WDI,P1Y,0,A,PU,Annual,"Middle East, North Africa, Afghanistan & Pakistan (excluding high income)",GDP per capita growth (annual %),Total,All age ranges or no breakdown by age,Total,Percentage change per annum,Not Applicable,Not Applicable,Not Applicable,Not Applicable,Ratio,Two,World Development Indicators (WDI),Annual,Units,Normal value,Public,1.1425435775480395,0.017335304061447232,8.350657017769763,7.30141601444079,9.281761548023809,4.295124195277182,4.64543538946775,9.351711143722127,7.989929527098312,5.73071729275982,2.729194033342168,8.898976206221022,2.5866425008106404,4.426790886368465,0.17223380266537447,11.79896142675905,-1.2673280863801892,-4.704157458416788,-3.4410016816783013,-6.206852018612011,-4.416222518165796,7.566616778793474,1.5402223400241297,-2.941765410206642,1.1354499327531613,-4.759867228121493,-1.9932665680531727,-1.152721875466483,-0.15422021771964012,6.153378027612959,-1.5886392074004618,2.124518285445504,-1.1414640357272106,-0.25408949557801463,0.4758348318519836,3.464707642303736,1.0757691677424788,2.999701049181553,1.8383141220646593,3.420017560337712,0.6658427337417692,1.0680739581537182,0.4420271088918355,5.289117992651711,2.597887281557277,3.0311442545822587,3.536427101053704,1.2527642144858646,0.5881576317598984,2.5891633520517416,-2.435494872845851,1.5010661609831146,-0.7873550630593655,0.5258519597686018,-0.6013848829875741,3.848294617921894,1.6816842383210968,0.31434137971413634,-0.39907077607801966,-4.312985277559491,2.5657342119538242,2.5662304630096315,1.122064215148157,0.5222753861452674,0.3432687394662395
datastructure,WB.DATA360:DS_DATA360(1.3),I,A,IBD,WB_WDI_NY_GDP_PCAP_KD_ZG,_T,_T,_T,PC_A,_Z,_Z,_Z,_Z,RATIO,2,WB_WDI,P1Y,0,A,PU,Annual,IBRD only,GDP per capita growth (annual %),Total,All age ranges or no breakdown by age,Total,Percentage change per annum,Not Applicable,Not Applicable,Not Applicable,Not Applicable,Ratio,Two,World Development Indicators (WDI),Annual,Units,Normal value,Public,0.03186583761889494,1.4051614914001505,2.2736719144466804,5.820039358695212,3.779547278471213,3.0836762523218653,1.7330130633867356,3.961305103803454,5.269533883360111,5.243147936755065,3.5837384543767,4.2187053448658105,4.758792621093264,3.4830873343449866,2.5683287945056605,4.269095035826069,2.757979026929931,2.1607842464319162,2.8364175890449133,2.969660956550399,0.24113025696377122,0.9098241907540512,-0.3819439083708289,2.9960409741898104,2.4795642446993753,1.9655243188815774,2.9260601404588016,2.1667774764631815,1.0895702981937632,0.23710308143608927,-0.4164588614699767,0.0642541292363461,2.143446879235512,2.090797867126156,2.5861441333477018,3.989315624346233,3.9600832546613987,1.3010031342230803,2.367359912938923,4.61247640881443,2.4244706792168245,3.330477889915045,4.721285634388934,6.545365340660709,6.09511523432549,7.192694393978499,7.862389833847303,4.861769994248817,1.7326814245820543,6.663538063708032,5.246384914521968,4.32341402658156,4.069550488233901,3.679192087510657,3.2887841095648582,3.4561515881955387,4.186332095254613,3.9626414753573016,3.170453074551304,-1.959193634168031,7.033921649100108,3.2855027827788774,4.1317188370075115,3.849802375429718,3.7375074861080435
datastructure,WB.DATA360:DS_DATA360(1.3),I,A,CZE,WB_WDI_NY_GDP_PCAP_KD_ZG,_T,_T,_T,PC_A,_Z,_Z,_Z,_Z,RATIO,2,WB_WDI,P1Y,0,A,PU,Annual,Czechia,GDP per capita growth (annual %),Total,All age ranges or no breakdown by age,Total,Percentage change per annum,Not Applicable,Not Applicable,Not Applicable,Not Applicable,Ratio,Two,World Development Indicators (WDI),Annual,Units,Normal value,Public,,,,,,,,,,,,,,,,,,,,,,,,,,,,,,,-11.402506025443401,-0.6082136296197689,-0.04205310808893614,2.8721435374943667,6.286554618727294,4.2898875944212165,-0.4886600179756897,-0.2987332107627907,1.4819978336991966,4.302739522728302,3.3046271295288534,1.7094695893478047,3.330406373619141,4.704468200996573,6.227986282161211,6.334832682242421,4.875046702443171,1.7647087292551191,-5.339173998963162,2.415829488839364,1.562186191131559,-0.9094183876444077,-0.07496299462073353,2.13762755318902,4.752624064360262,2.384054254540402,4.894550195119905,2.486987700676252,3.158748028519881,-5.534919698201534,5.931069689372492,1.2440947319028055,-1.7198586947826726,0.8707629958600478,2.7514832053521445
datastructure,WB.DATA360:DS_DATA360(1.3),I,A,PSS,WB_WDI_NY_GDP_PCAP_KD_ZG,_T,_T,_T,PC_A,_Z,_Z,_Z,_Z,RATIO,2,WB_WDI,P1Y,0,A,PU,Annual,Pacific island small states,GDP per capita growth (annual %),Total,All age ranges or no breakdown by age,Total,Percentage change per annum,Not Applicable,Not Applicable,Not Applicable,Not Applicable,Ratio,Two,World Development Indicators (WDI),Annual,Units,Normal value,Public,,,,,,,,,,,4.181716369942691,3.388768864414345,8.880621886632284,1.1045905146113597,-1.5863508724573592,-1.0989832635730892,1.0904585202641215,-0.11050138777271457,6.135799596506203,-5.591225694253623,0.7167390658025852,-5.335370801792223,-3.2810122165755757,3.0345579585108453,-3.83805615025679,3.0189778197939887,-3.8665437376327674,-0.5839488863535394,2.841307828715813,2.161099615773182,-1.9313546787893898,3.2870833059383386,0.44157934180257996,3.420607206801634,3.0576254946812895,1.649915279522844,-2.658538054419921,-0.12551996550099886,2.6801072531332153,-2.814091310970852,-0.45633927020671194,0.6509411555315268,0.7004969954767688,2.7645069522761077,1.3135457839526623,1.2673897301739316,-0.9480945639488993,0.9650680106721552,-1.4547163501764544,2.396106105024103,2.435568751226171,-0.2901298452768373,1.9061463578980096,2.231596621149862,2.6303936146814237,2.4173385669703578,2.5521541355193875,1.4295773870101698,0.1137806276692288,-11.175590794583073,-3.731673039697398,7.088797399119159,5.912227375810502,2.4015595103647627,2.075161705774903
datastructure,WB.DATA360:DS_DATA360(1.3),I,A,SXM,WB_WDI_NY_GDP_PCAP_KD_ZG,_T,_T,_T,PC_A,_Z,_Z,_Z,_Z,RATIO,2,WB_WDI,P1Y,0,A,PU,Annual,Sint Maarten (Dutch part),GDP per capita growth (annual %),Total,All age ranges or no breakdown by age,Total,Percentage change per annum,Not Applicable,Not Applicable,Not Applicable,Not Applicable,Ratio,Two,World Development Indicators (WDI),Annual,Units,Normal value,Public,,,,,,,,,,,,,,,,,,,,,,,,,,,,,,,,,,,,,,,,,,,,,,,,,,2.2746924085416964,3.156171108586065,-0.7980529736901758,-1.0412885305772477,-0.685454189827837,-2.0287587778097844,-1.0859663357852014,-9.306451949969983,-8.536334326322745,9.115813226203272,-14.633693731571825,3.1612924569268444,12.36472038819953,2.318840278701373,1.5720193373567355,2.0510894064613012
datastructure,WB.DATA360:DS_DATA360(1.3),I,A,ALB,WB_WDI_NY_GDP_PCAP_KD_ZG,_T,_T,_T,PC_A,_Z,_Z,_Z,_Z,RATIO,2,WB_WDI,P1Y,0,A,PU,Annual,Albania,GDP per capita growth (annual %),Total,All age ranges or no breakdown by age,Total,Percentage change per annum,Not Applicable,Not Applicable,Not Applicable,Not Applicable,Ratio,Two,World Development Indicators (WDI),Annual,Units,Normal value,Public,,,,,,,,,,,,,,,,,,,,,3.648648547230792,0.7958400710932096,-1.0168021722854093,-3.3074972023194675,-0.29059534832221345,3.6146555440662524,-2.7494963794895853,-3.262522334468258,6.9236172850874595,-11.187905298960885,-27.566820834883046,-6.622551206964417,10.229949339230544,8.969761658544954,14.0244959350984,8.005513843534828,-11.157660525489277,8.993806822610594,12.963926882422399,8.149967934525051,9.890193571073922,4.942622963136628,5.728105981218022,5.707123084033142,5.670250279570553,6.689981396672323,7.307982629228093,7.73056161381389,3.3851153950122495,3.4856480864462185,2.7395325567882054,2.5545386692104017,3.2888903148973156,3.830170229398334,3.817434470717629,5.524825980819429,4.889352880886435,5.283579496272878,3.649758084638762,-1.810165363297287,10.664149427441146,6.456988220848061,5.739678382015498,5.557292546370917,5.0058271995673636
datastructure,WB.DATA360:DS_DATA360(1.3),I,A,GNB,WB_WDI_NY_GDP_PCAP_KD_ZG,_T,_T,_T,PC_A,_Z,_Z,_Z,_Z,RATIO,2,WB_WDI,P1Y,0,A,PU,Annual,Guinea-Bissau,GDP per capita growth (annual %),Total,All age ranges or no breakdown by age,Total,Percentage change per annum,Not Applicable,Not Applicable,Not Applicable,Not Applicable,Ratio,Two,World Development Indicators (WDI),Annual,Units,Normal value,Public,,,,,,,,,,,-4.2089606403341975,6.3025081448951426,0.05446166159721599,1.0593743861895462,1.6117508374388763,-1.5910299528219412,-13.126641191980966,5.995061972139055,-1.5106692585777637,-16.908961533014732,16.32592968895956,2.5615219611896123,-4.920311624117815,7.389323189591138,2.521313581146984,-2.3631983219836457,1.2640127730939525,2.9124071469681923,4.357715655633569,4.369567981377955,2.884173990373128,-1.8329537114654784,-1.2163008195095841,0.054379427190838214,1.7975250718278204,9.298192363953035,4.488867862022161,-23.87785234093967,14.620720564687545,-0.9086413845435573,2.581705484183175,1.400140437050723,-2.516331368852107,-1.1338503118574579,4.089957831000831,0.22059108009975148,0.03765031749787795,1.9208275996319202,-0.1242266044982756,2.9105283396468877,5.280273300141275,-4.292389184504486,0.5433650788979634,-1.6535833659261527,3.440719781493698,2.817656989415539,2.1445430536447248,1.3271052400443324,2.8904575585828525,0.5631142536148985,2.69206006657852,3.119340512298052,2.307440594291748,2.131964641196177,3.5525297199191357
datastructure,WB.DATA360:DS_DATA360(1.3),I,A,NAM,WB_WDI_NY_GDP_PCAP_KD_ZG,_T,_T,_T,PC_A,_Z,_Z,_Z,_Z,RATIO,2,WB_WDI,P1Y,0,A,PU,Annual,Namibia,GDP per capita growth (annual %),Total,All age ranges or no breakdown by age,Total,Percentage change per annum,Not Applicable,Not Applicable,Not Applicable,Not Applicable,Ratio,Two,World Development Indicators (WDI),Annual,Units,Normal value,Public,,,,,,,,,,,,,,,,,,,,,-0.15434401135421183,-2.153704675734076,-4.397588557008163,-2.902072688405994,-2.366051783498307,1.6003013261639154,0.29009670779547037,-2.6709456709103563,-4.404113072761504,-3.9410799894932182,4.621863139433472,3.84175231745985,-4.670066503184671,-1.3820153423641273,0.9246530819835073,0.4372412027175301,1.5572579362727055,0.699616557473064,0.8307965149013228,1.086248610820789,-0.9142613116450207,2.9633135653419203,2.745127953001216,10.846409567190605,1.251936345264724,5.712860996262975,3.9796364099842947,1.222883291667884,-1.1687387971028187,4.4099687760363935,3.3034890846583664,2.748093671298932,2.9020837566377367,3.3563501794471335,1.5344582619200935,-2.6283321041971703,-3.69773452685817,-1.7034266463266903,-3.57649160039189,-10.737293113449653,0.5889926644018431,2.5130880822762123,1.7395432035913245,1.4826109892792658,-0.33167937723928276
datastructure,WB.DATA360:DS_DATA360(1.3),I,A,BTN,WB_WDI_NY_GDP_PCAP_KD_ZG,_T,_T,_T,PC_A,_Z,_Z,_Z,_Z,RATIO,2,WB_WDI,P1Y,0,A,PU,Annual,Bhutan,GDP per capita growth (annual %),Total,All age ranges or no breakdown by age,Total,Percentage change per annum,Not Applicable,Not Applicable,Not Applicable,Not Applicable,Ratio,Two,World Development Indicators (WDI),Annual,Units,Normal value,Public,,,,,,,,,,,-0.759182925944728,-2.2223903860187875,-1.9302413144322088,1.6385930744801271,-6.546261512843728,5.299031630617009,4.278527584826136,3.530276937271992,1.3020180842296298,1.56727256680405,11.412354241370366,0.1633665151543653,6.967470378777449,1.3052826442664411,0.8347822259939335,8.00745745286568,25.178805004912945,1.6771280738936412,4.248618374271146,7.442063156061863,-2.1508674137964476,8.585607792690197,6.233890874305075,4.9848158339958815,8.345745823136113,5.412245113413562,3.5041831485530963,3.916779512533793,5.547664743415311,0.8815965854264647,4.880426958485899,8.035595240297539,5.546187246683502,3.0751066816109756,5.105979516762019,4.233833835761885,14.763140998634853,3.355236092679263,6.482664060908576,10.712420842869562,7.304769408710612,4.006257825917999,0.6149967008643955,4.745065435907648,5.583706034647221,7.424640568417857,1.2113723912888616,2.7629610277693786,5.054791532015116,-10.82261123810649,3.689353192219343,4.476615996034866,3.90421520589868,6.800623520553685,7.305764558050612
datastructure,WB.DATA360:DS_DATA360(1.3),I,A,BFA,WB_WDI_NY_GDP_PCAP_KD_ZG,_T,_T,_T,PC_A,_Z,_Z,_Z,_Z,RATIO,2,WB_WDI,P1Y,0,A,PU,Annual,Burkina Faso,GDP per capita growth (annual %),Total,All age ranges or no breakdown by age,Total,Percentage change per annum,Not Applicable,Not Applicable,Not Applicable,Not Applicable,Ratio,Two,World Development Indicators (WDI),Annual,Units,Normal value,Public,2.5502326534426487,4.587498788040108,-2.730146958285374,0.72143838526857,2.1173280057250423,-1.0958081291381916,7.016896506983812,1.3151649420422444,0.27666658875004657,-1.6162315221870784,-0.3223955731740915,0.5631824902081917,-1.3295073872813674,6.2558753538276335,0.943213343373543,6.2353974842573905,-1.9418822501731512,2.032698189123792,1.014438224818747,-1.8724634152105466,1.446488859461283,6.578035335430471,-2.4570635527317677,-4.573172595050536,5.428949254768597,4.952235073930751,-2.9290126541270354,2.990682683794077,-0.5261294441790625,-3.187661933981346,6.338472499229525,-2.2097269036368488,0.9204914550191177,-1.2077607254599343,3.0403253575494062,8.209981104843052,3.6110224346088273,4.382315502912391,4.293848162380016,-1.1071066015920508,3.4097577083071116,1.1773689701407193,4.4929468810609166,1.2436096699957204,5.295740309068208,2.9888921191247135,1.001312767422263,2.736636762727727,-2.2777351986746908E-4,5.31934915891263,3.5163362362312824,3.2887834650034904,2.6650827585779524,1.2704765559969218,0.8882598277679961,2.903509091153296,3.21640521697573,3.767726783224589,3.243918661860164,-0.4434200024067394,4.4310054086189155,-0.6930159147748185,0.6887709250719638,2.5056556618247185,2.9949394348673906
datastructure,WB.DATA360:DS_DATA360(1.3),I,A,HUN,WB_WDI_NY_GDP_PCAP_KD_ZG,_T,_T,_T,PC_A,_Z,_Z,_Z,_Z,RATIO,2,WB_WDI,P1Y,0,A,PU,Annual,Hungary,GDP per capita growth (annual %),Total,All age ranges or no breakdown by age,Total,Percentage change per annum,Not Applicable,Not Applicable,Not Applicable,Not Applicable,Ratio,Two,World Development Indicators (WDI),Annual,Units,Normal value,Public,4.2359477721153524,5.753389387458924,5.415819735003041,4.370086158049261,42.016074672469415,7.07587919537842,7.100676263561851,4.498936414787266,6.454618062369107,4.303122983375545,5.896515441230733,5.784184194187787,6.556040403927582,5.428394356531314,5.577289935867242,3.0315755462452643,7.101270195492319,4.040519943871487,2.514540096157262,0.13479730724665728,2.859773123866205,2.901733414739539,0.8744065490044335,2.8636698833391705,-0.0715154933266291,1.7082940766638899,4.22597286923903,0.08802720662777119,1.839423097813082,-2.4944992276689817,-11.88704659869363,-3.026235553147089,-0.4626652222312231,3.088168306339753,1.6309175971738483,0.2733274892913897,3.185546317139625,4.090022567171545,3.3784742677943456,4.680946506329391,4.300996767650162,5.028710607868618,4.2369196351254885,5.195812589673878,4.507920786498957,4.095899964783413,0.4879048177151617,1.1704288438734665,-6.5955864275355225,1.2966366075498996,2.2059103447462007,-0.8286465158765282,2.524393052702351,4.75555169835647,4.033108739295855,2.8374903978986197,4.477435682096058,5.821463618036788,5.2087641343076,-4.097307380338108,7.6625317535375075,4.4327711564573065,-0.6838458678477792,1.0263093874986993,1.0146544048352837
datastructure,WB.DATA360:DS_DATA360(1.3),I,A,SLE,WB_WDI_NY_GDP_PCAP_KD_ZG,_T,_T,_T,PC_A,_Z,_Z,_Z,_Z,RATIO,2,WB_WDI,P1Y,0,A,PU,Annual,Sierra Leone,GDP per capita growth (annual %),Total,All age ranges or no breakdown by age,Total,Percentage change per annum,Not Applicable,Not Applicable,Not Applicable,Not Applicable,Ratio,Two,World Development Indicators (WDI),Annual,Units,Normal value,Public,0.22413363856502144,2.844248737378095,-0.00858666259134111,4.831220881727887,5.257859060621769,-0.1592546581955503,-1.8277373823933516,0.09994917705380146,6.493351013160108,6.5812303658197635,1.5586720129035996,-0.9341468977425365,0.3816939424221175,1.603669234834257,-0.18318801479169622,-2.22939810359523,-1.7865137660824502,0.4476486933012751,2.4916804749795887,2.7739262298194234,0.8215753181843439,2.652937001295115,-4.168440076367602,1.8375220738929414,-7.38497548183301,-1.2061324264572448,4.3938268498725535,-9.554998354324383,-1.7550167814615065,-0.6588509570680401,1.1602843535896596,-17.45976982490322,1.5997763548260195,-2.322738762803695,-8.133465473653644,1.2684362846738537,-7.083147219584944,0.7882227996256717,-2.4845491623900386,4.107498474418321,-11.716099448466537,19.430674044242963,5.122375380565174,2.939370416601264,1.584345550228079,2.007131185418203,1.4961315025558122,1.1290531944359685,-1.1672975048301026,3.5002192188052987,5.315958374306234,7.812995642748973,11.880086601812721,-9.991268684366943,-6.554875876215576,3.960563261789929,0.7746792477584421,0.5067442987673303,3.0817113774347575,-3.506777888695595,3.5152795706904385,2.9951900300615506,3.4147164163367876,2.1027333210887633,2.500156057487416
datastructure,WB.DATA360:DS_DATA360(1.3),I,A,KEN,WB_WDI_NY_GDP_PCAP_KD_ZG,_T,_T,_T,PC_A,_Z,_Z,_Z,_Z,RATIO,2,WB_WDI,P1Y,0,A,PU,Annual,Kenya,GDP per capita growth (annual %),Total,All age ranges or no breakdown by age,Total,Percentage change per annum,Not Applicable,Not Applicable,Not Applicable,Not Applicable,Ratio,Two,World Development Indicators (WDI),Annual,Units,Normal value,Public,-11.15136044190234,5.348567185164228,4.6346758911369506,0.9223655777925757,-1.9731708321516948,10.245378373703318,-0.6587111094346909,3.7967017121026743,3.8058166435814655,-8.254067592142405,17.820065627683974,13.081004000777654,2.3028802386503457,0.6001574265249872,-2.414863097742,-1.1098981744052736,5.879410243201022,3.2950316756188016,3.9502014523985025,1.9150641394664518,0.1289981058182832,-2.060713125461433,-2.3251867559766026,-1.9189371729291338,0.5696505562508207,3.408459451976782,2.2658611319335904,2.522596963611548,1.0826542002969006,0.668332502815062,-1.7955597548241116,-3.7937043713361334,-2.5823345363314303,-0.30421227344251633,1.4837374235438006,1.3190062666126607,-2.2336630798404826,0.47881111214398686,-0.6032575496901131,-2.386106932779626,0.5755767474943951,-2.5673628097737264,-0.1947980072169173,1.8911351327838304,2.7024410319511674,3.277154575069005,3.6697866621601776,-2.7588645638462026,0.23259839459986154,4.96811299885232,2.269522189647617,1.876707539044034,1.2633112906722062,2.5921835334223857,2.655893527954049,1.9379479558083545,1.6047518336192184,3.524047814917168,3.0700476944844866,-2.210321711852899,5.565136515904797,2.862812764897143,3.644255485774366,2.631379596654156,2.632894313537321
datastructure,WB.DATA360:DS_DATA360(1.3),I,A,UMC,WB_WDI_NY_GDP_PCAP_KD_ZG,_T,_T,_T,PC_A,_Z,_Z,_Z,_Z,RATIO,2,WB_WDI,P1Y,0,A,PU,Annual,Upper middle income,GDP per capita growth (annual %),Total,All age ranges or no breakdown by age,Total,Percentage change per annum,Not Applicable,Not Applicable,Not Applicable,Not Applicable,Ratio,Two,World Development Indicators (WDI),Annual,Units,Normal value,Public,-0.12664806659201133,1.4657352312371899,1.9296862123840697,5.919138792497989,5.005168067231764,3.4387475550566364,1.2444754666311297,4.20526510678485,5.484836585074433,5.498878510528442,3.9143498505296463,5.064994922817604,5.330732180898707,4.0048692698303086,2.4906308521215124,4.593121305357826,2.4996874640136184,2.012987147986678,3.7787371182829617,2.8984905503661906,0.19426511796898183,1.2443456833904207,-0.3709847086481659,3.2320511337691897,2.6074796407092435,1.8442052436929544,3.017302987926314,1.6327046987840248,1.2471283137483624,1.060194153485213,1.4772779020546807,3.007128893831549,4.432023543849397,4.198634521295389,3.2087854488778333,4.926974162436608,4.821348247713544,1.7402240281815722,2.131950216351086,4.86788810343306,2.4341312291650894,3.8752644656631787,4.971414986281246,6.881662041402279,6.567459108114917,7.5953428644464935,8.443368593796123,5.358019235554522,2.6341180035021523,7.557320988251178,5.928064117138504,4.794793619444832,4.676426230308877,4.043834780416901,3.633191703128233,3.743782652548333,4.52293926104565,4.134503200821143,3.5184887421577713,-1.07465650457317,7.112926515982437,3.233534453800061,4.313450513410515,3.8773733760031774,3.85087301927436
datastructure,WB.DATA360:DS_DATA360(1.3),I,A,LAO,WB_WDI_NY_GDP_PCAP_KD_ZG,_T,_T,_T,PC_A,_Z,_Z,_Z,_Z,RATIO,2,WB_WDI,P1Y,0,A,PU,Annual,Lao PDR,GDP per capita growth (annual %),Total,All age ranges or no breakdown by age,Total,Percentage change per annum,Not Applicable,Not Applicable,Not Applicable,Not Applicable,Ratio,Two,World Development Indicators (WDI),Annual,Units,Normal value,Public,,,,,,,,,,,,,,,,,,,,,,,,,2.2004186796871608,1.975016377792869,-4.187959038510542,-4.776921630663907,10.965350996285949,3.7107564838130997,1.40025340364474,2.676923880729902,3.077391718074992,5.366668891607446,4.421615029505816,4.46434380896963,4.6663448003354375,2.0608064708523415,5.447515780201201,4.037265324972466,4.0224966141151555,4.230976002589685,4.446458589432041,4.818315673178759,5.503616234889577,6.912946279330612,5.943924494262205,6.19878841672832,5.905638513143714,6.941165933253359,6.485365578828393,6.495135271034584,6.516421990421662,6.138425346447491,5.717029013113745,5.36288912313843,5.2271106715724045,4.609861719892081,3.8609127810946546,-0.9867156011071643,1.0610905999219398,1.2697005231296004,2.3111608757282056,2.725327026004166,3.16696670840642
datastructure,WB.DATA360:DS_DATA360(1.3),I,A,SYR,WB_WDI_NY_GDP_PCAP_KD_ZG,_T,_T,_T,PC_A,_Z,_Z,_Z,_Z,RATIO,2,WB_WDI,P1Y,0,A,PU,Annual,Syrian Arab Republic,GDP per capita growth (annual %),Total,All age ranges or no breakdown by age,Total,Percentage change per annum,Not Applicable,Not Applicable,Not Applicable,Not Applicable,Ratio,Two,World Development Indicators (WDI),Annual,Units,Normal value,Public,7.565565645495354,20.908845291233533,-11.354072471526777,5.981871006560624,-0.828367586194517,-10.519980670235014,4.8707540015717115,0.45790784044467614,14.990062280013163,-4.958800136858997,5.364435699366638,21.464737157673056,-13.440915947470003,21.62956396416085,12.46715469490232,8.478474752169674,-5.115320682187885,6.2362639770461925,-2.479832515945006,10.727417275054691,4.235027685549639,-0.5646094843627054,-1.112421292251625,-10.795129865133063,5.571120888242234,-11.108256603453967,-1.7646980130077878,14.071437182498371,-16.46066950064717,0.43957264304104626,4.3353804779544305,9.556743283542659,2.9952660133991174,4.097451943293279,4.037551084473947,6.890889335986046,2.3028455883869583,4.065988510336709,-5.976181907095452,-1.8042152252045582,1.276687000846394,5.283813530418939,-1.7762816891402338,4.293183076094834,3.521367475268633,0.6438275561000211,-0.6356666085175817,0.8433143024512191,4.271801112026054,2.8265832961791943,1.0714247061908821,-25.95591800449108,-22.582955997544516,-4.146637132071959,0.008568958325795961,-5.280319895693154,-0.8825738239716969,-0.4358627572599829,-2.636872438791272,-2.3826590969759422,-0.9371286789482269,-3.904904844950906,,,
datastructure,WB.DATA360:DS_DATA360(1.3),I,A,LCN,WB_WDI_NY_GDP_PCAP_KD_ZG,_T,_T,_T,PC_A,_Z,_Z,_Z,_Z,RATIO,2,WB_WDI,P1Y,0,A,PU,Annual,Latin America & Caribbean,GDP per capita growth (annual %),Total,All age ranges or no breakdown by age,Total,Percentage change per annum,Not Applicable,Not Applicable,Not Applicable,Not Applicable,Ratio,Two,World Development Indicators (WDI),Annual,Units,Normal value,Public,3.1332987566176485,1.6484394646410436,-0.6282240328333017,4.56167576755287,2.7795755543902345,2.0388811931184136,1.5908501324067572,4.417907954733494,3.9247639930337925,3.9833642233270155,4.076128469520171,4.381699083684893,5.393604191122421,3.581697303210518,1.2013336285310316,3.1068375413103126,2.5516381483472657,2.0988846659692086,4.764536914719628,3.930727356404404,-1.0241219207599528,-2.204719104695968,-4.571917799240438,1.7505560295320493,0.930740951759617,1.4839607034407436,1.3200368898996544,-1.1517137472647505,-0.7060738591483187,-2.0379614495740697,1.299618252304441,0.8523800316818608,2.4567003748139626,3.2638149193558803,-0.7260788547131796,2.212876988343254,3.795298968509968,1.33000974740591,-0.98973153447713,2.120931162350331,-0.8593433996023094,-1.1161098148549229,0.8988406520656014,4.406997561913627,2.8428583659240445,4.019511636300081,4.066359175716471,2.5050447014856303,-3.3913498350280804,5.001922007483444,3.2826601394872625,1.563081457616434,1.6569456556052131,0.17857630711057482,-0.7350701678462457,-1.663593549623144,0.6389877724975577,0.3690536836821394,-0.49403120334831385,-7.513922010826363,6.459602698737314,3.47347159273626,1.5060908472732422,1.549410181095908,1.6450671295916095
datastructure,WB.DATA360:DS_DATA360(1.3),I,A,AUS,WB_WDI_NY_GDP_PCAP_KD_ZG,_T,_T,_T,PC_A,_Z,_Z,_Z,_Z,RATIO,2,WB_WDI,P1Y,0,A,PU,Annual,Australia,GDP per capita growth (annual %),Total,All age ranges or no breakdown by age,Total,Percentage change per annum,Not Applicable,Not Applicable,Not Applicable,Not Applicable,Ratio,Two,World Development Indicators (WDI),Annual,Units,Normal value,Public,0.4619072737037868,-1.1454351360011543,4.196788196357531,4.898756356345089,3.920864284943491,0.06996905918454388,4.973445708319318,3.257343378025638,4.830356161531228,5.083820588389983,0.5442018266565043,2.0144632119704085,1.0616277264756917,1.5045147094458144,0.09868190840538205,1.5643562856800628,2.4317791627371577,-0.2711381846582981,2.933179586551688,1.7862266648800187,1.7409625968515883,1.5526360379488438,-3.554750628093103,3.3166427647012995,3.8885436620445404,2.4766632240772424,1.0085423147692154,4.045035947835672,2.1352723948971715,2.051335309415876,-1.646292760603771,-0.685109221290034,3.124408909345661,2.982238716166208,2.7395309280597218,2.6125172669228363,2.7995858857527054,3.6386460745381157,3.885498985736618,2.733546090114288,0.7297818691828013,2.774036149312195,1.9123248139223676,3.110570410616134,1.9073909576527512,1.3933984899891811,1.9124961383100185,1.5681198362492097,-0.12476874146119599,0.6322644960112314,0.9817716215159606,2.1533983277577136,0.902732553895234,1.0821814889093275,0.7045117997244574,1.1631281153860868,0.6225109872987105,1.3466306507712034,0.6952095637733748,-1.357747703207906,1.8633268700033625,2.917527279502025,1.092514033642928,-0.6185658614620166,-0.1915447203445808
datastructure,WB.DATA360:DS_DATA360(1.3),I,A,GTM,WB_WDI_NY_GDP_PCAP_KD_ZG,_T,_T,_T,PC_A,_Z,_Z,_Z,_Z,RATIO,2,WB_WDI,P1Y,0,A,PU,Annual,Guatemala,GDP per capita growth (annual %),Total,All age ranges or no breakdown by age,Total,Percentage change per annum,Not Applicable,Not Applicable,Not Applicable,Not Applicable,Ratio,Two,World Development Indicators (WDI),Annual,Units,Normal value,Public,1.2453046522317095,0.5148846169098249,6.377864296910985,1.637941582154312,1.3926826170990552,2.548040356933697,1.2284874435853226,5.806825764876706,1.9682074786311148,2.9680206274945675,2.888300487146452,4.604260429311566,4.058198265052866,3.7150125647928007,-0.5042023785866121,5.095050373581685,5.466423940064445,2.4360896141314186,2.125688751209381,1.1673365669260676,-1.8486135056452895,-5.723147508519972,-4.927820227856458,-2.2827160787438174,-3.382396203300644,-2.6006787157576383,0.7275544115315,1.023397746195755,1.0590639145981982,0.2552957138281471,0.8879687201430073,2.089387481742392,1.1907954599064823,1.2996509629916773,2.208283181796574,0.32603237783990835,1.7282266128078305,2.3412386208968172,1.2668325208237405,1.1764199887853692,0.00856424754331897,1.4864761702283715,0.27655048404140814,0.87051616698119,1.0647225561393157,3.146006198274989,4.121076025581132,1.1948125938613003,-1.505249538996864,0.8655254483730772,2.1075886022135393,0.9443669529304088,1.688644830067716,2.4832849111088535,2.202045904696149,0.8032255933162986,1.2220211319045546,1.6983628693482586,2.448136783905653,-3.220076570305096,6.560160562497856,2.700507038374255,1.9423760024577206,2.129278681508339,2.709114371047775
datastructure,WB.DATA360:DS_DATA360(1.3),I,A,EAP,WB_WDI_NY_GDP_PCAP_KD_ZG,_T,_T,_T,PC_A,_Z,_Z,_Z,_Z,RATIO,2,WB_WDI,P1Y,0,A,PU,Annual,East Asia & Pacific (excluding high income),GDP per capita growth (annual %),Total,All age ranges or no breakdown by age,Total,Percentage change per annum,Not Applicable,Not Applicable,Not Applicable,Not Applicable,Ratio,Two,World Development Indicators (WDI),Annual,Units,Normal value,Public,-13.39313366496306,-1.978613286788402,3.7935925116437517,8.1619601808207,8.1491046784884,5.127140944359638,-3.957710689229785,-0.885913660681453,8.450977677984909,10.459578351551428,3.958710048760338,2.34942726125729,5.783924835838576,1.7238021050133767,4.720443807484884,1.0019583528531228,5.7789180795774655,7.488220137596315,5.3471604086184215,5.838750109035786,3.9464110890067445,4.632651337582487,5.899124282034293,8.259432576296604,6.206080688063295,5.3745262448209985,7.309320100096727,7.885676271693015,3.9381756871327696,3.458394601669738,6.456769536667892,9.672692130670299,9.798716926211839,9.47274902171516,8.493523856841009,7.721821224084181,6.068146949136263,1.7893059453468965,5.308305913425528,6.648885326023674,5.983620612913597,7.192311753562947,8.101601744642778,8.27123496539184,9.166144665854063,10.19162801538998,11.567225532750868,7.802670551270012,7.207498572438368,9.082035257783573,7.738943741477684,6.644347609654417,6.400743604496455,6.155009739801358,5.850950613441071,5.714902807884343,5.861652387255063,5.8553577339864376,5.303855843358619,0.8860256836080111,7.381797016857178,3.3061863660567923,5.064774137811568,4.777878468693373,4.808111134473677
datastructure,WB.DATA360:DS_DATA360(1.3),I,A,NLD,WB_WDI_NY_GDP_PCAP_KD_ZG,_T,_T,_T,PC_A,_Z,_Z,_Z,_Z,RATIO,2,WB_WDI,P1Y,0,A,PU,Annual,Netherlands,GDP per capita growth (annual %),Total,All age ranges or no breakdown by age,Total,Percentage change per annum,Not Applicable,Not Applicable,Not Applicable,Not Applicable,Ratio,Two,World Development Indicators (WDI),Annual,Units,Normal value,Public,-1.014997738194097,5.332336781940143,2.2366314019016613,6.836068380153208,7.161981829141027,1.4088704066353728,4.093774302745487,5.316671680004404,5.20413701074402,4.833288620900959,3.0838584070117037,2.492243287045966,4.575449208463027,2.6312651991448206,-0.8854181012739559,3.6395442931328432,1.9126362577283942,2.066332998069271,1.3124054265392147,0.5431279838612966,-1.4619529869672476,-1.69259018872161,1.6836188179568694,2.6534035883112495,2.1029350425511666,2.2181314564854375,1.2865150707407338,2.7750434758228693,3.79556934033765,3.4682776351434796,1.6350545288472915,0.940015106518203,0.55424961175612,2.3421682234760794,2.6079733745672797,2.9445560883611677,3.7132160726879277,4.004388625089078,4.346606815492905,3.4774247585042986,1.5541129381457353,-0.3919935072602527,-0.3733087698073092,1.662416970124255,1.7958782001348936,3.3711342838405756,3.6596958388767717,1.719985131111116,-4.159444248164434,0.80099304285595,1.2997085764434075,-1.343585488416963,-0.3245386166332196,1.2475852700283667,1.6690224494120685,1.8806480971238955,2.1756532920581577,1.6633486959666044,1.63221248669214,-4.400568933801253,5.72194046869852,4.010978792141458,-1.577422540060013,0.4201636924109522,1.254832612329409
datastructure,WB.DATA360:DS_DATA360(1.3),I,A,RUS,WB_WDI_NY_GDP_PCAP_KD_ZG,_T,_T,_T,PC_A,_Z,_Z,_Z,_Z,RATIO,2,WB_WDI,P1Y,0,A,PU,Annual,Russian Federation,GDP per capita growth (annual %),Total,All age ranges or no breakdown by age,Total,Percentage change per annum,Not Applicable,Not Applicable,Not Applicable,Not Applicable,Ratio,Two,World Development Indicators (WDI),Annual,Units,Normal value,Public,,,,,,,,,,,,,,,,,,,,,,,,,,,,,,-3.1628359729669597,-5.318761909656317,-14.613917135803561,-8.6196861844154,-12.53978986086544,-4.122772365226027,-3.6149754949764628,1.5677041497550448,-5.1431153621187065,6.729502923350211,10.4637091559227,5.546718339326432,5.182750238249881,7.78796752390349,7.6324911823090815,6.806607652592092,8.554941474697372,8.685765481559656,5.246210018298655,-7.827749976723297,4.453096398347569,4.176976243681835,3.7627191550001555,1.453147678759322,-1.1219404174418628,-2.2762114110788048,-0.09048620047821032,1.6138732592420268,2.716592716605419,2.142026247173675,-2.526804317432223,6.218577408699517,-1.0971717625211141,4.377510970288441,4.556260993519061,
datastructure,WB.DATA360:DS_DATA360(1.3),I,A,URY,WB_WDI_NY_GDP_PCAP_KD_ZG,_T,_T,_T,PC_A,_Z,_Z,_Z,_Z,RATIO,2,WB_WDI,P1Y,0,A,PU,Annual,Uruguay,GDP per capita growth (annual %),Total,All age ranges or no breakdown by age,Total,Percentage change per annum,Not Applicable,Not Applicable,Not Applicable,Not Applicable,Ratio,Two,World Development Indicators (WDI),Annual,Units,Normal value,Public,1.2094166735830356,-2.760756162196344,-0.992752170102321,1.304832481047427,-0.009221438551207939,2.0550450037477503,-4.525350928266491,1.0629941687299862,5.125588681224414,1.7159815260028353,-0.8081272088415119,-1.8505249680810039,-0.27224125577249936,2.289245236187881,5.4181470108030965,3.249898213074516,0.8253792739432129,4.788573317509105,5.686598779150231,5.411343554402251,1.1725139650919516,-10.129273940236345,-10.673255962679136,-1.5940213237271479,0.9772358868181925,8.242662446646037,7.389381869681728,0.8833897304784273,0.5046003291774355,-0.2889789371908478,2.9435444340506933,7.3352269771667125,2.1162461097232494,6.7238088875736395,-1.9607176266149224,5.0220007742079105,7.974492892363344,4.004730001432577,-1.9668838955811907,-2.2959737496200887,-4.080389786300515,-7.861902406237334,0.7340391119110734,4.94141016509036,7.374347720263287,3.9803808269453356,6.3589275441386235,6.948172257219838,3.994261465658127,7.527646178230185,4.9015056135795305,3.2719608293143807,4.326754219615481,2.9005302021195973,0.022574555995021228,1.3507803768608113,1.465490792823985,-0.015101126880679772,0.8489679833783867,-7.405352348912231,5.915102109733311,4.784598850257879,0.8459731054652622,3.371310912434538,1.8418481805680358
datastructure,WB.DATA360:DS_DATA360(1.3),I,A,GHA,WB_WDI_NY_GDP_PCAP_KD_ZG,_T,_T,_T,PC_A,_Z,_Z,_Z,_Z,RATIO,2,WB_WDI,P1Y,0,A,PU,Annual,Ghana,GDP per capita growth (annual %),Total,All age ranges or no breakdown by age,Total,Percentage change per annum,Not Applicable,Not Applicable,Not Applicable,Not Applicable,Ratio,Two,World Development Indicators (WDI),Annual,Units,Normal value,Public,0.5206856881303992,1.6302471588011116,1.9421078355862988,-0.1949176929324068,-1.0340795934010174,-6.53387677338354,0.6156848609264216,-2.044711369626839,3.3878036607246855,6.829372391263462,2.3444238723984796,-5.19376048717281,-0.04300271973851011,3.7976990314339645,-14.93070655711638,-6.267280260262908,-0.6966570280681736,5.2300908922422025,-5.44695212886333,-2.424238824685901,-6.176507948380944,-9.589268901358423,-7.391096171244271,5.878649470189302,2.855821169602123,2.909236902931326,2.4195144542253217,3.120643535098509,2.493215689095308,0.7256708620090961,2.662047116250605,1.3290457785223708,2.292420636974299,0.8461217922036184,1.6840271461594511,2.1876195356425114,1.7468204899963098,2.184415210782646,1.8822326400830036,1.1270611757982891,1.2669243366550944,1.6652639048673024,2.3976065949686642,2.8398299585786617,3.158610995304741,3.6695080409383536,1.6917177752790309,6.414669925187539,2.2606889351300055,5.306175081637619,11.337041782457476,6.679747405946529,4.757963385248161,0.4522440939418715,-0.20832582041390424,1.047044067362222,5.780945858173965,4.018953383144748,4.390631334788637,-1.4683080165409166,3.038002700445631,1.8305124495806098,1.1902230448264106,3.8813186561721125,4.030010498094953
datastructure,WB.DATA360:DS_DATA360(1.3),I,A,OMN,WB_WDI_NY_GDP_PCAP_KD_ZG,_T,_T,_T,PC_A,_Z,_Z,_Z,_Z,RATIO,2,WB_WDI,P1Y,0,A,PU,Annual,Oman,GDP per capita growth (annual %),Total,All age ranges or no breakdown by age,Total,Percentage change per annum,Not Applicable,Not Applicable,Not Applicable,Not Applicable,Ratio,Two,World Development Indicators (WDI),Annual,Units,Normal value,Public,-0.6156403338582805,17.983311292867256,2.5022272715703906,-1.978920040595895,-1.7246532324960242,2.820688404415449,62.28555525529288,77.41001039880464,22.461097720265897,10.900254198100171,-1.8332540871869583,6.772472533639558,-16.69972635851329,7.646438426563407,19.340903332516305,15.237813988820477,-3.788922208346605,-8.506158865029064,-1.0339260645532988,0.5144944842863595,10.83981494993678,5.544727981948498,10.368426845325146,10.51390149349649,7.318559278013922,-4.3441309699285,-9.074620929432513,0.12261460880323227,5.91242628879651,-5.097198268306926,1.0599636194671689,3.5607492636871,1.6664379843665245,0.8740638005807995,3.0809066276125066,1.307045705331376,4.397841804469763,-1.4963372741519976,-1.0566768740579562,4.832648807491921,3.341352896237737,-1.9270959936619931,-3.2975946091853814,0.2525756579502314,0.4821381334587045,2.3809176622242347,2.7186585274531723,6.612418447277292,3.687175789813793,-0.23290639318538808,-7.78414520830087,-5.5720278389157585,-2.6441600230445346,-2.9727416533590514,0.4384503298689566,0.11855361430322375,-2.934903770161384,-0.04523823550097461,-0.9857332213621532,-1.911048576043754,3.0853045496459544,2.7395876467278413,-4.993929815881543,-2.837875925085399,-1.5743994129721415
datastructure,WB.DATA360:DS_DATA360(1.3),I,A,GAB,WB_WDI_NY_GDP_PCAP_KD_ZG,_T,_T,_T,PC_A,_Z,_Z,_Z,_Z,RATIO,2,WB_WDI,P1Y,0,A,PU,Annual,Gabon,GDP per capita growth (annual %),Total,All age ranges or no breakdown by age,Total,Percentage change per annum,Not Applicable,Not Applicable,Not Applicable,Not Applicable,Ratio,Two,World Development Indicators (WDI),Annual,Units,Normal value,Public,13.44925199435356,6.141959857870873,4.734369386763419,3.155948020560757,6.8161359285062275,2.9709087149634428,2.516746338239173,0.8699340440849141,6.041054451280175,6.386636793386785,7.992832685907999,9.075662588736705,7.917071869372492,36.53751697632316,16.579151998837062,32.53686672860732,-14.64237975821105,-25.892434006970817,-2.0230767668531655,-0.05258155937279696,2.360390147842523,-5.663584823331021,2.7800147382135947,4.607261798870695,-4.980607103963138,-3.5044232429425506,-19.412935152412544,9.749626875603454,5.583368862930186,2.3482848029829313,3.269310104645058,-5.662450015603497,1.2148515705625158,1.0302180706593447,2.310933566025014,1.0342766241894452,3.1049299323662183,0.8905803206432665,-11.224296890763327,-4.3871748201515,-0.5177624685802016,-2.885012357986085,-0.5053262523781115,-2.0910884449459104,-0.26244384560378364,-5.696083428743904,2.745244865607475,-6.37298501256997,-3.1468304905213813,3.4583507367765662,3.3593760032179887,1.5523078543640025,1.9848060951943154,0.8697848910547776,0.6932965754958644,-0.7918319800700004,-2.1636177414924873,-1.6880474356877926,1.3825759911969726,-4.155280832867248,-0.8452447889947763,0.7475336587460646,0.21097885823499496,1.1883528167879973,0.33192421676537265
datastructure,WB.DATA360:DS_DATA360(1.3),I,A,MAR,WB_WDI_NY_GDP_PCAP_KD_ZG,_T,_T,_T,PC_A,_Z,_Z,_Z,_Z,RATIO,2,WB_WDI,P1Y,0,A,PU,Annual,Morocco,GDP per capita growth (annual %),Total,All age ranges or no breakdown by age,Total,Percentage change per annum,Not Applicable,Not Applicable,Not Applicable,Not Applicable,Ratio,Two,World Development Indicators (WDI),Annual,Units,Normal value,Public,,,,,,,7.0839118825957,6.953817861692471,5.491123386412241,1.9216948935815594,2.8580489107293374,-0.10399457070565177,1.0279297359495416,3.043166641137617,5.013495001787604,8.167925879552953,3.400827013374027,-0.38880681929951777,2.0871868105478057,0.9065088242537342,-4.357022449310335,6.095585340327972,-1.2267530728956189,3.781666461697668,3.5043763996022363,6.906631474053015,-2.2959945064214224,9.74037643742669,0.9507648054133,1.5513814457275714,5.374165378436118,-3.7128772623033086,-2.3082713662060996,8.934930147759431,-6.850937355615542,10.62617699172334,-3.058480499353749,5.6191020810503005,0.19352726870258152,1.119234491717421,6.224629017007516,2.334860557076837,4.797592793512877,3.207134712394378,1.7849497198146196,6.31205425044466,2.0330270442035356,4.249780335170712,2.343925498420859,2.079764887205755,4.065610205866292,1.6638463835719364,2.757864877803698,1.4385249531453326,3.106347191915134,-0.6936166020375651,3.783712091163707,1.9141066327099452,1.816420555729053,-8.138669504058356,7.060629957482803,0.7790781504135964,2.5879346468235696,2.7749446791754053,
datastructure,WB.DATA360:DS_DATA360(1.3),I,A,ECU,WB_WDI_NY_GDP_PCAP_KD_ZG,_T,_T,_T,PC_A,_Z,_Z,_Z,_Z,RATIO,2,WB_WDI,P1Y,0,A,PU,Annual,Ecuador,GDP per capita growth (annual %),Total,All age ranges or no breakdown by age,Total,Percentage change per annum,Not Applicable,Not Applicable,Not Applicable,Not Applicable,Ratio,Two,World Development Indicators (WDI),Annual,Units,Normal value,Public,2.1984122137332065,1.9624433442900937,-0.8015829115101383,4.316328459997891,0.2756252760604241,-3.2540540720920177,1.5486578864702238,-1.088674275680944,1.5939932983337997,3.744086194984348,3.1966498671580155,1.9779193969868203,10.678998146861701,8.049343645828145,7.859212667784448,4.4241671207181525,-1.1747050306384779,2.8462982286748115,0.9582523038343282,0.952627019811672,2.8294876210121345,-2.0069154927576562,-2.919859704060215,-0.02512342129676881,1.296518131731176,0.9194139345769088,-2.6384896814332706,3.4415591501786054,-1.272792274574968,1.3850952864821409,2.062664351241807,-0.013416493192394796,-0.07594158015173491,2.2603716791063277,0.3265365992813969,-0.1669429550941146,2.4186008725259427,1.411645552581902,-6.416927560742124,-0.6482253875515909,2.4182076388856473,3.109353937466679,1.0854169266787181,4.976625491144702,3.5910337468279465,2.5636011108780536,0.17682312613622742,4.763183262840883,-0.6187436963646036,2.299025938148503,6.7152493105412105,4.112337995106657,5.617805734906838,2.7441230647264945,-1.302749850426352,-2.125508822019384,4.361954674059049,-0.6745589601766824,-1.5125315480752732,-10.310833916914191,8.577895441869416,5.028295969789596,0.9482582624306417,-2.7842885423930994,2.850210759520479
datastructure,WB.DATA360:DS_DATA360(1.3),I,A,PNG,WB_WDI_NY_GDP_PCAP_KD_ZG,_T,_T,_T,PC_A,_Z,_Z,_Z,_Z,RATIO,2,WB_WDI,P1Y,0,A,PU,Annual,Papua New Guinea,GDP per capita growth (annual %),Total,All age ranges or no breakdown by age,Total,Percentage change per annum,Not Applicable,Not Applicable,Not Applicable,Not Applicable,Ratio,Two,World Development Indicators (WDI),Annual,Units,Normal value,Public,3.533650557135587,3.94619691734745,1.7660750465022517,6.240981199848278,7.926111493618819,3.5012719420291347,1.7661170014599463,2.0342879435639247,5.790041174891343,8.246018248984626,3.777287811389641,3.1511691709496006,4.066717716220381,0.29781063602804636,-3.068377950742743,-5.487236219098534,-1.3256901463532529,6.259145260166093,-0.2799518991368757,-4.305450629246138,-2.3182008307041144,-1.7151750267210986,1.0760459174287291,-2.4489112841455096,1.7958479717204483,2.458974456964569,0.5708220478810802,0.7096784263346194,-3.6061193100776308,-5.5113137508433425,6.1324478186246125,9.890938498511744,13.984711113162646,2.174339373731655,-6.728163024718796,3.949243211381102,-7.26669749488677,-7.094043567038582,-1.6278261982349562,-5.800698818146614,-3.457957150859343,-3.4549360247166305,-1.1723144679097999,-0.5910088012627313,2.9626698579596535,2.101062378783496,4.476614136132852,-3.345403253239141,3.5784868670768475,6.8523101483138475,-1.797584717090757,1.7815640966618531,1.0574975755700535,10.603175085375781,3.8989789371626955,2.917910216519573,1.0869262716133932,-2.5699125497504696,2.148249649980613,-5.206887605736938,-2.4695196729344957,3.7357505521136147,1.9473445224542587,2.052447503915218,3.8092237087566048
datastructure,WB.DATA360:DS_DATA360(1.3),I,A,BWA,WB_WDI_NY_GDP_PCAP_KD_ZG,_T,_T,_T,PC_A,_Z,_Z,_Z,_Z,RATIO,2,WB_WDI,P1Y,0,A,PU,Annual,Botswana,GDP per capita growth (annual %),Total,All age ranges or no breakdown by age,Total,Percentage change per annum,Not Applicable,Not Applicable,Not Applicable,Not Applicable,Ratio,Two,World Development Indicators (WDI),Annual,Units,Normal value,Public,3.9710442256500187,4.2489326815114765,3.473026665385447,4.3231098302965165,4.26761564409675,5.754758707540944,5.3653377398334925,9.992793820079697,14.51549598497968,16.47190752972105,23.69496703549892,21.91049371729497,15.725053809099435,3.553518252637218,3.1875752078046133,5.085453592660642,6.259118615440244,7.646416963598625,5.618852740868704,7.717235396977685,5.4093706580233345,7.8009105981502245,9.159207714219747,4.786872270574975,3.469752495068562,4.5656068484727825,8.288303374183442,15.939493431742235,9.962246370653219,3.8762006085452327,4.5707317820370434,0.06253214706677568,-0.9604215411281984,0.7953697618555964,4.2588119460790494,3.2749972547158563,5.860027429790989,-1.7571097715149477,7.323082452663442,-0.16377271486857126,-1.791143000467585,4.093208373505064,2.8009737939559187,0.9206920819480331,2.69660633056192,6.361425591806125,3.761895522965503,1.1992313160418036,-15.899714907887471,7.821146993920777,4.75557328946104,-1.8317590038736427,9.438710739602612,4.170990129444107,-6.199954122454926,5.693194553883956,2.6459126098983035,2.7207143307998933,1.5763909406789907,-10.033238322274158,10.259647212854702,3.8236308432145307,1.5289381798400115,-4.356881964238497,-2.321731629601814
datastructure,WB.DATA360:DS_DATA360(1.3),I,A,ASM,WB_WDI_NY_GDP_PCAP_KD_ZG,_T,_T,_T,PC_A,_Z,_Z,_Z,_Z,RATIO,2,WB_WDI,P1Y,0,A,PU,Annual,American Samoa,GDP per capita growth (annual %),Total,All age ranges or no breakdown by age,Total,Percentage change per annum,Not Applicable,Not Applicable,Not Applicable,Not Applicable,Ratio,Two,World Development Indicators (WDI),Annual,Units,Normal value,Public,,,,,,,,,,,,,,,,,,,,,,,,,,,,,,,,,,,,,,,,,,,1.126789854971591,0.6802205373614498,-0.05459527011608145,-3.6849768553925912,2.325598280189894,-2.1604117742256363,-3.6489098592901996,0.8446815919917299,0.6066126241005492,-3.6220225851045313,-1.6280135540495593,2.7906124380986768,4.296623366876588,-0.48813758429712095,-5.799364048168485,4.038507121360553,0.8975846813976176,5.351787426250397,0.2978848203492248,3.593276062627922,,,
datastructure,WB.DATA360:DS_DATA360(1.3),I,A,PRT,WB_WDI_NY_GDP_PCAP_KD_ZG,_T,_T,_T,PC_A,_Z,_Z,_Z,_Z,RATIO,2,WB_WDI,P1Y,0,A,PU,Annual,Portugal,GDP per capita growth (annual %),Total,All age ranges or no breakdown by age,Total,Percentage change per annum,Not Applicable,Not Applicable,Not Applicable,Not Applicable,Ratio,Two,World Development Indicators (WDI),Annual,Units,Normal value,Public,4.688669528168134,5.847862056414073,5.447292179580245,6.251799484348879,7.908128749676607,4.865748048495917,8.228805541999762,9.342102279947227,3.041293621547652,10.085184226035977,7.084084084691327,8.182480109477169,11.166280337895088,-0.2581658766095103,-7.914607260886669,3.9027124599248424,4.487288369615854,1.7125896414434294,4.512542895251514,3.4643714103515464,0.7408013651027545,1.512893086757643,-0.6352016069100728,-2.2565788465296635,2.5266056975683995,4.046279034423023,6.410062708837344,7.600902531280738,6.5960716219110225,4.177328827108084,4.609033263817025,1.1681037872908036,-2.1630213734849235,0.693517750119014,3.9223733117832182,3.115805229764206,3.935797868430612,4.2796112692926584,3.3205096130954956,3.0890531320244605,1.2272632622176474,0.22054324102080614,-1.3017419389135796,1.545619950127147,0.5950380724855506,1.4419375641536902,2.305551845291845,0.1746999751442928,-3.214388823431719,1.690927475758258,-1.5688565518252773,-3.6611145213705782,-0.43919838797165767,1.2860464437955699,2.01139554784055,2.326430636218376,3.5670012618707716,3.1112365869710743,2.721302078487753,-8.30107079726919,4.899131071755633,6.242470311360208,1.6980339275463905,1.101074724143288,0.8256479535185406
datastructure,WB.DATA360:DS_DATA360(1.3),I,A,VEN,WB_WDI_NY_GDP_PCAP_KD_ZG,_T,_T,_T,PC_A,_Z,_Z,_Z,_Z,RATIO,2,WB_WDI,P1Y,0,A,PU,Annual,"Venezuela, RB",GDP per capita growth (annual %),Total,All age ranges or no breakdown by age,Total,Percentage change per annum,Not Applicable,Not Applicable,Not Applicable,Not Applicable,Ratio,Two,World Development Indicators (WDI),Annual,Units,Normal value,Public,-0.41760756250216957,4.8028876299145224,0.3800765927067289,7.411991267634235,0.7249450314508152,-1.8015535763274215,-0.4785220339263816,3.9355925969976226,-2.4204232312965814,4.424975706872104,-1.5736248839785105,-1.7154696274958638,3.9787229229945495,-0.8874076817509575,-0.06655735430516074,4.636811580545029,3.2319460973872367,-0.5628661719395751,-2.0740318551328585,-7.075199510435354,-3.9625164184939052,-0.20855963794736,-12.059216165985987,2.4106861594042073,-1.9532165364737182,3.451177649342796,2.219388799348266,3.747782120151925,-16.134840482637458,4.136183007575795,7.0017978543455115,3.582420177929052,-1.9761107551245658,-4.429963137954957,1.7524707013105996,-2.3143423943195103,4.186376100518885,-1.5221096547070516,-7.756646619845839,1.5930558086501065,1.5383688801809114,-10.361828803188487,-9.380208168534836,16.196229934201895,8.359103344124733,8.120925472620883,7.135065790501201,3.699370072922534,-4.387719146039771,-2.8674614216482723,2.7943116519759883,4.361756259313722,0.0892416425159297,-4.944951097587747,-7.1688457685292235,-17.628898810295425,-15.146217253475285,-17.600119231848225,-25.44423973051522,-28.605743849651162,1.3599718379524006,8.169569056837474,3.700133681600164,5.135948620741559,1.1740666349400186
datastructure,WB.DATA360:DS_DATA360(1.3),I,A,TEC,WB_WDI_NY_GDP_PCAP_KD_ZG,_T,_T,_T,PC_A,_Z,_Z,_Z,_Z,RATIO,2,WB_WDI,P1Y,0,A,PU,Annual,Europe & Central Asia (IDA & IBRD),GDP per capita growth (annual %),Total,All age ranges or no breakdown by age,Total,Percentage change per annum,Not Applicable,Not Applicable,Not Applicable,Not Applicable,Ratio,Two,World Development Indicators (WDI),Annual,Units,Normal value,Public,,,,,,,,,,,,,,,,,,,,,,,,,,,,,,-2.0746887020215894,-6.3524393810936175,-9.89456024514162,-4.923794437762751,-8.614040713768617,-0.19020987409736279,0.8643119934996975,2.8429681467349326,-0.7232715599768227,2.5138644691165837,7.43083010152435,2.734910711637667,5.0611577353248975,6.161061796798279,7.817335763777919,6.591890467118901,7.773910219523472,7.637129863889996,4.243416640001868,-5.0188566040068565,4.309576777461373,5.425823459373817,2.9829832357969366,2.8698829687996152,1.7808947531360104,0.9615699511309401,1.3920378386328878,3.901662805575114,3.3776914579703714,2.388971474953607,-1.638672071512957,7.536360484813187,2.449447982407648,4.36228570559156,3.7188871449162804,2.2702274685132693
datastructure,WB.DATA360:DS_DATA360(1.3),I,A,BIH,WB_WDI_NY_GDP_PCAP_KD_ZG,_T,_T,_T,PC_A,_Z,_Z,_Z,_Z,RATIO,2,WB_WDI,P1Y,0,A,PU,Annual,Bosnia and Herzegovina,GDP per capita growth (annual %),Total,All age ranges or no breakdown by age,Total,Percentage change per annum,Not Applicable,Not Applicable,Not Applicable,Not Applicable,Ratio,Two,World Development Indicators (WDI),Annual,Units,Normal value,Public,,,,,,,,,,,,,,,,,,,,,,,,,,,,,,,-9.545073567524227,-1.493699083659564,6.08947143721052,16.473762687248424,16.27567171647135,47.84541923951565,31.779012680064852,14.587985745823957,8.435742451955335,4.667607038326423,1.9413441907634592,4.812675161429453,4.102758628473339,7.289053939149937,5.025660971564136,6.275859793632165,7.173920727196801,7.201551284752256,-1.3106934120428804,2.673720428568771,2.839424259486023,1.1153201578636924,4.029414352502727,2.45997274934615,5.656035112012887,4.595970256232064,4.578688077895492,5.10677209046635,4.161095451572081,-1.657507076671692,9.193424805177557,5.531111180932854,2.6261684915635186,3.9060065403623128,2.914335226268065
datastructure,WB.DATA360:DS_DATA360(1.3),I,A,AFW,WB_WDI_NY_GDP_PCAP_KD_ZG,_T,_T,_T,PC_A,_Z,_Z,_Z,_Z,RATIO,2,WB_WDI,P1Y,0,A,PU,Annual,Africa Western and Central,GDP per capita growth (annual %),Total,All age ranges or no breakdown by age,Total,Percentage change per annum,Not Applicable,Not Applicable,Not Applicable,Not Applicable,Ratio,Two,World Development Indicators (WDI),Annual,Units,Normal value,Public,-0.2511846940011111,1.5384696157997553,4.740448204281037,3.0913477589802767,1.8369300263855592,-3.680592981723379,-10.975711803562405,-0.7011313582028009,12.346706404387731,14.511696535254728,7.771338018891001,0.6696936960775872,1.3343590608028535,7.096057621740613,-4.600501526379162,5.552778305746386,1.7580621493616206,-4.617548683199729,2.0991126879047073,-0.9759572458933832,-9.260458182902838,-6.028866702856149,-8.798313379568839,-2.111519161112014,2.486879975552455,-1.471514654811699,-1.327526969603582,1.9218925411539374,-1.056336641629585,2.8276759369739892,-1.5191525624476725,-0.4914109893250185,-3.9504094393085722,-2.8464583875425404,-0.8954224623599316,1.804823803366702,1.58406258152732,0.7990164022188821,-1.211377826302538,0.9992595029392675,2.343329896595108,6.896707081868271,2.6956216805756696,5.059308041202797,2.8369421134169244,2.3527146795592273,2.5090356018090176,3.2451318550382524,3.2111976778527236,4.052285233819902,2.000945333667275,2.251197021262442,3.196637663593748,2.853640680797781,0.20168751387592465,-2.454680673704715,-0.33593942356463913,0.3365036398082566,0.798449950611996,-5.988259289198297,0.15804442175546285,2.0802708926441085,1.2076036738668279,2.1177031900514294,2.2139477896170803
datastructure,WB.DATA360:DS_DATA360(1.3),I,A,SMR,WB_WDI_NY_GDP_PCAP_KD_ZG,_T,_T,_T,PC_A,_Z,_Z,_Z,_Z,RATIO,2,WB_WDI,P1Y,0,A,PU,Annual,San Marino,GDP per capita growth (annual %),Total,All age ranges or no breakdown by age,Total,Percentage change per annum,Not Applicable,Not Applicable,Not Applicable,Not Applicable,Ratio,Two,World Development Indicators (WDI),Annual,Units,Normal value,Public,,,,,,,,,,,,,,,,,,,,,,,,,,,,,,,,,,,,,,6.128725994303494,7.672796924329759,0.8830257800401426,4.240283369002086,-0.9590028432558739,2.5597718400727416,-1.1795679274358832,1.1240238840612164,2.6329967286990836,3.5848833240598026,-1.9182242207898383,-14.128776602067902,-6.053286507522188,-6.487814736474135,-9.402513148005838,0.5012329207287252,0.4713819107332995,1.5390167357016225,1.713668029645234,-1.8876966462592009,-0.5552603345396534,1.6505143468820194,-6.935190758709581,15.620285263769901,9.48711595874579,0.09058556411962115,,
datastructure,WB.DATA360:DS_DATA360(1.3),I,A,KWT,WB_WDI_NY_GDP_PCAP_KD_ZG,_T,_T,_T,PC_A,_Z,_Z,_Z,_Z,RATIO,2,WB_WDI,P1Y,0,A,PU,Annual,Kuwait,GDP per capita growth (annual %),Total,All age ranges or no breakdown by age,Total,Percentage change per annum,Not Applicable,Not Applicable,Not Applicable,Not Applicable,Ratio,Two,World Development Indicators (WDI),Annual,Units,Normal value,Public,,,,,,,,,,,0.11899633343068672,-2.3394657491254662,-12.046165016550077,-18.077033652529366,-17.55582653467009,-0.0728517532238584,-9.909464311045781,0.7631581147605573,7.242553140373829,-23.76308833602816,-22.951495581100716,-15.945596265304246,2.875689964380939,0.8258448535194844,-7.982026824658291,4.259283041197449,3.9069996517642664,-13.495651816326927,21.194246499856348,-2.906442674426785,-26.453108863935753,51.10350915816895,31.010410438807924,8.943698403764273,3.788701298482721,-2.228452379495664,-0.8190707555958454,0.4796898676213175,-4.669543694749606,1.7659643414754242,-2.4521415256966606,0.4212408978568476,14.550797691219898,7.816137758075612,6.6793567047624265,1.6976352381690987,-0.05858464440721889,-3.06795857769427,-11.864816474583108,-7.275882603000113,2.9993648805249506,0.0983286715542846,-3.7737163459855054,-3.8315724487886627,-3.8327010217198136,-1.431520535990245,-8.168791291643032,-1.2657011077952376,-0.471027490632153,-3.907749154731974,2.59077518987651,1.4371128405418432,-6.98656704450174,-2.3560771237669798,3.4067737340619146
datastructure,WB.DATA360:DS_DATA360(1.3),I,A,MRT,WB_WDI_NY_GDP_PCAP_KD_ZG,_T,_T,_T,PC_A,_Z,_Z,_Z,_Z,RATIO,2,WB_WDI,P1Y,0,A,PU,Annual,Mauritania,GDP per capita growth (annual %),Total,All age ranges or no breakdown by age,Total,Percentage change per annum,Not Applicable,Not Applicable,Not Applicable,Not Applicable,Ratio,Two,World Development Indicators (WDI),Annual,Units,Normal value,Public,,-1.9407489876376474,-4.64299557553764,24.143156908882645,12.837398694609178,-2.6827784385128695,0.5044090375656083,6.906115990288072,-1.7900988930959016,8.620465789711872,-1.2020640682603556,-3.677135045110518,-7.397111311229523,8.875116814638659,-7.892862123956164,5.4097175250373795,-4.664153606650714,-3.2869409823089484,1.8612010908077394,0.4759891068232065,0.5290300353829309,-5.111068247938633,0.7932344779651999,-5.974175104805354,0.06522180030388824,2.7127688480185412,-0.9920835497633078,-1.1760582906902215,2.1794641543438047,-4.228685168559537,-1.1423736870337677,-1.9506393459166986,1.676677978370435,-6.298255333153264,6.8480851478391,3.746998156898698,-6.158469667583944,0.14694491252602404,0.9384019701572015,-6.555624764895995,-3.2184032602511365,-0.835751864319576,4.509219351633249,2.300585014965307,5.965957078458331,15.4039449751116,-4.48587323087267,-3.1555760712238197,-2.9856873273380984,-0.6032773536961145,0.8465092936466903,1.1150244361436847,0.9355213050323101,1.1807023409152464,2.2558016414564435,-1.7297966805088976,3.142371503742055,1.7025704549682246,0.13930852413786,-3.2289541082693773,-2.1241772036224944,3.712730741827059,3.6874901098831856,3.2855217088952173,1.1777988965524457
datastructure,WB.DATA360:DS_DATA360(1.3),I,A,CRI,WB_WDI_NY_GDP_PCAP_KD_ZG,_T,_T,_T,PC_A,_Z,_Z,_Z,_Z,RATIO,2,WB_WDI,P1Y,0,A,PU,Annual,Costa Rica,GDP per capita growth (annual %),Total,All age ranges or no breakdown by age,Total,Percentage change per annum,Not Applicable,Not Applicable,Not Applicable,Not Applicable,Ratio,Two,World Development Indicators (WDI),Annual,Units,Normal value,Public,-1.8489229335033315,1.6416720642132816,3.135609528296925,0.12103354613093131,4.626846988839304,3.5797157231068724,2.435516812849386,5.342804479685384,2.5707350938966727,4.59930003786566,3.974673425019674,5.403672377530384,4.995260201387623,2.890291625910791,-0.48941343028631934,2.812778187923641,6.07689194805107,3.4762072766421994,2.1434416598820007,-1.9513755825821875,-4.887652628522346,-9.788830506089056,0.07467812223873693,5.090573234678345,-2.007721244881367,2.714599437652865,2.030774507852115,0.8044765606441473,3.037228799160502,0.9696653705691318,-0.3042591375964463,6.471888952182979,4.451878189014309,1.9844937241315677,1.677540129904159,-0.9973956827029582,3.119777814474702,4.79190926716646,2.010345453400859,1.8081915752056688,1.6529320035520527,1.722959690819053,2.7272870765517894,2.9006753692412843,2.484278918854116,5.834025183563014,6.759795088033201,3.327341380072241,-2.1893670068009072,4.06134321043838,3.183092766875589,3.6659687223788495,1.3600347473832244,2.4349950865250776,2.5566432625155215,3.1560705344917324,3.1787198857130505,1.9267557137393965,1.85075764226454,-4.803591296633002,7.669216927047302,5.0092593617689545,4.304198778251703,3.588166812054297,4.092822669392632
